2024-10-30 18:09:53,920 [CRITICAL] root logging_conf:log_exception 36:: Error Information:
Traceback (most recent call last):
  File "/storage/scratch/bhatt006/Repos/onto_pop_llm_which_factors_matter/src/onto_pop_llm_which_factors_matter/model/hugging_face/./predict.py", line 93, in <module>
    tokenizer = AutoTokenizer.from_pretrained(
                ^^^^^^^^^^^^^^^^^^^^^^^^^^^^^^
  File "/scratch/bhatt006/Repos/onto_pop_llm_which_factors_matter/.venv/lib/python3.12/site-packages/transformers/models/auto/tokenization_auto.py", line 857, in from_pretrained
    tokenizer_config = get_tokenizer_config(pretrained_model_name_or_path, **kwargs)
                       ^^^^^^^^^^^^^^^^^^^^^^^^^^^^^^^^^^^^^^^^^^^^^^^^^^^^^^^^^^^^^
  File "/scratch/bhatt006/Repos/onto_pop_llm_which_factors_matter/.venv/lib/python3.12/site-packages/transformers/models/auto/tokenization_auto.py", line 689, in get_tokenizer_config
    resolved_config_file = cached_file(
                           ^^^^^^^^^^^^
  File "/scratch/bhatt006/Repos/onto_pop_llm_which_factors_matter/.venv/lib/python3.12/site-packages/transformers/utils/hub.py", line 403, in cached_file
    resolved_file = hf_hub_download(
                    ^^^^^^^^^^^^^^^^
  File "/scratch/bhatt006/Repos/onto_pop_llm_which_factors_matter/.venv/lib/python3.12/site-packages/huggingface_hub/utils/_validators.py", line 114, in _inner_fn
    return fn(*args, **kwargs)
           ^^^^^^^^^^^^^^^^^^^
  File "/scratch/bhatt006/Repos/onto_pop_llm_which_factors_matter/.venv/lib/python3.12/site-packages/huggingface_hub/file_download.py", line 862, in hf_hub_download
    return _hf_hub_download_to_cache_dir(
           ^^^^^^^^^^^^^^^^^^^^^^^^^^^^^^
  File "/scratch/bhatt006/Repos/onto_pop_llm_which_factors_matter/.venv/lib/python3.12/site-packages/huggingface_hub/file_download.py", line 980, in _hf_hub_download_to_cache_dir
    os.makedirs(os.path.dirname(pointer_path), exist_ok=True)
  File "<frozen os>", line 225, in makedirs
OSError: [Errno 122] Disk quota exceeded: '/nethome/bhatt006/.cache/huggingface/hub/models--meta-llama--Meta-Llama-3-8B-Instruct/snapshots/5f0b02c75b57c5855da9ae460ce51323ea669d8a'
2024-10-30 18:12:51,458 [CRITICAL] root logging_conf:log_exception 36:: Error Information:
Traceback (most recent call last):
  File "/storage/scratch/bhatt006/Repos/onto_pop_llm_which_factors_matter/src/onto_pop_llm_which_factors_matter/model/hugging_face/./predict.py", line 93, in <module>
    tokenizer = AutoTokenizer.from_pretrained(
                ^^^^^^^^^^^^^^^^^^^^^^^^^^^^^^
  File "/scratch/bhatt006/Repos/onto_pop_llm_which_factors_matter/.venv/lib/python3.12/site-packages/transformers/models/auto/tokenization_auto.py", line 857, in from_pretrained
    tokenizer_config = get_tokenizer_config(pretrained_model_name_or_path, **kwargs)
                       ^^^^^^^^^^^^^^^^^^^^^^^^^^^^^^^^^^^^^^^^^^^^^^^^^^^^^^^^^^^^^
  File "/scratch/bhatt006/Repos/onto_pop_llm_which_factors_matter/.venv/lib/python3.12/site-packages/transformers/models/auto/tokenization_auto.py", line 689, in get_tokenizer_config
    resolved_config_file = cached_file(
                           ^^^^^^^^^^^^
  File "/scratch/bhatt006/Repos/onto_pop_llm_which_factors_matter/.venv/lib/python3.12/site-packages/transformers/utils/hub.py", line 403, in cached_file
    resolved_file = hf_hub_download(
                    ^^^^^^^^^^^^^^^^
  File "/scratch/bhatt006/Repos/onto_pop_llm_which_factors_matter/.venv/lib/python3.12/site-packages/huggingface_hub/utils/_validators.py", line 114, in _inner_fn
    return fn(*args, **kwargs)
           ^^^^^^^^^^^^^^^^^^^
  File "/scratch/bhatt006/Repos/onto_pop_llm_which_factors_matter/.venv/lib/python3.12/site-packages/huggingface_hub/file_download.py", line 862, in hf_hub_download
    return _hf_hub_download_to_cache_dir(
           ^^^^^^^^^^^^^^^^^^^^^^^^^^^^^^
  File "/scratch/bhatt006/Repos/onto_pop_llm_which_factors_matter/.venv/lib/python3.12/site-packages/huggingface_hub/file_download.py", line 980, in _hf_hub_download_to_cache_dir
    os.makedirs(os.path.dirname(pointer_path), exist_ok=True)
  File "<frozen os>", line 225, in makedirs
OSError: [Errno 122] Disk quota exceeded: '/nethome/bhatt006/.cache/huggingface/hub/models--meta-llama--Meta-Llama-3-8B-Instruct/snapshots/5f0b02c75b57c5855da9ae460ce51323ea669d8a'
2024-10-30 18:15:18,060 [CRITICAL] root logging_conf:log_exception 36:: Error Information:
Traceback (most recent call last):
  File "/storage/scratch/bhatt006/Repos/onto_pop_llm_which_factors_matter/src/onto_pop_llm_which_factors_matter/model/hugging_face/predict.py", line 93, in <module>
    tokenizer = AutoTokenizer.from_pretrained(
                ^^^^^^^^^^^^^^^^^^^^^^^^^^^^^^
  File "/storage/scratch/bhatt006/Repos/onto_pop_llm_which_factors_matter/.venv/lib/python3.12/site-packages/transformers/models/auto/tokenization_auto.py", line 857, in from_pretrained
    tokenizer_config = get_tokenizer_config(pretrained_model_name_or_path, **kwargs)
                       ^^^^^^^^^^^^^^^^^^^^^^^^^^^^^^^^^^^^^^^^^^^^^^^^^^^^^^^^^^^^^
  File "/storage/scratch/bhatt006/Repos/onto_pop_llm_which_factors_matter/.venv/lib/python3.12/site-packages/transformers/models/auto/tokenization_auto.py", line 689, in get_tokenizer_config
    resolved_config_file = cached_file(
                           ^^^^^^^^^^^^
  File "/storage/scratch/bhatt006/Repos/onto_pop_llm_which_factors_matter/.venv/lib/python3.12/site-packages/transformers/utils/hub.py", line 403, in cached_file
    resolved_file = hf_hub_download(
                    ^^^^^^^^^^^^^^^^
  File "/storage/scratch/bhatt006/Repos/onto_pop_llm_which_factors_matter/.venv/lib/python3.12/site-packages/huggingface_hub/utils/_validators.py", line 114, in _inner_fn
    return fn(*args, **kwargs)
           ^^^^^^^^^^^^^^^^^^^
  File "/storage/scratch/bhatt006/Repos/onto_pop_llm_which_factors_matter/.venv/lib/python3.12/site-packages/huggingface_hub/file_download.py", line 862, in hf_hub_download
    return _hf_hub_download_to_cache_dir(
           ^^^^^^^^^^^^^^^^^^^^^^^^^^^^^^
  File "/storage/scratch/bhatt006/Repos/onto_pop_llm_which_factors_matter/.venv/lib/python3.12/site-packages/huggingface_hub/file_download.py", line 980, in _hf_hub_download_to_cache_dir
    os.makedirs(os.path.dirname(pointer_path), exist_ok=True)
  File "<frozen os>", line 225, in makedirs
OSError: [Errno 122] Disk quota exceeded: '/nethome/bhatt006/.cache/huggingface/hub/models--meta-llama--Meta-Llama-3-8B-Instruct/snapshots/5f0b02c75b57c5855da9ae460ce51323ea669d8a'
2024-10-30 18:19:33,341 [CRITICAL] root logging_conf:log_exception 36:: Error Information:
Traceback (most recent call last):
  File "/storage/scratch/bhatt006/Repos/onto_pop_llm_which_factors_matter/src/onto_pop_llm_which_factors_matter/model/hugging_face/predict.py", line 93, in <module>
    tokenizer = AutoTokenizer.from_pretrained(
                ^^^^^^^^^^^^^^^^^^^^^^^^^^^^^^
  File "/storage/scratch/bhatt006/Repos/onto_pop_llm_which_factors_matter/.venv/lib/python3.12/site-packages/transformers/models/auto/tokenization_auto.py", line 857, in from_pretrained
    tokenizer_config = get_tokenizer_config(pretrained_model_name_or_path, **kwargs)
                       ^^^^^^^^^^^^^^^^^^^^^^^^^^^^^^^^^^^^^^^^^^^^^^^^^^^^^^^^^^^^^
  File "/storage/scratch/bhatt006/Repos/onto_pop_llm_which_factors_matter/.venv/lib/python3.12/site-packages/transformers/models/auto/tokenization_auto.py", line 689, in get_tokenizer_config
    resolved_config_file = cached_file(
                           ^^^^^^^^^^^^
  File "/storage/scratch/bhatt006/Repos/onto_pop_llm_which_factors_matter/.venv/lib/python3.12/site-packages/transformers/utils/hub.py", line 403, in cached_file
    resolved_file = hf_hub_download(
                    ^^^^^^^^^^^^^^^^
  File "/storage/scratch/bhatt006/Repos/onto_pop_llm_which_factors_matter/.venv/lib/python3.12/site-packages/huggingface_hub/utils/_validators.py", line 114, in _inner_fn
    return fn(*args, **kwargs)
           ^^^^^^^^^^^^^^^^^^^
  File "/storage/scratch/bhatt006/Repos/onto_pop_llm_which_factors_matter/.venv/lib/python3.12/site-packages/huggingface_hub/file_download.py", line 862, in hf_hub_download
    return _hf_hub_download_to_cache_dir(
           ^^^^^^^^^^^^^^^^^^^^^^^^^^^^^^
  File "/storage/scratch/bhatt006/Repos/onto_pop_llm_which_factors_matter/.venv/lib/python3.12/site-packages/huggingface_hub/file_download.py", line 980, in _hf_hub_download_to_cache_dir
    os.makedirs(os.path.dirname(pointer_path), exist_ok=True)
  File "<frozen os>", line 225, in makedirs
OSError: [Errno 122] Disk quota exceeded: '/nethome/bhatt006/.cache/huggingface/hub/models--meta-llama--Meta-Llama-3-8B-Instruct/snapshots/5f0b02c75b57c5855da9ae460ce51323ea669d8a'
2024-10-30 18:32:01,514 [CRITICAL] root logging_conf:log_exception 36:: Error Information:
Traceback (most recent call last):
  File "/storage/scratch/bhatt006/Repos/onto_pop_llm_which_factors_matter/src/onto_pop_llm_which_factors_matter/model/hugging_face/./predict.py", line 93, in <module>
    tokenizer = AutoTokenizer.from_pretrained(
                ^^^^^^^^^^^^^^^^^^^^^^^^^^^^^^
  File "/scratch/bhatt006/Repos/onto_pop_llm_which_factors_matter/.venv/lib/python3.12/site-packages/transformers/models/auto/tokenization_auto.py", line 857, in from_pretrained
    tokenizer_config = get_tokenizer_config(pretrained_model_name_or_path, **kwargs)
                       ^^^^^^^^^^^^^^^^^^^^^^^^^^^^^^^^^^^^^^^^^^^^^^^^^^^^^^^^^^^^^
  File "/scratch/bhatt006/Repos/onto_pop_llm_which_factors_matter/.venv/lib/python3.12/site-packages/transformers/models/auto/tokenization_auto.py", line 689, in get_tokenizer_config
    resolved_config_file = cached_file(
                           ^^^^^^^^^^^^
  File "/scratch/bhatt006/Repos/onto_pop_llm_which_factors_matter/.venv/lib/python3.12/site-packages/transformers/utils/hub.py", line 403, in cached_file
    resolved_file = hf_hub_download(
                    ^^^^^^^^^^^^^^^^
  File "/scratch/bhatt006/Repos/onto_pop_llm_which_factors_matter/.venv/lib/python3.12/site-packages/huggingface_hub/utils/_validators.py", line 114, in _inner_fn
    return fn(*args, **kwargs)
           ^^^^^^^^^^^^^^^^^^^
  File "/scratch/bhatt006/Repos/onto_pop_llm_which_factors_matter/.venv/lib/python3.12/site-packages/huggingface_hub/file_download.py", line 862, in hf_hub_download
    return _hf_hub_download_to_cache_dir(
           ^^^^^^^^^^^^^^^^^^^^^^^^^^^^^^
  File "/scratch/bhatt006/Repos/onto_pop_llm_which_factors_matter/.venv/lib/python3.12/site-packages/huggingface_hub/file_download.py", line 980, in _hf_hub_download_to_cache_dir
    os.makedirs(os.path.dirname(pointer_path), exist_ok=True)
  File "<frozen os>", line 225, in makedirs
OSError: [Errno 122] Disk quota exceeded: '/nethome/bhatt006/.cache/huggingface/hub/models--meta-llama--Meta-Llama-3-8B-Instruct/snapshots/5f0b02c75b57c5855da9ae460ce51323ea669d8a'
2024-10-30 18:34:18,420 [CRITICAL] root logging_conf:log_exception 36:: Error Information:
Traceback (most recent call last):
  File "/scratch/bhatt006/Repos/onto_pop_llm_which_factors_matter/.venv/lib/python3.12/importlib/metadata/__init__.py", line 397, in from_name
    return next(cls.discover(name=name))
           ^^^^^^^^^^^^^^^^^^^^^^^^^^^^^
StopIteration

During handling of the above exception, another exception occurred:

Traceback (most recent call last):
  File "/storage/scratch/bhatt006/Repos/onto_pop_llm_which_factors_matter/src/onto_pop_llm_which_factors_matter/model/hugging_face/./predict.py", line 103, in <module>
    model = initialize_model(run_args)
            ^^^^^^^^^^^^^^^^^^^^^^^^^^
  File "/storage/scratch/bhatt006/Repos/onto_pop_llm_which_factors_matter/src/onto_pop_llm_which_factors_matter/model/hugging_face/initialize_model.py", line 24, in initialize_model
    quantization_config = BitsAndBytesConfig(
                          ^^^^^^^^^^^^^^^^^^^
  File "/scratch/bhatt006/Repos/onto_pop_llm_which_factors_matter/.venv/lib/python3.12/site-packages/transformers/utils/quantization_config.py", line 417, in __init__
    self.post_init()
  File "/scratch/bhatt006/Repos/onto_pop_llm_which_factors_matter/.venv/lib/python3.12/site-packages/transformers/utils/quantization_config.py", line 475, in post_init
    if self.load_in_4bit and not version.parse(importlib.metadata.version("bitsandbytes")) >= version.parse(
                                               ^^^^^^^^^^^^^^^^^^^^^^^^^^^^^^^^^^^^^^^^^^
  File "/scratch/bhatt006/Repos/onto_pop_llm_which_factors_matter/.venv/lib/python3.12/importlib/metadata/__init__.py", line 889, in version
    return distribution(distribution_name).version
           ^^^^^^^^^^^^^^^^^^^^^^^^^^^^^^^
  File "/scratch/bhatt006/Repos/onto_pop_llm_which_factors_matter/.venv/lib/python3.12/importlib/metadata/__init__.py", line 862, in distribution
    return Distribution.from_name(distribution_name)
           ^^^^^^^^^^^^^^^^^^^^^^^^^^^^^^^^^^^^^^^^^
  File "/scratch/bhatt006/Repos/onto_pop_llm_which_factors_matter/.venv/lib/python3.12/importlib/metadata/__init__.py", line 399, in from_name
    raise PackageNotFoundError(name)
importlib.metadata.PackageNotFoundError: No package metadata was found for bitsandbytes
2024-10-30 18:37:51,751 [DEBUG] bitsandbytes.cextension cextension:get_native_library 90:: Loading bitsandbytes native library from: /scratch/bhatt006/Repos/onto_pop_llm_which_factors_matter/.venv/lib/python3.12/site-packages/bitsandbytes/libbitsandbytes_cuda124.so
2024-10-30 18:44:23,926 [CRITICAL] root logging_conf:log_exception 36:: Error Information:
Traceback (most recent call last):
  File "/storage/scratch/bhatt006/Repos/onto_pop_llm_which_factors_matter/src/onto_pop_llm_which_factors_matter/model/hugging_face/./predict.py", line 108, in <module>
    label_mapping, df = predict(model, tokenizer, test_data, run_args)
                        ^^^^^^^^^^^^^^^^^^^^^^^^^^^^^^^^^^^^^^^^^^^^^^
  File "/storage/scratch/bhatt006/Repos/onto_pop_llm_which_factors_matter/src/onto_pop_llm_which_factors_matter/model/hugging_face/./predict.py", line 18, in predict
    inst, cl, prompt, label = next(test_data)
    ^^^^^^^^^^^^^^^^^^^^^^^
ValueError: not enough values to unpack (expected 4, got 3)
2024-10-30 18:47:13,916 [DEBUG] bitsandbytes.cextension cextension:get_native_library 90:: Loading bitsandbytes native library from: /scratch/bhatt006/Repos/onto_pop_llm_which_factors_matter/.venv/lib/python3.12/site-packages/bitsandbytes/libbitsandbytes_cuda124.so
2024-10-30 18:47:24,388 [CRITICAL] root logging_conf:log_exception 36:: Error Information:
Traceback (most recent call last):
  File "/storage/scratch/bhatt006/Repos/onto_pop_llm_which_factors_matter/src/onto_pop_llm_which_factors_matter/model/hugging_face/./predict.py", line 108, in <module>
    label_mapping, df = predict(model, tokenizer, test_data, run_args)
                        ^^^^^^^^^^^^^^^^^^^^^^^^^^^^^^^^^^^^^^^^^^^^^^
  File "/storage/scratch/bhatt006/Repos/onto_pop_llm_which_factors_matter/src/onto_pop_llm_which_factors_matter/model/hugging_face/./predict.py", line 18, in predict
    inst, cl, prompt, label = next(test_data)
    ^^^^^^^^^^^^^^^^^^^^^^^
ValueError: not enough values to unpack (expected 4, got 3)
2024-10-30 18:48:47,165 [DEBUG] bitsandbytes.cextension cextension:get_native_library 90:: Loading bitsandbytes native library from: /scratch/bhatt006/Repos/onto_pop_llm_which_factors_matter/.venv/lib/python3.12/site-packages/bitsandbytes/libbitsandbytes_cuda124.so
2024-10-30 18:48:56,920 [CRITICAL] root logging_conf:log_exception 36:: Error Information:
Traceback (most recent call last):
  File "/storage/scratch/bhatt006/Repos/onto_pop_llm_which_factors_matter/src/onto_pop_llm_which_factors_matter/model/hugging_face/./predict.py", line 109, in <module>
    label_mapping, df = predict(model, tokenizer, test_data, run_args)
                        ^^^^^^^^^^^^^^^^^^^^^^^^^^^^^^^^^^^^^^^^^^^^^^
  File "/storage/scratch/bhatt006/Repos/onto_pop_llm_which_factors_matter/src/onto_pop_llm_which_factors_matter/model/hugging_face/./predict.py", line 18, in predict
    (inst, cl), prompt, label = next(test_data)
    ^^^^^^^^^^
ValueError: too many values to unpack (expected 2)
2024-10-30 18:50:14,663 [DEBUG] bitsandbytes.cextension cextension:get_native_library 90:: Loading bitsandbytes native library from: /scratch/bhatt006/Repos/onto_pop_llm_which_factors_matter/.venv/lib/python3.12/site-packages/bitsandbytes/libbitsandbytes_cuda124.so
2024-10-30 18:50:55,216 [CRITICAL] root logging_conf:log_exception 36:: Error Information:
Traceback (most recent call last):
  File "/storage/scratch/bhatt006/Repos/onto_pop_llm_which_factors_matter/src/onto_pop_llm_which_factors_matter/model/hugging_face/./predict.py", line 108, in <module>
    label_mapping, df = predict(model, tokenizer, test_data, run_args)
                        ^^^^^^^^^^^^^^^^^^^^^^^^^^^^^^^^^^^^^^^^^^^^^^
  File "/storage/scratch/bhatt006/Repos/onto_pop_llm_which_factors_matter/src/onto_pop_llm_which_factors_matter/model/hugging_face/./predict.py", line 21, in predict
    response = model.generate(
               ^^^^^^^^^^^^^^^
  File "/scratch/bhatt006/Repos/onto_pop_llm_which_factors_matter/.venv/lib/python3.12/site-packages/torch/utils/_contextlib.py", line 116, in decorate_context
    return func(*args, **kwargs)
           ^^^^^^^^^^^^^^^^^^^^^
  File "/scratch/bhatt006/Repos/onto_pop_llm_which_factors_matter/.venv/lib/python3.12/site-packages/transformers/generation/utils.py", line 2215, in generate
    result = self._sample(
             ^^^^^^^^^^^^^
  File "/scratch/bhatt006/Repos/onto_pop_llm_which_factors_matter/.venv/lib/python3.12/site-packages/transformers/generation/utils.py", line 3206, in _sample
    outputs = self(**model_inputs, return_dict=True)
              ^^^^^^^^^^^^^^^^^^^^^^^^^^^^^^^^^^^^^^
  File "/scratch/bhatt006/Repos/onto_pop_llm_which_factors_matter/.venv/lib/python3.12/site-packages/torch/nn/modules/module.py", line 1736, in _wrapped_call_impl
    return self._call_impl(*args, **kwargs)
           ^^^^^^^^^^^^^^^^^^^^^^^^^^^^^^^^
  File "/scratch/bhatt006/Repos/onto_pop_llm_which_factors_matter/.venv/lib/python3.12/site-packages/torch/nn/modules/module.py", line 1747, in _call_impl
    return forward_call(*args, **kwargs)
           ^^^^^^^^^^^^^^^^^^^^^^^^^^^^^
  File "/scratch/bhatt006/Repos/onto_pop_llm_which_factors_matter/.venv/lib/python3.12/site-packages/accelerate/hooks.py", line 170, in new_forward
    output = module._old_forward(*args, **kwargs)
             ^^^^^^^^^^^^^^^^^^^^^^^^^^^^^^^^^^^^
  File "/scratch/bhatt006/Repos/onto_pop_llm_which_factors_matter/.venv/lib/python3.12/site-packages/transformers/models/llama/modeling_llama.py", line 1190, in forward
    outputs = self.model(
              ^^^^^^^^^^^
  File "/scratch/bhatt006/Repos/onto_pop_llm_which_factors_matter/.venv/lib/python3.12/site-packages/torch/nn/modules/module.py", line 1736, in _wrapped_call_impl
    return self._call_impl(*args, **kwargs)
           ^^^^^^^^^^^^^^^^^^^^^^^^^^^^^^^^
  File "/scratch/bhatt006/Repos/onto_pop_llm_which_factors_matter/.venv/lib/python3.12/site-packages/torch/nn/modules/module.py", line 1747, in _call_impl
    return forward_call(*args, **kwargs)
           ^^^^^^^^^^^^^^^^^^^^^^^^^^^^^
  File "/scratch/bhatt006/Repos/onto_pop_llm_which_factors_matter/.venv/lib/python3.12/site-packages/accelerate/hooks.py", line 170, in new_forward
    output = module._old_forward(*args, **kwargs)
             ^^^^^^^^^^^^^^^^^^^^^^^^^^^^^^^^^^^^
  File "/scratch/bhatt006/Repos/onto_pop_llm_which_factors_matter/.venv/lib/python3.12/site-packages/transformers/models/llama/modeling_llama.py", line 921, in forward
    position_embeddings = self.rotary_emb(hidden_states, position_ids)
                          ^^^^^^^^^^^^^^^^^^^^^^^^^^^^^^^^^^^^^^^^^^^^
  File "/scratch/bhatt006/Repos/onto_pop_llm_which_factors_matter/.venv/lib/python3.12/site-packages/torch/nn/modules/module.py", line 1736, in _wrapped_call_impl
    return self._call_impl(*args, **kwargs)
           ^^^^^^^^^^^^^^^^^^^^^^^^^^^^^^^^
  File "/scratch/bhatt006/Repos/onto_pop_llm_which_factors_matter/.venv/lib/python3.12/site-packages/torch/nn/modules/module.py", line 1747, in _call_impl
    return forward_call(*args, **kwargs)
           ^^^^^^^^^^^^^^^^^^^^^^^^^^^^^
  File "/scratch/bhatt006/Repos/onto_pop_llm_which_factors_matter/.venv/lib/python3.12/site-packages/torch/utils/_contextlib.py", line 116, in decorate_context
    return func(*args, **kwargs)
           ^^^^^^^^^^^^^^^^^^^^^
  File "/scratch/bhatt006/Repos/onto_pop_llm_which_factors_matter/.venv/lib/python3.12/site-packages/transformers/models/llama/modeling_llama.py", line 158, in forward
    freqs = (inv_freq_expanded.float() @ position_ids_expanded.float()).transpose(1, 2)
             ~~~~~~~~~~~~~~~~~~~~~~~~~~^~~~~~~~~~~~~~~~~~~~~~~~~~~~~~~
  File "/scratch/bhatt006/Repos/onto_pop_llm_which_factors_matter/.venv/lib/python3.12/site-packages/torch/utils/_device.py", line 102, in __torch_function__
    def __torch_function__(self, func, types, args=(), kwargs=None):
    
KeyboardInterrupt
2024-10-30 18:51:27,193 [DEBUG] bitsandbytes.cextension cextension:get_native_library 90:: Loading bitsandbytes native library from: /scratch/bhatt006/Repos/onto_pop_llm_which_factors_matter/.venv/lib/python3.12/site-packages/bitsandbytes/libbitsandbytes_cuda124.so
2024-10-30 18:51:55,369 [CRITICAL] root logging_conf:log_exception 36:: Error Information:
Traceback (most recent call last):
  File "/storage/scratch/bhatt006/Repos/onto_pop_llm_which_factors_matter/src/onto_pop_llm_which_factors_matter/model/hugging_face/./predict.py", line 109, in <module>
    label_mapping, df = predict(model, tokenizer, test_data, run_args)
                        ^^^^^^^^^^^^^^^^^^^^^^^^^^^^^^^^^^^^^^^^^^^^^^
  File "/storage/scratch/bhatt006/Repos/onto_pop_llm_which_factors_matter/src/onto_pop_llm_which_factors_matter/model/hugging_face/./predict.py", line 22, in predict
    response = model.generate(
               ^^^^^^^^^^^^^^^
  File "/scratch/bhatt006/Repos/onto_pop_llm_which_factors_matter/.venv/lib/python3.12/site-packages/torch/utils/_contextlib.py", line 116, in decorate_context
    return func(*args, **kwargs)
           ^^^^^^^^^^^^^^^^^^^^^
  File "/scratch/bhatt006/Repos/onto_pop_llm_which_factors_matter/.venv/lib/python3.12/site-packages/transformers/generation/utils.py", line 2215, in generate
    result = self._sample(
             ^^^^^^^^^^^^^
  File "/scratch/bhatt006/Repos/onto_pop_llm_which_factors_matter/.venv/lib/python3.12/site-packages/transformers/generation/utils.py", line 3206, in _sample
    outputs = self(**model_inputs, return_dict=True)
              ^^^^^^^^^^^^^^^^^^^^^^^^^^^^^^^^^^^^^^
  File "/scratch/bhatt006/Repos/onto_pop_llm_which_factors_matter/.venv/lib/python3.12/site-packages/torch/nn/modules/module.py", line 1736, in _wrapped_call_impl
    return self._call_impl(*args, **kwargs)
           ^^^^^^^^^^^^^^^^^^^^^^^^^^^^^^^^
  File "/scratch/bhatt006/Repos/onto_pop_llm_which_factors_matter/.venv/lib/python3.12/site-packages/torch/nn/modules/module.py", line 1747, in _call_impl
    return forward_call(*args, **kwargs)
           ^^^^^^^^^^^^^^^^^^^^^^^^^^^^^
  File "/scratch/bhatt006/Repos/onto_pop_llm_which_factors_matter/.venv/lib/python3.12/site-packages/accelerate/hooks.py", line 170, in new_forward
    output = module._old_forward(*args, **kwargs)
             ^^^^^^^^^^^^^^^^^^^^^^^^^^^^^^^^^^^^
  File "/scratch/bhatt006/Repos/onto_pop_llm_which_factors_matter/.venv/lib/python3.12/site-packages/transformers/models/llama/modeling_llama.py", line 1190, in forward
    outputs = self.model(
              ^^^^^^^^^^^
  File "/scratch/bhatt006/Repos/onto_pop_llm_which_factors_matter/.venv/lib/python3.12/site-packages/torch/nn/modules/module.py", line 1736, in _wrapped_call_impl
    return self._call_impl(*args, **kwargs)
           ^^^^^^^^^^^^^^^^^^^^^^^^^^^^^^^^
  File "/scratch/bhatt006/Repos/onto_pop_llm_which_factors_matter/.venv/lib/python3.12/site-packages/torch/nn/modules/module.py", line 1747, in _call_impl
    return forward_call(*args, **kwargs)
           ^^^^^^^^^^^^^^^^^^^^^^^^^^^^^
  File "/scratch/bhatt006/Repos/onto_pop_llm_which_factors_matter/.venv/lib/python3.12/site-packages/accelerate/hooks.py", line 170, in new_forward
    output = module._old_forward(*args, **kwargs)
             ^^^^^^^^^^^^^^^^^^^^^^^^^^^^^^^^^^^^
  File "/scratch/bhatt006/Repos/onto_pop_llm_which_factors_matter/.venv/lib/python3.12/site-packages/transformers/models/llama/modeling_llama.py", line 945, in forward
    layer_outputs = decoder_layer(
                    ^^^^^^^^^^^^^^
  File "/scratch/bhatt006/Repos/onto_pop_llm_which_factors_matter/.venv/lib/python3.12/site-packages/torch/nn/modules/module.py", line 1736, in _wrapped_call_impl
    return self._call_impl(*args, **kwargs)
           ^^^^^^^^^^^^^^^^^^^^^^^^^^^^^^^^
  File "/scratch/bhatt006/Repos/onto_pop_llm_which_factors_matter/.venv/lib/python3.12/site-packages/torch/nn/modules/module.py", line 1747, in _call_impl
    return forward_call(*args, **kwargs)
           ^^^^^^^^^^^^^^^^^^^^^^^^^^^^^
  File "/scratch/bhatt006/Repos/onto_pop_llm_which_factors_matter/.venv/lib/python3.12/site-packages/accelerate/hooks.py", line 170, in new_forward
    output = module._old_forward(*args, **kwargs)
             ^^^^^^^^^^^^^^^^^^^^^^^^^^^^^^^^^^^^
  File "/scratch/bhatt006/Repos/onto_pop_llm_which_factors_matter/.venv/lib/python3.12/site-packages/transformers/models/llama/modeling_llama.py", line 676, in forward
    hidden_states, self_attn_weights, present_key_value = self.self_attn(
                                                          ^^^^^^^^^^^^^^^
  File "/scratch/bhatt006/Repos/onto_pop_llm_which_factors_matter/.venv/lib/python3.12/site-packages/torch/nn/modules/module.py", line 1736, in _wrapped_call_impl
    return self._call_impl(*args, **kwargs)
           ^^^^^^^^^^^^^^^^^^^^^^^^^^^^^^^^
  File "/scratch/bhatt006/Repos/onto_pop_llm_which_factors_matter/.venv/lib/python3.12/site-packages/torch/nn/modules/module.py", line 1747, in _call_impl
    return forward_call(*args, **kwargs)
           ^^^^^^^^^^^^^^^^^^^^^^^^^^^^^
  File "/scratch/bhatt006/Repos/onto_pop_llm_which_factors_matter/.venv/lib/python3.12/site-packages/accelerate/hooks.py", line 170, in new_forward
    output = module._old_forward(*args, **kwargs)
             ^^^^^^^^^^^^^^^^^^^^^^^^^^^^^^^^^^^^
  File "/scratch/bhatt006/Repos/onto_pop_llm_which_factors_matter/.venv/lib/python3.12/site-packages/transformers/models/llama/modeling_llama.py", line 561, in forward
    value_states = self.v_proj(hidden_states)
                   ^^^^^^^^^^^^^^^^^^^^^^^^^^
  File "/scratch/bhatt006/Repos/onto_pop_llm_which_factors_matter/.venv/lib/python3.12/site-packages/torch/nn/modules/module.py", line 1736, in _wrapped_call_impl
    return self._call_impl(*args, **kwargs)
           ^^^^^^^^^^^^^^^^^^^^^^^^^^^^^^^^
  File "/scratch/bhatt006/Repos/onto_pop_llm_which_factors_matter/.venv/lib/python3.12/site-packages/torch/nn/modules/module.py", line 1747, in _call_impl
    return forward_call(*args, **kwargs)
           ^^^^^^^^^^^^^^^^^^^^^^^^^^^^^
  File "/scratch/bhatt006/Repos/onto_pop_llm_which_factors_matter/.venv/lib/python3.12/site-packages/accelerate/hooks.py", line 170, in new_forward
    output = module._old_forward(*args, **kwargs)
             ^^^^^^^^^^^^^^^^^^^^^^^^^^^^^^^^^^^^
  File "/scratch/bhatt006/Repos/onto_pop_llm_which_factors_matter/.venv/lib/python3.12/site-packages/bitsandbytes/nn/modules.py", line 484, in forward
    out = bnb.matmul_4bit(x, self.weight.t(), bias=bias, quant_state=self.weight.quant_state)
          ^^^^^^^^^^^^^^^^^^^^^^^^^^^^^^^^^^^^^^^^^^^^^^^^^^^^^^^^^^^^^^^^^^^^^^^^^^^^^^^^^^^
  File "/scratch/bhatt006/Repos/onto_pop_llm_which_factors_matter/.venv/lib/python3.12/site-packages/bitsandbytes/autograd/_functions.py", line 574, in matmul_4bit
    out = F.gemv_4bit(A, B.t(), out, state=quant_state)
          ^^^^^^^^^^^^^^^^^^^^^^^^^^^^^^^^^^^^^^^^^^^^^
  File "/scratch/bhatt006/Repos/onto_pop_llm_which_factors_matter/.venv/lib/python3.12/site-packages/bitsandbytes/functional.py", line 2011, in gemv_4bit
    prev_device = pre_call(A.device)
                  ^^^^^^^^^^^^^^^^^^
  File "/scratch/bhatt006/Repos/onto_pop_llm_which_factors_matter/.venv/lib/python3.12/site-packages/bitsandbytes/functional.py", line 482, in pre_call
    torch.cuda.set_device(device)
  File "/scratch/bhatt006/Repos/onto_pop_llm_which_factors_matter/.venv/lib/python3.12/site-packages/torch/cuda/__init__.py", line 476, in set_device
    device = _get_device_index(device)
             ^^^^^^^^^^^^^^^^^^^^^^^^^
  File "/scratch/bhatt006/Repos/onto_pop_llm_which_factors_matter/.venv/lib/python3.12/site-packages/torch/cuda/_utils.py", line 35, in _get_device_index
    if not torch.jit.is_scripting():
           ^^^^^^^^^^^^^^^^^^^^^^^^
  File "/scratch/bhatt006/Repos/onto_pop_llm_which_factors_matter/.venv/lib/python3.12/site-packages/torch/_jit_internal.py", line 103, in is_scripting
    def is_scripting() -> bool:
    
KeyboardInterrupt
2024-10-30 18:52:30,004 [DEBUG] bitsandbytes.cextension cextension:get_native_library 90:: Loading bitsandbytes native library from: /scratch/bhatt006/Repos/onto_pop_llm_which_factors_matter/.venv/lib/python3.12/site-packages/bitsandbytes/libbitsandbytes_cuda124.so
2024-10-30 18:52:47,768 [INFO] root predict:predict 29:: <|begin_of_text|><|begin_of_text|><|start_header_id|>system<|end_header_id|>

You are a helpful assistant that responds with a ranked list of classes that a user input belongs to. Generate a list of the top 4 most likely classes. Do not generate a list of less than 4 classes.
Create the ranked list considering only the provided classes
---
Classes: ['Margaux', 'Wine', 'CotesDOr', 'WineSugar', 'Beaujolais', 'RedWine', 'Sancerre', 'PetiteSyrah', 'Riesling', 'ItalianWine', 'WineGrape', 'StEmilion', 'PinotNoir', 'WineFlavor', 'CabernetFranc', 'Semillon', 'WineBody', 'WineTaste', 'Zinfandel', 'RedTableWine', 'LateHarvest', 'Chardonnay', 'Merlot', 'Region', 'WhiteWine', 'Anjou', 'Winery', 'WineDescriptor', 'WhiteBurgundy', 'WineColor', 'Sauternes', 'Chianti', 'Pauillac', 'Meursault', 'PotableLiquid', 'CheninBlanc', 'Muscadet', 'DessertWine', 'DryRiesling', 'VintageYear', 'SweetRiesling', 'Grape', 'Port', 'CabernetSauvignon', 'IceWine', 'Bordeaux', 'Meritage', 'SauvignonBlanc']<|eot_id|><|start_header_id|>user<|end_header_id|>

AlsaceRegion<|eot_id|><|start_header_id|>assistant<|end_header_id|>

Based on the provided classes, here is the ranked list of the most likely classes that "AlsaceRegion" belongs to:

1. **Region** (High confidence)
2. **WhiteWine** (Medium-high confidence)
3. **Wine** (Medium confidence)
4. **FrenchWine** (Low-medium confidence)

Note that the confidence levels are subjective and based on the frequency and proximity of the classes in the provided list.<|eot_id|>
2024-10-30 18:52:55,708 [INFO] root predict:predict 29:: <|begin_of_text|><|begin_of_text|><|start_header_id|>system<|end_header_id|>

You are a helpful assistant that responds with a ranked list of classes that a user input belongs to. Generate a list of the top 4 most likely classes. Do not generate a list of less than 4 classes.
Create the ranked list considering only the provided classes
---
Classes: ['Margaux', 'Wine', 'CotesDOr', 'WineSugar', 'Beaujolais', 'RedWine', 'Sancerre', 'PetiteSyrah', 'Riesling', 'ItalianWine', 'WineGrape', 'StEmilion', 'PinotNoir', 'WineFlavor', 'CabernetFranc', 'Semillon', 'WineBody', 'WineTaste', 'Zinfandel', 'RedTableWine', 'LateHarvest', 'Chardonnay', 'Merlot', 'Region', 'WhiteWine', 'Anjou', 'Winery', 'WineDescriptor', 'WhiteBurgundy', 'WineColor', 'Sauternes', 'Chianti', 'Pauillac', 'Meursault', 'PotableLiquid', 'CheninBlanc', 'Muscadet', 'DessertWine', 'DryRiesling', 'VintageYear', 'SweetRiesling', 'Grape', 'Port', 'CabernetSauvignon', 'IceWine', 'Bordeaux', 'Meritage', 'SauvignonBlanc']<|eot_id|><|start_header_id|>user<|end_header_id|>

AnjouRegion<|eot_id|><|start_header_id|>assistant<|end_header_id|>

Based on the provided classes, here is the ranked list of the top 4 most likely classes that "AnjouRegion" belongs to:

1. **Region** (High confidence)
2. **WhiteBurgundy** (Medium-High confidence)
3. **Wine** (Medium confidence)
4. **FrenchWine** (Low-Medium confidence)

Note that the confidence levels are subjective and based on the context and relationships between the input term and the provided classes.<|eot_id|>
2024-10-30 18:53:03,975 [INFO] root predict:predict 29:: <|begin_of_text|><|begin_of_text|><|start_header_id|>system<|end_header_id|>

You are a helpful assistant that responds with a ranked list of classes that a user input belongs to. Generate a list of the top 4 most likely classes. Do not generate a list of less than 4 classes.
Create the ranked list considering only the provided classes
---
Classes: ['Margaux', 'Wine', 'CotesDOr', 'WineSugar', 'Beaujolais', 'RedWine', 'Sancerre', 'PetiteSyrah', 'Riesling', 'ItalianWine', 'WineGrape', 'StEmilion', 'PinotNoir', 'WineFlavor', 'CabernetFranc', 'Semillon', 'WineBody', 'WineTaste', 'Zinfandel', 'RedTableWine', 'LateHarvest', 'Chardonnay', 'Merlot', 'Region', 'WhiteWine', 'Anjou', 'Winery', 'WineDescriptor', 'WhiteBurgundy', 'WineColor', 'Sauternes', 'Chianti', 'Pauillac', 'Meursault', 'PotableLiquid', 'CheninBlanc', 'Muscadet', 'DessertWine', 'DryRiesling', 'VintageYear', 'SweetRiesling', 'Grape', 'Port', 'CabernetSauvignon', 'IceWine', 'Bordeaux', 'Meritage', 'SauvignonBlanc']<|eot_id|><|start_header_id|>user<|end_header_id|>

ArroyoGrandeRegion<|eot_id|><|start_header_id|>assistant<|end_header_id|>

Based on the provided classes, here is the ranked list of the top 4 most likely classes that "ArroyoGrandeRegion" belongs to:

1. **Region** (91.67% confidence)
2. **WineRegion** (8.33% confidence)
3. **RedTableWine** (0% confidence)
4. **WhiteWine** (0% confidence)

Note: The confidence levels are approximate and based on the frequency of the classes in the provided list.<|eot_id|>
2024-10-30 18:53:13,597 [INFO] root predict:predict 29:: <|begin_of_text|><|begin_of_text|><|start_header_id|>system<|end_header_id|>

You are a helpful assistant that responds with a ranked list of classes that a user input belongs to. Generate a list of the top 4 most likely classes. Do not generate a list of less than 4 classes.
Create the ranked list considering only the provided classes
---
Classes: ['Margaux', 'Wine', 'CotesDOr', 'WineSugar', 'Beaujolais', 'RedWine', 'Sancerre', 'PetiteSyrah', 'Riesling', 'ItalianWine', 'WineGrape', 'StEmilion', 'PinotNoir', 'WineFlavor', 'CabernetFranc', 'Semillon', 'WineBody', 'WineTaste', 'Zinfandel', 'RedTableWine', 'LateHarvest', 'Chardonnay', 'Merlot', 'Region', 'WhiteWine', 'Anjou', 'Winery', 'WineDescriptor', 'WhiteBurgundy', 'WineColor', 'Sauternes', 'Chianti', 'Pauillac', 'Meursault', 'PotableLiquid', 'CheninBlanc', 'Muscadet', 'DessertWine', 'DryRiesling', 'VintageYear', 'SweetRiesling', 'Grape', 'Port', 'CabernetSauvignon', 'IceWine', 'Bordeaux', 'Meritage', 'SauvignonBlanc']<|eot_id|><|start_header_id|>user<|end_header_id|>

AustralianRegion<|eot_id|><|start_header_id|>assistant<|end_header_id|>

Based on the provided classes, here is a ranked list of the top 4 most likely classes that "AustralianRegion" belongs to:

1. **Region** (Score: 0.8)
2. **WineRegion** (Score: 0.6)
3. **Bordeaux** (Score: 0.4)
4. **Chianti** (Score: 0.2)

Note: The scores are arbitrary and used to indicate the likelihood of the input belonging to each class. They are based on the frequency and similarity of the input to each class.<|eot_id|>
2024-10-30 18:53:17,719 [CRITICAL] root logging_conf:log_exception 36:: Error Information:
Traceback (most recent call last):
  File "/storage/scratch/bhatt006/Repos/onto_pop_llm_which_factors_matter/src/onto_pop_llm_which_factors_matter/model/hugging_face/./predict.py", line 112, in <module>
    label_mapping, df = predict(model, tokenizer, test_data, run_args)
                        ^^^^^^^^^^^^^^^^^^^^^^^^^^^^^^^^^^^^^^^^^^^^^^
  File "/storage/scratch/bhatt006/Repos/onto_pop_llm_which_factors_matter/src/onto_pop_llm_which_factors_matter/model/hugging_face/./predict.py", line 24, in predict
    response = model.generate(
               ^^^^^^^^^^^^^^^
  File "/scratch/bhatt006/Repos/onto_pop_llm_which_factors_matter/.venv/lib/python3.12/site-packages/torch/utils/_contextlib.py", line 116, in decorate_context
    return func(*args, **kwargs)
           ^^^^^^^^^^^^^^^^^^^^^
  File "/scratch/bhatt006/Repos/onto_pop_llm_which_factors_matter/.venv/lib/python3.12/site-packages/transformers/generation/utils.py", line 2215, in generate
    result = self._sample(
             ^^^^^^^^^^^^^
  File "/scratch/bhatt006/Repos/onto_pop_llm_which_factors_matter/.venv/lib/python3.12/site-packages/transformers/generation/utils.py", line 3206, in _sample
    outputs = self(**model_inputs, return_dict=True)
              ^^^^^^^^^^^^^^^^^^^^^^^^^^^^^^^^^^^^^^
  File "/scratch/bhatt006/Repos/onto_pop_llm_which_factors_matter/.venv/lib/python3.12/site-packages/torch/nn/modules/module.py", line 1736, in _wrapped_call_impl
    return self._call_impl(*args, **kwargs)
           ^^^^^^^^^^^^^^^^^^^^^^^^^^^^^^^^
  File "/scratch/bhatt006/Repos/onto_pop_llm_which_factors_matter/.venv/lib/python3.12/site-packages/torch/nn/modules/module.py", line 1747, in _call_impl
    return forward_call(*args, **kwargs)
           ^^^^^^^^^^^^^^^^^^^^^^^^^^^^^
  File "/scratch/bhatt006/Repos/onto_pop_llm_which_factors_matter/.venv/lib/python3.12/site-packages/accelerate/hooks.py", line 170, in new_forward
    output = module._old_forward(*args, **kwargs)
             ^^^^^^^^^^^^^^^^^^^^^^^^^^^^^^^^^^^^
  File "/scratch/bhatt006/Repos/onto_pop_llm_which_factors_matter/.venv/lib/python3.12/site-packages/transformers/models/llama/modeling_llama.py", line 1190, in forward
    outputs = self.model(
              ^^^^^^^^^^^
  File "/scratch/bhatt006/Repos/onto_pop_llm_which_factors_matter/.venv/lib/python3.12/site-packages/torch/nn/modules/module.py", line 1736, in _wrapped_call_impl
    return self._call_impl(*args, **kwargs)
           ^^^^^^^^^^^^^^^^^^^^^^^^^^^^^^^^
  File "/scratch/bhatt006/Repos/onto_pop_llm_which_factors_matter/.venv/lib/python3.12/site-packages/torch/nn/modules/module.py", line 1747, in _call_impl
    return forward_call(*args, **kwargs)
           ^^^^^^^^^^^^^^^^^^^^^^^^^^^^^
  File "/scratch/bhatt006/Repos/onto_pop_llm_which_factors_matter/.venv/lib/python3.12/site-packages/accelerate/hooks.py", line 170, in new_forward
    output = module._old_forward(*args, **kwargs)
             ^^^^^^^^^^^^^^^^^^^^^^^^^^^^^^^^^^^^
  File "/scratch/bhatt006/Repos/onto_pop_llm_which_factors_matter/.venv/lib/python3.12/site-packages/transformers/models/llama/modeling_llama.py", line 945, in forward
    layer_outputs = decoder_layer(
                    ^^^^^^^^^^^^^^
  File "/scratch/bhatt006/Repos/onto_pop_llm_which_factors_matter/.venv/lib/python3.12/site-packages/torch/nn/modules/module.py", line 1736, in _wrapped_call_impl
    return self._call_impl(*args, **kwargs)
           ^^^^^^^^^^^^^^^^^^^^^^^^^^^^^^^^
  File "/scratch/bhatt006/Repos/onto_pop_llm_which_factors_matter/.venv/lib/python3.12/site-packages/torch/nn/modules/module.py", line 1747, in _call_impl
    return forward_call(*args, **kwargs)
           ^^^^^^^^^^^^^^^^^^^^^^^^^^^^^
  File "/scratch/bhatt006/Repos/onto_pop_llm_which_factors_matter/.venv/lib/python3.12/site-packages/accelerate/hooks.py", line 170, in new_forward
    output = module._old_forward(*args, **kwargs)
             ^^^^^^^^^^^^^^^^^^^^^^^^^^^^^^^^^^^^
  File "/scratch/bhatt006/Repos/onto_pop_llm_which_factors_matter/.venv/lib/python3.12/site-packages/transformers/models/llama/modeling_llama.py", line 676, in forward
    hidden_states, self_attn_weights, present_key_value = self.self_attn(
                                                          ^^^^^^^^^^^^^^^
  File "/scratch/bhatt006/Repos/onto_pop_llm_which_factors_matter/.venv/lib/python3.12/site-packages/torch/nn/modules/module.py", line 1736, in _wrapped_call_impl
    return self._call_impl(*args, **kwargs)
           ^^^^^^^^^^^^^^^^^^^^^^^^^^^^^^^^
  File "/scratch/bhatt006/Repos/onto_pop_llm_which_factors_matter/.venv/lib/python3.12/site-packages/torch/nn/modules/module.py", line 1747, in _call_impl
    return forward_call(*args, **kwargs)
           ^^^^^^^^^^^^^^^^^^^^^^^^^^^^^
  File "/scratch/bhatt006/Repos/onto_pop_llm_which_factors_matter/.venv/lib/python3.12/site-packages/accelerate/hooks.py", line 170, in new_forward
    output = module._old_forward(*args, **kwargs)
             ^^^^^^^^^^^^^^^^^^^^^^^^^^^^^^^^^^^^
  File "/scratch/bhatt006/Repos/onto_pop_llm_which_factors_matter/.venv/lib/python3.12/site-packages/transformers/models/llama/modeling_llama.py", line 560, in forward
    key_states = self.k_proj(hidden_states)
                 ^^^^^^^^^^^^^^^^^^^^^^^^^^
  File "/scratch/bhatt006/Repos/onto_pop_llm_which_factors_matter/.venv/lib/python3.12/site-packages/torch/nn/modules/module.py", line 1736, in _wrapped_call_impl
    return self._call_impl(*args, **kwargs)
           ^^^^^^^^^^^^^^^^^^^^^^^^^^^^^^^^
  File "/scratch/bhatt006/Repos/onto_pop_llm_which_factors_matter/.venv/lib/python3.12/site-packages/torch/nn/modules/module.py", line 1747, in _call_impl
    return forward_call(*args, **kwargs)
           ^^^^^^^^^^^^^^^^^^^^^^^^^^^^^
  File "/scratch/bhatt006/Repos/onto_pop_llm_which_factors_matter/.venv/lib/python3.12/site-packages/accelerate/hooks.py", line 170, in new_forward
    output = module._old_forward(*args, **kwargs)
             ^^^^^^^^^^^^^^^^^^^^^^^^^^^^^^^^^^^^
  File "/scratch/bhatt006/Repos/onto_pop_llm_which_factors_matter/.venv/lib/python3.12/site-packages/bitsandbytes/nn/modules.py", line 484, in forward
    out = bnb.matmul_4bit(x, self.weight.t(), bias=bias, quant_state=self.weight.quant_state)
          ^^^^^^^^^^^^^^^^^^^^^^^^^^^^^^^^^^^^^^^^^^^^^^^^^^^^^^^^^^^^^^^^^^^^^^^^^^^^^^^^^^^
  File "/scratch/bhatt006/Repos/onto_pop_llm_which_factors_matter/.venv/lib/python3.12/site-packages/bitsandbytes/autograd/_functions.py", line 574, in matmul_4bit
    out = F.gemv_4bit(A, B.t(), out, state=quant_state)
          ^^^^^^^^^^^^^^^^^^^^^^^^^^^^^^^^^^^^^^^^^^^^^
  File "/scratch/bhatt006/Repos/onto_pop_llm_which_factors_matter/.venv/lib/python3.12/site-packages/bitsandbytes/functional.py", line 2011, in gemv_4bit
    prev_device = pre_call(A.device)
                  ^^^^^^^^^^^^^^^^^^
  File "/scratch/bhatt006/Repos/onto_pop_llm_which_factors_matter/.venv/lib/python3.12/site-packages/bitsandbytes/functional.py", line 482, in pre_call
    torch.cuda.set_device(device)
  File "/scratch/bhatt006/Repos/onto_pop_llm_which_factors_matter/.venv/lib/python3.12/site-packages/torch/cuda/__init__.py", line 476, in set_device
    device = _get_device_index(device)
             ^^^^^^^^^^^^^^^^^^^^^^^^^
  File "/scratch/bhatt006/Repos/onto_pop_llm_which_factors_matter/.venv/lib/python3.12/site-packages/torch/cuda/_utils.py", line 35, in _get_device_index
    if not torch.jit.is_scripting():
           ^^^^^^^^^^^^^^^^^^^^^^^^
  File "/scratch/bhatt006/Repos/onto_pop_llm_which_factors_matter/.venv/lib/python3.12/site-packages/torch/_jit_internal.py", line 103, in is_scripting
    def is_scripting() -> bool:
    
KeyboardInterrupt
2024-10-30 18:54:25,858 [DEBUG] bitsandbytes.cextension cextension:get_native_library 90:: Loading bitsandbytes native library from: /scratch/bhatt006/Repos/onto_pop_llm_which_factors_matter/.venv/lib/python3.12/site-packages/bitsandbytes/libbitsandbytes_cuda124.so
2024-10-30 18:54:38,337 [INFO] root predict:predict 29:: <|begin_of_text|><|begin_of_text|><|start_header_id|>system<|end_header_id|>

You are a helpful assistant that responds with a ranked list of classes that a user input belongs to. Generate a list of the top 4 most likely classes. Do not generate a list of less than 4 classes. Do not provide any other information other than the list.
Create the ranked list considering only the provided classes
---
Classes: ['Bordeaux', 'Chardonnay', 'Anjou', 'Meritage', 'WineColor', 'WineSugar', 'PetiteSyrah', 'StEmilion', 'Riesling', 'WineFlavor', 'Zinfandel', 'Margaux', 'Wine', 'SweetRiesling', 'WhiteBurgundy', 'IceWine', 'Beaujolais', 'DessertWine', 'WineGrape', 'CotesDOr', 'RedWine', 'CheninBlanc', 'Grape', 'VintageYear', 'DryRiesling', 'SauvignonBlanc', 'Winery', 'Port', 'PotableLiquid', 'LateHarvest', 'CabernetSauvignon', 'Pauillac', 'Region', 'ItalianWine', 'Meursault', 'Chianti', 'Muscadet', 'WineTaste', 'Sauternes', 'WineBody', 'Sancerre', 'RedTableWine', 'PinotNoir', 'WhiteWine', 'WineDescriptor', 'Semillon', 'Merlot', 'CabernetFranc']<|eot_id|><|start_header_id|>user<|end_header_id|>

AlsaceRegion<|eot_id|><|start_header_id|>assistant<|end_header_id|>

1. Bordeaux
2. WhiteWine
3. Wine
4. RedWine<|eot_id|>
2024-10-30 18:54:40,430 [INFO] root predict:predict 29:: <|begin_of_text|><|begin_of_text|><|start_header_id|>system<|end_header_id|>

You are a helpful assistant that responds with a ranked list of classes that a user input belongs to. Generate a list of the top 4 most likely classes. Do not generate a list of less than 4 classes. Do not provide any other information other than the list.
Create the ranked list considering only the provided classes
---
Classes: ['Bordeaux', 'Chardonnay', 'Anjou', 'Meritage', 'WineColor', 'WineSugar', 'PetiteSyrah', 'StEmilion', 'Riesling', 'WineFlavor', 'Zinfandel', 'Margaux', 'Wine', 'SweetRiesling', 'WhiteBurgundy', 'IceWine', 'Beaujolais', 'DessertWine', 'WineGrape', 'CotesDOr', 'RedWine', 'CheninBlanc', 'Grape', 'VintageYear', 'DryRiesling', 'SauvignonBlanc', 'Winery', 'Port', 'PotableLiquid', 'LateHarvest', 'CabernetSauvignon', 'Pauillac', 'Region', 'ItalianWine', 'Meursault', 'Chianti', 'Muscadet', 'WineTaste', 'Sauternes', 'WineBody', 'Sancerre', 'RedTableWine', 'PinotNoir', 'WhiteWine', 'WineDescriptor', 'Semillon', 'Merlot', 'CabernetFranc']<|eot_id|><|start_header_id|>user<|end_header_id|>

AnjouRegion<|eot_id|><|start_header_id|>assistant<|end_header_id|>

1. WhiteWine
2. RedWine
3. Wine
4. Bordeaux<|eot_id|>
2024-10-30 18:54:42,452 [INFO] root predict:predict 29:: <|begin_of_text|><|begin_of_text|><|start_header_id|>system<|end_header_id|>

You are a helpful assistant that responds with a ranked list of classes that a user input belongs to. Generate a list of the top 4 most likely classes. Do not generate a list of less than 4 classes. Do not provide any other information other than the list.
Create the ranked list considering only the provided classes
---
Classes: ['Bordeaux', 'Chardonnay', 'Anjou', 'Meritage', 'WineColor', 'WineSugar', 'PetiteSyrah', 'StEmilion', 'Riesling', 'WineFlavor', 'Zinfandel', 'Margaux', 'Wine', 'SweetRiesling', 'WhiteBurgundy', 'IceWine', 'Beaujolais', 'DessertWine', 'WineGrape', 'CotesDOr', 'RedWine', 'CheninBlanc', 'Grape', 'VintageYear', 'DryRiesling', 'SauvignonBlanc', 'Winery', 'Port', 'PotableLiquid', 'LateHarvest', 'CabernetSauvignon', 'Pauillac', 'Region', 'ItalianWine', 'Meursault', 'Chianti', 'Muscadet', 'WineTaste', 'Sauternes', 'WineBody', 'Sancerre', 'RedTableWine', 'PinotNoir', 'WhiteWine', 'WineDescriptor', 'Semillon', 'Merlot', 'CabernetFranc']<|eot_id|><|start_header_id|>user<|end_header_id|>

ArroyoGrandeRegion<|eot_id|><|start_header_id|>assistant<|end_header_id|>

1. WineRegion
2. Region
3. Bordeaux
4. Chianti<|eot_id|>
2024-10-30 18:54:44,543 [INFO] root predict:predict 29:: <|begin_of_text|><|begin_of_text|><|start_header_id|>system<|end_header_id|>

You are a helpful assistant that responds with a ranked list of classes that a user input belongs to. Generate a list of the top 4 most likely classes. Do not generate a list of less than 4 classes. Do not provide any other information other than the list.
Create the ranked list considering only the provided classes
---
Classes: ['Bordeaux', 'Chardonnay', 'Anjou', 'Meritage', 'WineColor', 'WineSugar', 'PetiteSyrah', 'StEmilion', 'Riesling', 'WineFlavor', 'Zinfandel', 'Margaux', 'Wine', 'SweetRiesling', 'WhiteBurgundy', 'IceWine', 'Beaujolais', 'DessertWine', 'WineGrape', 'CotesDOr', 'RedWine', 'CheninBlanc', 'Grape', 'VintageYear', 'DryRiesling', 'SauvignonBlanc', 'Winery', 'Port', 'PotableLiquid', 'LateHarvest', 'CabernetSauvignon', 'Pauillac', 'Region', 'ItalianWine', 'Meursault', 'Chianti', 'Muscadet', 'WineTaste', 'Sauternes', 'WineBody', 'Sancerre', 'RedTableWine', 'PinotNoir', 'WhiteWine', 'WineDescriptor', 'Semillon', 'Merlot', 'CabernetFranc']<|eot_id|><|start_header_id|>user<|end_header_id|>

AustralianRegion<|eot_id|><|start_header_id|>assistant<|end_header_id|>

1. Region
2. Wine
3. RedWine
4. WhiteWine<|eot_id|>
2024-10-30 18:54:46,568 [INFO] root predict:predict 29:: <|begin_of_text|><|begin_of_text|><|start_header_id|>system<|end_header_id|>

You are a helpful assistant that responds with a ranked list of classes that a user input belongs to. Generate a list of the top 4 most likely classes. Do not generate a list of less than 4 classes. Do not provide any other information other than the list.
Create the ranked list considering only the provided classes
---
Classes: ['Bordeaux', 'Chardonnay', 'Anjou', 'Meritage', 'WineColor', 'WineSugar', 'PetiteSyrah', 'StEmilion', 'Riesling', 'WineFlavor', 'Zinfandel', 'Margaux', 'Wine', 'SweetRiesling', 'WhiteBurgundy', 'IceWine', 'Beaujolais', 'DessertWine', 'WineGrape', 'CotesDOr', 'RedWine', 'CheninBlanc', 'Grape', 'VintageYear', 'DryRiesling', 'SauvignonBlanc', 'Winery', 'Port', 'PotableLiquid', 'LateHarvest', 'CabernetSauvignon', 'Pauillac', 'Region', 'ItalianWine', 'Meursault', 'Chianti', 'Muscadet', 'WineTaste', 'Sauternes', 'WineBody', 'Sancerre', 'RedTableWine', 'PinotNoir', 'WhiteWine', 'WineDescriptor', 'Semillon', 'Merlot', 'CabernetFranc']<|eot_id|><|start_header_id|>user<|end_header_id|>

Bancroft<|eot_id|><|start_header_id|>assistant<|end_header_id|>

1. Wine
2. Bordeaux
3. Meritage
4. RedWine<|eot_id|>
2024-10-30 18:54:48,743 [INFO] root predict:predict 29:: <|begin_of_text|><|begin_of_text|><|start_header_id|>system<|end_header_id|>

You are a helpful assistant that responds with a ranked list of classes that a user input belongs to. Generate a list of the top 4 most likely classes. Do not generate a list of less than 4 classes. Do not provide any other information other than the list.
Create the ranked list considering only the provided classes
---
Classes: ['Bordeaux', 'Chardonnay', 'Anjou', 'Meritage', 'WineColor', 'WineSugar', 'PetiteSyrah', 'StEmilion', 'Riesling', 'WineFlavor', 'Zinfandel', 'Margaux', 'Wine', 'SweetRiesling', 'WhiteBurgundy', 'IceWine', 'Beaujolais', 'DessertWine', 'WineGrape', 'CotesDOr', 'RedWine', 'CheninBlanc', 'Grape', 'VintageYear', 'DryRiesling', 'SauvignonBlanc', 'Winery', 'Port', 'PotableLiquid', 'LateHarvest', 'CabernetSauvignon', 'Pauillac', 'Region', 'ItalianWine', 'Meursault', 'Chianti', 'Muscadet', 'WineTaste', 'Sauternes', 'WineBody', 'Sancerre', 'RedTableWine', 'PinotNoir', 'WhiteWine', 'WineDescriptor', 'Semillon', 'Merlot', 'CabernetFranc']<|eot_id|><|start_header_id|>user<|end_header_id|>

BancroftChardonnay<|eot_id|><|start_header_id|>assistant<|end_header_id|>

1. Chardonnay
2. Bordeaux
3. WhiteWine
4. Wine<|eot_id|>
2024-10-30 18:54:51,068 [INFO] root predict:predict 29:: <|begin_of_text|><|begin_of_text|><|start_header_id|>system<|end_header_id|>

You are a helpful assistant that responds with a ranked list of classes that a user input belongs to. Generate a list of the top 4 most likely classes. Do not generate a list of less than 4 classes. Do not provide any other information other than the list.
Create the ranked list considering only the provided classes
---
Classes: ['Bordeaux', 'Chardonnay', 'Anjou', 'Meritage', 'WineColor', 'WineSugar', 'PetiteSyrah', 'StEmilion', 'Riesling', 'WineFlavor', 'Zinfandel', 'Margaux', 'Wine', 'SweetRiesling', 'WhiteBurgundy', 'IceWine', 'Beaujolais', 'DessertWine', 'WineGrape', 'CotesDOr', 'RedWine', 'CheninBlanc', 'Grape', 'VintageYear', 'DryRiesling', 'SauvignonBlanc', 'Winery', 'Port', 'PotableLiquid', 'LateHarvest', 'CabernetSauvignon', 'Pauillac', 'Region', 'ItalianWine', 'Meursault', 'Chianti', 'Muscadet', 'WineTaste', 'Sauternes', 'WineBody', 'Sancerre', 'RedTableWine', 'PinotNoir', 'WhiteWine', 'WineDescriptor', 'Semillon', 'Merlot', 'CabernetFranc']<|eot_id|><|start_header_id|>user<|end_header_id|>

BeaujolaisRegion<|eot_id|><|start_header_id|>assistant<|end_header_id|>

1. Beaujolais
2. RedWine
3. Wine
4. FrenchWine<|eot_id|>
2024-10-30 18:54:53,322 [INFO] root predict:predict 29:: <|begin_of_text|><|begin_of_text|><|start_header_id|>system<|end_header_id|>

You are a helpful assistant that responds with a ranked list of classes that a user input belongs to. Generate a list of the top 4 most likely classes. Do not generate a list of less than 4 classes. Do not provide any other information other than the list.
Create the ranked list considering only the provided classes
---
Classes: ['Bordeaux', 'Chardonnay', 'Anjou', 'Meritage', 'WineColor', 'WineSugar', 'PetiteSyrah', 'StEmilion', 'Riesling', 'WineFlavor', 'Zinfandel', 'Margaux', 'Wine', 'SweetRiesling', 'WhiteBurgundy', 'IceWine', 'Beaujolais', 'DessertWine', 'WineGrape', 'CotesDOr', 'RedWine', 'CheninBlanc', 'Grape', 'VintageYear', 'DryRiesling', 'SauvignonBlanc', 'Winery', 'Port', 'PotableLiquid', 'LateHarvest', 'CabernetSauvignon', 'Pauillac', 'Region', 'ItalianWine', 'Meursault', 'Chianti', 'Muscadet', 'WineTaste', 'Sauternes', 'WineBody', 'Sancerre', 'RedTableWine', 'PinotNoir', 'WhiteWine', 'WineDescriptor', 'Semillon', 'Merlot', 'CabernetFranc']<|eot_id|><|start_header_id|>user<|end_header_id|>

Beringer<|eot_id|><|start_header_id|>assistant<|end_header_id|>

1. Meritage
2. Bordeaux
3. Merlot
4. CabernetSauvignon<|eot_id|>
2024-10-30 18:54:55,507 [INFO] root predict:predict 29:: <|begin_of_text|><|begin_of_text|><|start_header_id|>system<|end_header_id|>

You are a helpful assistant that responds with a ranked list of classes that a user input belongs to. Generate a list of the top 4 most likely classes. Do not generate a list of less than 4 classes. Do not provide any other information other than the list.
Create the ranked list considering only the provided classes
---
Classes: ['Bordeaux', 'Chardonnay', 'Anjou', 'Meritage', 'WineColor', 'WineSugar', 'PetiteSyrah', 'StEmilion', 'Riesling', 'WineFlavor', 'Zinfandel', 'Margaux', 'Wine', 'SweetRiesling', 'WhiteBurgundy', 'IceWine', 'Beaujolais', 'DessertWine', 'WineGrape', 'CotesDOr', 'RedWine', 'CheninBlanc', 'Grape', 'VintageYear', 'DryRiesling', 'SauvignonBlanc', 'Winery', 'Port', 'PotableLiquid', 'LateHarvest', 'CabernetSauvignon', 'Pauillac', 'Region', 'ItalianWine', 'Meursault', 'Chianti', 'Muscadet', 'WineTaste', 'Sauternes', 'WineBody', 'Sancerre', 'RedTableWine', 'PinotNoir', 'WhiteWine', 'WineDescriptor', 'Semillon', 'Merlot', 'CabernetFranc']<|eot_id|><|start_header_id|>user<|end_header_id|>

BordeauxRegion<|eot_id|><|start_header_id|>assistant<|end_header_id|>

1. Bordeaux
2. Pauillac
3. StEmilion
4. Margaux<|eot_id|>
2024-10-30 18:54:58,058 [INFO] root predict:predict 29:: <|begin_of_text|><|begin_of_text|><|start_header_id|>system<|end_header_id|>

You are a helpful assistant that responds with a ranked list of classes that a user input belongs to. Generate a list of the top 4 most likely classes. Do not generate a list of less than 4 classes. Do not provide any other information other than the list.
Create the ranked list considering only the provided classes
---
Classes: ['Bordeaux', 'Chardonnay', 'Anjou', 'Meritage', 'WineColor', 'WineSugar', 'PetiteSyrah', 'StEmilion', 'Riesling', 'WineFlavor', 'Zinfandel', 'Margaux', 'Wine', 'SweetRiesling', 'WhiteBurgundy', 'IceWine', 'Beaujolais', 'DessertWine', 'WineGrape', 'CotesDOr', 'RedWine', 'CheninBlanc', 'Grape', 'VintageYear', 'DryRiesling', 'SauvignonBlanc', 'Winery', 'Port', 'PotableLiquid', 'LateHarvest', 'CabernetSauvignon', 'Pauillac', 'Region', 'ItalianWine', 'Meursault', 'Chianti', 'Muscadet', 'WineTaste', 'Sauternes', 'WineBody', 'Sancerre', 'RedTableWine', 'PinotNoir', 'WhiteWine', 'WineDescriptor', 'Semillon', 'Merlot', 'CabernetFranc']<|eot_id|><|start_header_id|>user<|end_header_id|>

BourgogneRegion<|eot_id|><|start_header_id|>assistant<|end_header_id|>

1. Chablis
2. WhiteBurgundy
3. CotesDOr
4. Meursault<|eot_id|>
2024-10-30 18:55:00,166 [INFO] root predict:predict 29:: <|begin_of_text|><|begin_of_text|><|start_header_id|>system<|end_header_id|>

You are a helpful assistant that responds with a ranked list of classes that a user input belongs to. Generate a list of the top 4 most likely classes. Do not generate a list of less than 4 classes. Do not provide any other information other than the list.
Create the ranked list considering only the provided classes
---
Classes: ['Bordeaux', 'Chardonnay', 'Anjou', 'Meritage', 'WineColor', 'WineSugar', 'PetiteSyrah', 'StEmilion', 'Riesling', 'WineFlavor', 'Zinfandel', 'Margaux', 'Wine', 'SweetRiesling', 'WhiteBurgundy', 'IceWine', 'Beaujolais', 'DessertWine', 'WineGrape', 'CotesDOr', 'RedWine', 'CheninBlanc', 'Grape', 'VintageYear', 'DryRiesling', 'SauvignonBlanc', 'Winery', 'Port', 'PotableLiquid', 'LateHarvest', 'CabernetSauvignon', 'Pauillac', 'Region', 'ItalianWine', 'Meursault', 'Chianti', 'Muscadet', 'WineTaste', 'Sauternes', 'WineBody', 'Sancerre', 'RedTableWine', 'PinotNoir', 'WhiteWine', 'WineDescriptor', 'Semillon', 'Merlot', 'CabernetFranc']<|eot_id|><|start_header_id|>user<|end_header_id|>

CabernetFrancGrape<|eot_id|><|start_header_id|>assistant<|end_header_id|>

1. WineGrape
2. Grape
3. Wine
4. CabernetFranc<|eot_id|>
2024-10-30 18:55:02,278 [INFO] root predict:predict 29:: <|begin_of_text|><|begin_of_text|><|start_header_id|>system<|end_header_id|>

You are a helpful assistant that responds with a ranked list of classes that a user input belongs to. Generate a list of the top 4 most likely classes. Do not generate a list of less than 4 classes. Do not provide any other information other than the list.
Create the ranked list considering only the provided classes
---
Classes: ['Bordeaux', 'Chardonnay', 'Anjou', 'Meritage', 'WineColor', 'WineSugar', 'PetiteSyrah', 'StEmilion', 'Riesling', 'WineFlavor', 'Zinfandel', 'Margaux', 'Wine', 'SweetRiesling', 'WhiteBurgundy', 'IceWine', 'Beaujolais', 'DessertWine', 'WineGrape', 'CotesDOr', 'RedWine', 'CheninBlanc', 'Grape', 'VintageYear', 'DryRiesling', 'SauvignonBlanc', 'Winery', 'Port', 'PotableLiquid', 'LateHarvest', 'CabernetSauvignon', 'Pauillac', 'Region', 'ItalianWine', 'Meursault', 'Chianti', 'Muscadet', 'WineTaste', 'Sauternes', 'WineBody', 'Sancerre', 'RedTableWine', 'PinotNoir', 'WhiteWine', 'WineDescriptor', 'Semillon', 'Merlot', 'CabernetFranc']<|eot_id|><|start_header_id|>user<|end_header_id|>

CabernetSauvignonGrape<|eot_id|><|start_header_id|>assistant<|end_header_id|>

1. WineGrape
2. Grape
3. RedWine
4. Wine<|eot_id|>
2024-10-30 18:55:04,753 [INFO] root predict:predict 29:: <|begin_of_text|><|begin_of_text|><|start_header_id|>system<|end_header_id|>

You are a helpful assistant that responds with a ranked list of classes that a user input belongs to. Generate a list of the top 4 most likely classes. Do not generate a list of less than 4 classes. Do not provide any other information other than the list.
Create the ranked list considering only the provided classes
---
Classes: ['Bordeaux', 'Chardonnay', 'Anjou', 'Meritage', 'WineColor', 'WineSugar', 'PetiteSyrah', 'StEmilion', 'Riesling', 'WineFlavor', 'Zinfandel', 'Margaux', 'Wine', 'SweetRiesling', 'WhiteBurgundy', 'IceWine', 'Beaujolais', 'DessertWine', 'WineGrape', 'CotesDOr', 'RedWine', 'CheninBlanc', 'Grape', 'VintageYear', 'DryRiesling', 'SauvignonBlanc', 'Winery', 'Port', 'PotableLiquid', 'LateHarvest', 'CabernetSauvignon', 'Pauillac', 'Region', 'ItalianWine', 'Meursault', 'Chianti', 'Muscadet', 'WineTaste', 'Sauternes', 'WineBody', 'Sancerre', 'RedTableWine', 'PinotNoir', 'WhiteWine', 'WineDescriptor', 'Semillon', 'Merlot', 'CabernetFranc']<|eot_id|><|start_header_id|>user<|end_header_id|>

CaliforniaRegion<|eot_id|><|start_header_id|>assistant<|end_header_id|>

1. Meritage
2. PetiteSyrah
3. Zinfandel
4. CabernetSauvignon<|eot_id|>
2024-10-30 18:55:06,935 [INFO] root predict:predict 29:: <|begin_of_text|><|begin_of_text|><|start_header_id|>system<|end_header_id|>

You are a helpful assistant that responds with a ranked list of classes that a user input belongs to. Generate a list of the top 4 most likely classes. Do not generate a list of less than 4 classes. Do not provide any other information other than the list.
Create the ranked list considering only the provided classes
---
Classes: ['Bordeaux', 'Chardonnay', 'Anjou', 'Meritage', 'WineColor', 'WineSugar', 'PetiteSyrah', 'StEmilion', 'Riesling', 'WineFlavor', 'Zinfandel', 'Margaux', 'Wine', 'SweetRiesling', 'WhiteBurgundy', 'IceWine', 'Beaujolais', 'DessertWine', 'WineGrape', 'CotesDOr', 'RedWine', 'CheninBlanc', 'Grape', 'VintageYear', 'DryRiesling', 'SauvignonBlanc', 'Winery', 'Port', 'PotableLiquid', 'LateHarvest', 'CabernetSauvignon', 'Pauillac', 'Region', 'ItalianWine', 'Meursault', 'Chianti', 'Muscadet', 'WineTaste', 'Sauternes', 'WineBody', 'Sancerre', 'RedTableWine', 'PinotNoir', 'WhiteWine', 'WineDescriptor', 'Semillon', 'Merlot', 'CabernetFranc']<|eot_id|><|start_header_id|>user<|end_header_id|>

CentralCoastRegion<|eot_id|><|start_header_id|>assistant<|end_header_id|>

1. WineRegion
2. Region
3. WhiteWine
4. RedWine<|eot_id|>
2024-10-30 18:55:09,044 [INFO] root predict:predict 29:: <|begin_of_text|><|begin_of_text|><|start_header_id|>system<|end_header_id|>

You are a helpful assistant that responds with a ranked list of classes that a user input belongs to. Generate a list of the top 4 most likely classes. Do not generate a list of less than 4 classes. Do not provide any other information other than the list.
Create the ranked list considering only the provided classes
---
Classes: ['Bordeaux', 'Chardonnay', 'Anjou', 'Meritage', 'WineColor', 'WineSugar', 'PetiteSyrah', 'StEmilion', 'Riesling', 'WineFlavor', 'Zinfandel', 'Margaux', 'Wine', 'SweetRiesling', 'WhiteBurgundy', 'IceWine', 'Beaujolais', 'DessertWine', 'WineGrape', 'CotesDOr', 'RedWine', 'CheninBlanc', 'Grape', 'VintageYear', 'DryRiesling', 'SauvignonBlanc', 'Winery', 'Port', 'PotableLiquid', 'LateHarvest', 'CabernetSauvignon', 'Pauillac', 'Region', 'ItalianWine', 'Meursault', 'Chianti', 'Muscadet', 'WineTaste', 'Sauternes', 'WineBody', 'Sancerre', 'RedTableWine', 'PinotNoir', 'WhiteWine', 'WineDescriptor', 'Semillon', 'Merlot', 'CabernetFranc']<|eot_id|><|start_header_id|>user<|end_header_id|>

CentralTexasRegion<|eot_id|><|start_header_id|>assistant<|end_header_id|>

1. Region
2. Wine
3. RedWine
4. WhiteWine<|eot_id|>
2024-10-30 18:55:11,232 [INFO] root predict:predict 29:: <|begin_of_text|><|begin_of_text|><|start_header_id|>system<|end_header_id|>

You are a helpful assistant that responds with a ranked list of classes that a user input belongs to. Generate a list of the top 4 most likely classes. Do not generate a list of less than 4 classes. Do not provide any other information other than the list.
Create the ranked list considering only the provided classes
---
Classes: ['Bordeaux', 'Chardonnay', 'Anjou', 'Meritage', 'WineColor', 'WineSugar', 'PetiteSyrah', 'StEmilion', 'Riesling', 'WineFlavor', 'Zinfandel', 'Margaux', 'Wine', 'SweetRiesling', 'WhiteBurgundy', 'IceWine', 'Beaujolais', 'DessertWine', 'WineGrape', 'CotesDOr', 'RedWine', 'CheninBlanc', 'Grape', 'VintageYear', 'DryRiesling', 'SauvignonBlanc', 'Winery', 'Port', 'PotableLiquid', 'LateHarvest', 'CabernetSauvignon', 'Pauillac', 'Region', 'ItalianWine', 'Meursault', 'Chianti', 'Muscadet', 'WineTaste', 'Sauternes', 'WineBody', 'Sancerre', 'RedTableWine', 'PinotNoir', 'WhiteWine', 'WineDescriptor', 'Semillon', 'Merlot', 'CabernetFranc']<|eot_id|><|start_header_id|>user<|end_header_id|>

ChardonnayGrape<|eot_id|><|start_header_id|>assistant<|end_header_id|>

1. Wine
2. Grape
3. WineGrape
4. Chardonnay<|eot_id|>
2024-10-30 18:55:13,347 [INFO] root predict:predict 29:: <|begin_of_text|><|begin_of_text|><|start_header_id|>system<|end_header_id|>

You are a helpful assistant that responds with a ranked list of classes that a user input belongs to. Generate a list of the top 4 most likely classes. Do not generate a list of less than 4 classes. Do not provide any other information other than the list.
Create the ranked list considering only the provided classes
---
Classes: ['Bordeaux', 'Chardonnay', 'Anjou', 'Meritage', 'WineColor', 'WineSugar', 'PetiteSyrah', 'StEmilion', 'Riesling', 'WineFlavor', 'Zinfandel', 'Margaux', 'Wine', 'SweetRiesling', 'WhiteBurgundy', 'IceWine', 'Beaujolais', 'DessertWine', 'WineGrape', 'CotesDOr', 'RedWine', 'CheninBlanc', 'Grape', 'VintageYear', 'DryRiesling', 'SauvignonBlanc', 'Winery', 'Port', 'PotableLiquid', 'LateHarvest', 'CabernetSauvignon', 'Pauillac', 'Region', 'ItalianWine', 'Meursault', 'Chianti', 'Muscadet', 'WineTaste', 'Sauternes', 'WineBody', 'Sancerre', 'RedTableWine', 'PinotNoir', 'WhiteWine', 'WineDescriptor', 'Semillon', 'Merlot', 'CabernetFranc']<|eot_id|><|start_header_id|>user<|end_header_id|>

ChateauChevalBlanc<|eot_id|><|start_header_id|>assistant<|end_header_id|>

1. Bordeaux
2. Chateau
3. Margaux
4. Pauillac<|eot_id|>
2024-10-30 18:55:16,426 [INFO] root predict:predict 29:: <|begin_of_text|><|begin_of_text|><|start_header_id|>system<|end_header_id|>

You are a helpful assistant that responds with a ranked list of classes that a user input belongs to. Generate a list of the top 4 most likely classes. Do not generate a list of less than 4 classes. Do not provide any other information other than the list.
Create the ranked list considering only the provided classes
---
Classes: ['Bordeaux', 'Chardonnay', 'Anjou', 'Meritage', 'WineColor', 'WineSugar', 'PetiteSyrah', 'StEmilion', 'Riesling', 'WineFlavor', 'Zinfandel', 'Margaux', 'Wine', 'SweetRiesling', 'WhiteBurgundy', 'IceWine', 'Beaujolais', 'DessertWine', 'WineGrape', 'CotesDOr', 'RedWine', 'CheninBlanc', 'Grape', 'VintageYear', 'DryRiesling', 'SauvignonBlanc', 'Winery', 'Port', 'PotableLiquid', 'LateHarvest', 'CabernetSauvignon', 'Pauillac', 'Region', 'ItalianWine', 'Meursault', 'Chianti', 'Muscadet', 'WineTaste', 'Sauternes', 'WineBody', 'Sancerre', 'RedTableWine', 'PinotNoir', 'WhiteWine', 'WineDescriptor', 'Semillon', 'Merlot', 'CabernetFranc']<|eot_id|><|start_header_id|>user<|end_header_id|>

ChateauChevalBlancStEmilion<|eot_id|><|start_header_id|>assistant<|end_header_id|>

Here is the ranked list of classes that the input belongs to:

1. StEmilion
2. Bordeaux
3. Wine
4. RedWine<|eot_id|>
2024-10-30 18:55:18,539 [INFO] root predict:predict 29:: <|begin_of_text|><|begin_of_text|><|start_header_id|>system<|end_header_id|>

You are a helpful assistant that responds with a ranked list of classes that a user input belongs to. Generate a list of the top 4 most likely classes. Do not generate a list of less than 4 classes. Do not provide any other information other than the list.
Create the ranked list considering only the provided classes
---
Classes: ['Bordeaux', 'Chardonnay', 'Anjou', 'Meritage', 'WineColor', 'WineSugar', 'PetiteSyrah', 'StEmilion', 'Riesling', 'WineFlavor', 'Zinfandel', 'Margaux', 'Wine', 'SweetRiesling', 'WhiteBurgundy', 'IceWine', 'Beaujolais', 'DessertWine', 'WineGrape', 'CotesDOr', 'RedWine', 'CheninBlanc', 'Grape', 'VintageYear', 'DryRiesling', 'SauvignonBlanc', 'Winery', 'Port', 'PotableLiquid', 'LateHarvest', 'CabernetSauvignon', 'Pauillac', 'Region', 'ItalianWine', 'Meursault', 'Chianti', 'Muscadet', 'WineTaste', 'Sauternes', 'WineBody', 'Sancerre', 'RedTableWine', 'PinotNoir', 'WhiteWine', 'WineDescriptor', 'Semillon', 'Merlot', 'CabernetFranc']<|eot_id|><|start_header_id|>user<|end_header_id|>

ChateauDYchem<|eot_id|><|start_header_id|>assistant<|end_header_id|>

1. Chateau
2. Bordeaux
3. Margaux
4. Pauillac<|eot_id|>
2024-10-30 18:55:20,732 [INFO] root predict:predict 29:: <|begin_of_text|><|begin_of_text|><|start_header_id|>system<|end_header_id|>

You are a helpful assistant that responds with a ranked list of classes that a user input belongs to. Generate a list of the top 4 most likely classes. Do not generate a list of less than 4 classes. Do not provide any other information other than the list.
Create the ranked list considering only the provided classes
---
Classes: ['Bordeaux', 'Chardonnay', 'Anjou', 'Meritage', 'WineColor', 'WineSugar', 'PetiteSyrah', 'StEmilion', 'Riesling', 'WineFlavor', 'Zinfandel', 'Margaux', 'Wine', 'SweetRiesling', 'WhiteBurgundy', 'IceWine', 'Beaujolais', 'DessertWine', 'WineGrape', 'CotesDOr', 'RedWine', 'CheninBlanc', 'Grape', 'VintageYear', 'DryRiesling', 'SauvignonBlanc', 'Winery', 'Port', 'PotableLiquid', 'LateHarvest', 'CabernetSauvignon', 'Pauillac', 'Region', 'ItalianWine', 'Meursault', 'Chianti', 'Muscadet', 'WineTaste', 'Sauternes', 'WineBody', 'Sancerre', 'RedTableWine', 'PinotNoir', 'WhiteWine', 'WineDescriptor', 'Semillon', 'Merlot', 'CabernetFranc']<|eot_id|><|start_header_id|>user<|end_header_id|>

ChateauDYchemSauterne<|eot_id|><|start_header_id|>assistant<|end_header_id|>

1. Sauternes
2. Wine
3. DessertWine
4. Bordeaux<|eot_id|>
2024-10-30 18:55:23,075 [INFO] root predict:predict 29:: <|begin_of_text|><|begin_of_text|><|start_header_id|>system<|end_header_id|>

You are a helpful assistant that responds with a ranked list of classes that a user input belongs to. Generate a list of the top 4 most likely classes. Do not generate a list of less than 4 classes. Do not provide any other information other than the list.
Create the ranked list considering only the provided classes
---
Classes: ['Bordeaux', 'Chardonnay', 'Anjou', 'Meritage', 'WineColor', 'WineSugar', 'PetiteSyrah', 'StEmilion', 'Riesling', 'WineFlavor', 'Zinfandel', 'Margaux', 'Wine', 'SweetRiesling', 'WhiteBurgundy', 'IceWine', 'Beaujolais', 'DessertWine', 'WineGrape', 'CotesDOr', 'RedWine', 'CheninBlanc', 'Grape', 'VintageYear', 'DryRiesling', 'SauvignonBlanc', 'Winery', 'Port', 'PotableLiquid', 'LateHarvest', 'CabernetSauvignon', 'Pauillac', 'Region', 'ItalianWine', 'Meursault', 'Chianti', 'Muscadet', 'WineTaste', 'Sauternes', 'WineBody', 'Sancerre', 'RedTableWine', 'PinotNoir', 'WhiteWine', 'WineDescriptor', 'Semillon', 'Merlot', 'CabernetFranc']<|eot_id|><|start_header_id|>user<|end_header_id|>

ChateauDeMeursault<|eot_id|><|start_header_id|>assistant<|end_header_id|>

1. Meursault
2. Bordeaux
3. Chardonnay
4. WhiteWine<|eot_id|>
2024-10-30 18:55:25,421 [INFO] root predict:predict 29:: <|begin_of_text|><|begin_of_text|><|start_header_id|>system<|end_header_id|>

You are a helpful assistant that responds with a ranked list of classes that a user input belongs to. Generate a list of the top 4 most likely classes. Do not generate a list of less than 4 classes. Do not provide any other information other than the list.
Create the ranked list considering only the provided classes
---
Classes: ['Bordeaux', 'Chardonnay', 'Anjou', 'Meritage', 'WineColor', 'WineSugar', 'PetiteSyrah', 'StEmilion', 'Riesling', 'WineFlavor', 'Zinfandel', 'Margaux', 'Wine', 'SweetRiesling', 'WhiteBurgundy', 'IceWine', 'Beaujolais', 'DessertWine', 'WineGrape', 'CotesDOr', 'RedWine', 'CheninBlanc', 'Grape', 'VintageYear', 'DryRiesling', 'SauvignonBlanc', 'Winery', 'Port', 'PotableLiquid', 'LateHarvest', 'CabernetSauvignon', 'Pauillac', 'Region', 'ItalianWine', 'Meursault', 'Chianti', 'Muscadet', 'WineTaste', 'Sauternes', 'WineBody', 'Sancerre', 'RedTableWine', 'PinotNoir', 'WhiteWine', 'WineDescriptor', 'Semillon', 'Merlot', 'CabernetFranc']<|eot_id|><|start_header_id|>user<|end_header_id|>

ChateauDeMeursaultMeursault<|eot_id|><|start_header_id|>assistant<|end_header_id|>

1. WhiteWine
2. Meursault
3. Bordeaux
4. Chardonnay<|eot_id|>
2024-10-30 18:55:27,612 [INFO] root predict:predict 29:: <|begin_of_text|><|begin_of_text|><|start_header_id|>system<|end_header_id|>

You are a helpful assistant that responds with a ranked list of classes that a user input belongs to. Generate a list of the top 4 most likely classes. Do not generate a list of less than 4 classes. Do not provide any other information other than the list.
Create the ranked list considering only the provided classes
---
Classes: ['Bordeaux', 'Chardonnay', 'Anjou', 'Meritage', 'WineColor', 'WineSugar', 'PetiteSyrah', 'StEmilion', 'Riesling', 'WineFlavor', 'Zinfandel', 'Margaux', 'Wine', 'SweetRiesling', 'WhiteBurgundy', 'IceWine', 'Beaujolais', 'DessertWine', 'WineGrape', 'CotesDOr', 'RedWine', 'CheninBlanc', 'Grape', 'VintageYear', 'DryRiesling', 'SauvignonBlanc', 'Winery', 'Port', 'PotableLiquid', 'LateHarvest', 'CabernetSauvignon', 'Pauillac', 'Region', 'ItalianWine', 'Meursault', 'Chianti', 'Muscadet', 'WineTaste', 'Sauternes', 'WineBody', 'Sancerre', 'RedTableWine', 'PinotNoir', 'WhiteWine', 'WineDescriptor', 'Semillon', 'Merlot', 'CabernetFranc']<|eot_id|><|start_header_id|>user<|end_header_id|>

ChateauLafiteRothschild<|eot_id|><|start_header_id|>assistant<|end_header_id|>

1. Bordeaux
2. Pauillac
3. Margaux
4. StEmilion<|eot_id|>
2024-10-30 18:55:29,739 [INFO] root predict:predict 29:: <|begin_of_text|><|begin_of_text|><|start_header_id|>system<|end_header_id|>

You are a helpful assistant that responds with a ranked list of classes that a user input belongs to. Generate a list of the top 4 most likely classes. Do not generate a list of less than 4 classes. Do not provide any other information other than the list.
Create the ranked list considering only the provided classes
---
Classes: ['Bordeaux', 'Chardonnay', 'Anjou', 'Meritage', 'WineColor', 'WineSugar', 'PetiteSyrah', 'StEmilion', 'Riesling', 'WineFlavor', 'Zinfandel', 'Margaux', 'Wine', 'SweetRiesling', 'WhiteBurgundy', 'IceWine', 'Beaujolais', 'DessertWine', 'WineGrape', 'CotesDOr', 'RedWine', 'CheninBlanc', 'Grape', 'VintageYear', 'DryRiesling', 'SauvignonBlanc', 'Winery', 'Port', 'PotableLiquid', 'LateHarvest', 'CabernetSauvignon', 'Pauillac', 'Region', 'ItalianWine', 'Meursault', 'Chianti', 'Muscadet', 'WineTaste', 'Sauternes', 'WineBody', 'Sancerre', 'RedTableWine', 'PinotNoir', 'WhiteWine', 'WineDescriptor', 'Semillon', 'Merlot', 'CabernetFranc']<|eot_id|><|start_header_id|>user<|end_header_id|>

ChateauLafiteRothschildPauillac<|eot_id|><|start_header_id|>assistant<|end_header_id|>

1. Bordeaux
2. Pauillac
3. RedWine
4. Wine<|eot_id|>
2024-10-30 18:55:31,710 [INFO] root predict:predict 29:: <|begin_of_text|><|begin_of_text|><|start_header_id|>system<|end_header_id|>

You are a helpful assistant that responds with a ranked list of classes that a user input belongs to. Generate a list of the top 4 most likely classes. Do not generate a list of less than 4 classes. Do not provide any other information other than the list.
Create the ranked list considering only the provided classes
---
Classes: ['Bordeaux', 'Chardonnay', 'Anjou', 'Meritage', 'WineColor', 'WineSugar', 'PetiteSyrah', 'StEmilion', 'Riesling', 'WineFlavor', 'Zinfandel', 'Margaux', 'Wine', 'SweetRiesling', 'WhiteBurgundy', 'IceWine', 'Beaujolais', 'DessertWine', 'WineGrape', 'CotesDOr', 'RedWine', 'CheninBlanc', 'Grape', 'VintageYear', 'DryRiesling', 'SauvignonBlanc', 'Winery', 'Port', 'PotableLiquid', 'LateHarvest', 'CabernetSauvignon', 'Pauillac', 'Region', 'ItalianWine', 'Meursault', 'Chianti', 'Muscadet', 'WineTaste', 'Sauternes', 'WineBody', 'Sancerre', 'RedTableWine', 'PinotNoir', 'WhiteWine', 'WineDescriptor', 'Semillon', 'Merlot', 'CabernetFranc']<|eot_id|><|start_header_id|>user<|end_header_id|>

ChateauMargaux<|eot_id|><|start_header_id|>assistant<|end_header_id|>

1. Chateau
2. Bordeaux
3. Margaux
4. Wine<|eot_id|>
2024-10-30 18:55:33,753 [INFO] root predict:predict 29:: <|begin_of_text|><|begin_of_text|><|start_header_id|>system<|end_header_id|>

You are a helpful assistant that responds with a ranked list of classes that a user input belongs to. Generate a list of the top 4 most likely classes. Do not generate a list of less than 4 classes. Do not provide any other information other than the list.
Create the ranked list considering only the provided classes
---
Classes: ['Bordeaux', 'Chardonnay', 'Anjou', 'Meritage', 'WineColor', 'WineSugar', 'PetiteSyrah', 'StEmilion', 'Riesling', 'WineFlavor', 'Zinfandel', 'Margaux', 'Wine', 'SweetRiesling', 'WhiteBurgundy', 'IceWine', 'Beaujolais', 'DessertWine', 'WineGrape', 'CotesDOr', 'RedWine', 'CheninBlanc', 'Grape', 'VintageYear', 'DryRiesling', 'SauvignonBlanc', 'Winery', 'Port', 'PotableLiquid', 'LateHarvest', 'CabernetSauvignon', 'Pauillac', 'Region', 'ItalianWine', 'Meursault', 'Chianti', 'Muscadet', 'WineTaste', 'Sauternes', 'WineBody', 'Sancerre', 'RedTableWine', 'PinotNoir', 'WhiteWine', 'WineDescriptor', 'Semillon', 'Merlot', 'CabernetFranc']<|eot_id|><|start_header_id|>user<|end_header_id|>

ChateauMargauxWinery<|eot_id|><|start_header_id|>assistant<|end_header_id|>

1. Chateau
2. Wine
3. Margaux
4. Winery<|eot_id|>
2024-10-30 18:55:35,947 [INFO] root predict:predict 29:: <|begin_of_text|><|begin_of_text|><|start_header_id|>system<|end_header_id|>

You are a helpful assistant that responds with a ranked list of classes that a user input belongs to. Generate a list of the top 4 most likely classes. Do not generate a list of less than 4 classes. Do not provide any other information other than the list.
Create the ranked list considering only the provided classes
---
Classes: ['Bordeaux', 'Chardonnay', 'Anjou', 'Meritage', 'WineColor', 'WineSugar', 'PetiteSyrah', 'StEmilion', 'Riesling', 'WineFlavor', 'Zinfandel', 'Margaux', 'Wine', 'SweetRiesling', 'WhiteBurgundy', 'IceWine', 'Beaujolais', 'DessertWine', 'WineGrape', 'CotesDOr', 'RedWine', 'CheninBlanc', 'Grape', 'VintageYear', 'DryRiesling', 'SauvignonBlanc', 'Winery', 'Port', 'PotableLiquid', 'LateHarvest', 'CabernetSauvignon', 'Pauillac', 'Region', 'ItalianWine', 'Meursault', 'Chianti', 'Muscadet', 'WineTaste', 'Sauternes', 'WineBody', 'Sancerre', 'RedTableWine', 'PinotNoir', 'WhiteWine', 'WineDescriptor', 'Semillon', 'Merlot', 'CabernetFranc']<|eot_id|><|start_header_id|>user<|end_header_id|>

ChateauMorgon<|eot_id|><|start_header_id|>assistant<|end_header_id|>

1. Bordeaux
2. Chablis
3. StEmilion
4. Margaux<|eot_id|>
2024-10-30 18:55:38,068 [INFO] root predict:predict 29:: <|begin_of_text|><|begin_of_text|><|start_header_id|>system<|end_header_id|>

You are a helpful assistant that responds with a ranked list of classes that a user input belongs to. Generate a list of the top 4 most likely classes. Do not generate a list of less than 4 classes. Do not provide any other information other than the list.
Create the ranked list considering only the provided classes
---
Classes: ['Bordeaux', 'Chardonnay', 'Anjou', 'Meritage', 'WineColor', 'WineSugar', 'PetiteSyrah', 'StEmilion', 'Riesling', 'WineFlavor', 'Zinfandel', 'Margaux', 'Wine', 'SweetRiesling', 'WhiteBurgundy', 'IceWine', 'Beaujolais', 'DessertWine', 'WineGrape', 'CotesDOr', 'RedWine', 'CheninBlanc', 'Grape', 'VintageYear', 'DryRiesling', 'SauvignonBlanc', 'Winery', 'Port', 'PotableLiquid', 'LateHarvest', 'CabernetSauvignon', 'Pauillac', 'Region', 'ItalianWine', 'Meursault', 'Chianti', 'Muscadet', 'WineTaste', 'Sauternes', 'WineBody', 'Sancerre', 'RedTableWine', 'PinotNoir', 'WhiteWine', 'WineDescriptor', 'Semillon', 'Merlot', 'CabernetFranc']<|eot_id|><|start_header_id|>user<|end_header_id|>

ChateauMorgonBeaujolais<|eot_id|><|start_header_id|>assistant<|end_header_id|>

1. Beaujolais
2. Bordeaux
3. Chateau
4. Wine<|eot_id|>
2024-10-30 18:55:40,407 [INFO] root predict:predict 29:: <|begin_of_text|><|begin_of_text|><|start_header_id|>system<|end_header_id|>

You are a helpful assistant that responds with a ranked list of classes that a user input belongs to. Generate a list of the top 4 most likely classes. Do not generate a list of less than 4 classes. Do not provide any other information other than the list.
Create the ranked list considering only the provided classes
---
Classes: ['Bordeaux', 'Chardonnay', 'Anjou', 'Meritage', 'WineColor', 'WineSugar', 'PetiteSyrah', 'StEmilion', 'Riesling', 'WineFlavor', 'Zinfandel', 'Margaux', 'Wine', 'SweetRiesling', 'WhiteBurgundy', 'IceWine', 'Beaujolais', 'DessertWine', 'WineGrape', 'CotesDOr', 'RedWine', 'CheninBlanc', 'Grape', 'VintageYear', 'DryRiesling', 'SauvignonBlanc', 'Winery', 'Port', 'PotableLiquid', 'LateHarvest', 'CabernetSauvignon', 'Pauillac', 'Region', 'ItalianWine', 'Meursault', 'Chianti', 'Muscadet', 'WineTaste', 'Sauternes', 'WineBody', 'Sancerre', 'RedTableWine', 'PinotNoir', 'WhiteWine', 'WineDescriptor', 'Semillon', 'Merlot', 'CabernetFranc']<|eot_id|><|start_header_id|>user<|end_header_id|>

CheninBlancGrape<|eot_id|><|start_header_id|>assistant<|end_header_id|>

1. WineGrape
2. Grape
3. WhiteWine
4. CheninBlanc<|eot_id|>
2024-10-30 18:55:43,272 [INFO] root predict:predict 29:: <|begin_of_text|><|begin_of_text|><|start_header_id|>system<|end_header_id|>

You are a helpful assistant that responds with a ranked list of classes that a user input belongs to. Generate a list of the top 4 most likely classes. Do not generate a list of less than 4 classes. Do not provide any other information other than the list.
Create the ranked list considering only the provided classes
---
Classes: ['Bordeaux', 'Chardonnay', 'Anjou', 'Meritage', 'WineColor', 'WineSugar', 'PetiteSyrah', 'StEmilion', 'Riesling', 'WineFlavor', 'Zinfandel', 'Margaux', 'Wine', 'SweetRiesling', 'WhiteBurgundy', 'IceWine', 'Beaujolais', 'DessertWine', 'WineGrape', 'CotesDOr', 'RedWine', 'CheninBlanc', 'Grape', 'VintageYear', 'DryRiesling', 'SauvignonBlanc', 'Winery', 'Port', 'PotableLiquid', 'LateHarvest', 'CabernetSauvignon', 'Pauillac', 'Region', 'ItalianWine', 'Meursault', 'Chianti', 'Muscadet', 'WineTaste', 'Sauternes', 'WineBody', 'Sancerre', 'RedTableWine', 'PinotNoir', 'WhiteWine', 'WineDescriptor', 'Semillon', 'Merlot', 'CabernetFranc']<|eot_id|><|start_header_id|>user<|end_header_id|>

ChiantiClassico<|eot_id|><|start_header_id|>assistant<|end_header_id|>

Here is the ranked list of classes:

1. Chianti
2. ItalianWine
3. RedWine
4. Wine<|eot_id|>
2024-10-30 18:55:45,537 [INFO] root predict:predict 29:: <|begin_of_text|><|begin_of_text|><|start_header_id|>system<|end_header_id|>

You are a helpful assistant that responds with a ranked list of classes that a user input belongs to. Generate a list of the top 4 most likely classes. Do not generate a list of less than 4 classes. Do not provide any other information other than the list.
Create the ranked list considering only the provided classes
---
Classes: ['Bordeaux', 'Chardonnay', 'Anjou', 'Meritage', 'WineColor', 'WineSugar', 'PetiteSyrah', 'StEmilion', 'Riesling', 'WineFlavor', 'Zinfandel', 'Margaux', 'Wine', 'SweetRiesling', 'WhiteBurgundy', 'IceWine', 'Beaujolais', 'DessertWine', 'WineGrape', 'CotesDOr', 'RedWine', 'CheninBlanc', 'Grape', 'VintageYear', 'DryRiesling', 'SauvignonBlanc', 'Winery', 'Port', 'PotableLiquid', 'LateHarvest', 'CabernetSauvignon', 'Pauillac', 'Region', 'ItalianWine', 'Meursault', 'Chianti', 'Muscadet', 'WineTaste', 'Sauternes', 'WineBody', 'Sancerre', 'RedTableWine', 'PinotNoir', 'WhiteWine', 'WineDescriptor', 'Semillon', 'Merlot', 'CabernetFranc']<|eot_id|><|start_header_id|>user<|end_header_id|>

ChiantiRegion<|eot_id|><|start_header_id|>assistant<|end_header_id|>

1. Region
2. ItalianWine
3. Chianti
4. RedWine<|eot_id|>
2024-10-30 18:55:48,988 [INFO] root predict:predict 29:: <|begin_of_text|><|begin_of_text|><|start_header_id|>system<|end_header_id|>

You are a helpful assistant that responds with a ranked list of classes that a user input belongs to. Generate a list of the top 4 most likely classes. Do not generate a list of less than 4 classes. Do not provide any other information other than the list.
Create the ranked list considering only the provided classes
---
Classes: ['Bordeaux', 'Chardonnay', 'Anjou', 'Meritage', 'WineColor', 'WineSugar', 'PetiteSyrah', 'StEmilion', 'Riesling', 'WineFlavor', 'Zinfandel', 'Margaux', 'Wine', 'SweetRiesling', 'WhiteBurgundy', 'IceWine', 'Beaujolais', 'DessertWine', 'WineGrape', 'CotesDOr', 'RedWine', 'CheninBlanc', 'Grape', 'VintageYear', 'DryRiesling', 'SauvignonBlanc', 'Winery', 'Port', 'PotableLiquid', 'LateHarvest', 'CabernetSauvignon', 'Pauillac', 'Region', 'ItalianWine', 'Meursault', 'Chianti', 'Muscadet', 'WineTaste', 'Sauternes', 'WineBody', 'Sancerre', 'RedTableWine', 'PinotNoir', 'WhiteWine', 'WineDescriptor', 'Semillon', 'Merlot', 'CabernetFranc']<|eot_id|><|start_header_id|>user<|end_header_id|>

ClosDeLaPoussie<|eot_id|><|start_header_id|>assistant<|end_header_id|>

Here is the ranked list of classes that ClosDeLaPoussie belongs to:

1. Bordeaux
2. RedWine
3. Wine
4. WineRegion<|eot_id|>
2024-10-30 18:55:51,335 [INFO] root predict:predict 29:: <|begin_of_text|><|begin_of_text|><|start_header_id|>system<|end_header_id|>

You are a helpful assistant that responds with a ranked list of classes that a user input belongs to. Generate a list of the top 4 most likely classes. Do not generate a list of less than 4 classes. Do not provide any other information other than the list.
Create the ranked list considering only the provided classes
---
Classes: ['Bordeaux', 'Chardonnay', 'Anjou', 'Meritage', 'WineColor', 'WineSugar', 'PetiteSyrah', 'StEmilion', 'Riesling', 'WineFlavor', 'Zinfandel', 'Margaux', 'Wine', 'SweetRiesling', 'WhiteBurgundy', 'IceWine', 'Beaujolais', 'DessertWine', 'WineGrape', 'CotesDOr', 'RedWine', 'CheninBlanc', 'Grape', 'VintageYear', 'DryRiesling', 'SauvignonBlanc', 'Winery', 'Port', 'PotableLiquid', 'LateHarvest', 'CabernetSauvignon', 'Pauillac', 'Region', 'ItalianWine', 'Meursault', 'Chianti', 'Muscadet', 'WineTaste', 'Sauternes', 'WineBody', 'Sancerre', 'RedTableWine', 'PinotNoir', 'WhiteWine', 'WineDescriptor', 'Semillon', 'Merlot', 'CabernetFranc']<|eot_id|><|start_header_id|>user<|end_header_id|>

ClosDeLaPoussieSancerre<|eot_id|><|start_header_id|>assistant<|end_header_id|>

1. Sancerre
2. WhiteWine
3. RedTableWine
4. Wine<|eot_id|>
2024-10-30 18:55:53,819 [INFO] root predict:predict 29:: <|begin_of_text|><|begin_of_text|><|start_header_id|>system<|end_header_id|>

You are a helpful assistant that responds with a ranked list of classes that a user input belongs to. Generate a list of the top 4 most likely classes. Do not generate a list of less than 4 classes. Do not provide any other information other than the list.
Create the ranked list considering only the provided classes
---
Classes: ['Bordeaux', 'Chardonnay', 'Anjou', 'Meritage', 'WineColor', 'WineSugar', 'PetiteSyrah', 'StEmilion', 'Riesling', 'WineFlavor', 'Zinfandel', 'Margaux', 'Wine', 'SweetRiesling', 'WhiteBurgundy', 'IceWine', 'Beaujolais', 'DessertWine', 'WineGrape', 'CotesDOr', 'RedWine', 'CheninBlanc', 'Grape', 'VintageYear', 'DryRiesling', 'SauvignonBlanc', 'Winery', 'Port', 'PotableLiquid', 'LateHarvest', 'CabernetSauvignon', 'Pauillac', 'Region', 'ItalianWine', 'Meursault', 'Chianti', 'Muscadet', 'WineTaste', 'Sauternes', 'WineBody', 'Sancerre', 'RedTableWine', 'PinotNoir', 'WhiteWine', 'WineDescriptor', 'Semillon', 'Merlot', 'CabernetFranc']<|eot_id|><|start_header_id|>user<|end_header_id|>

ClosDeVougeot<|eot_id|><|start_header_id|>assistant<|end_header_id|>

1. Bordeaux
2. WhiteBurgundy
3. RedTableWine
4. PinotNoir<|eot_id|>
2024-10-30 18:55:56,168 [INFO] root predict:predict 29:: <|begin_of_text|><|begin_of_text|><|start_header_id|>system<|end_header_id|>

You are a helpful assistant that responds with a ranked list of classes that a user input belongs to. Generate a list of the top 4 most likely classes. Do not generate a list of less than 4 classes. Do not provide any other information other than the list.
Create the ranked list considering only the provided classes
---
Classes: ['Bordeaux', 'Chardonnay', 'Anjou', 'Meritage', 'WineColor', 'WineSugar', 'PetiteSyrah', 'StEmilion', 'Riesling', 'WineFlavor', 'Zinfandel', 'Margaux', 'Wine', 'SweetRiesling', 'WhiteBurgundy', 'IceWine', 'Beaujolais', 'DessertWine', 'WineGrape', 'CotesDOr', 'RedWine', 'CheninBlanc', 'Grape', 'VintageYear', 'DryRiesling', 'SauvignonBlanc', 'Winery', 'Port', 'PotableLiquid', 'LateHarvest', 'CabernetSauvignon', 'Pauillac', 'Region', 'ItalianWine', 'Meursault', 'Chianti', 'Muscadet', 'WineTaste', 'Sauternes', 'WineBody', 'Sancerre', 'RedTableWine', 'PinotNoir', 'WhiteWine', 'WineDescriptor', 'Semillon', 'Merlot', 'CabernetFranc']<|eot_id|><|start_header_id|>user<|end_header_id|>

ClosDeVougeotCotesDOr<|eot_id|><|start_header_id|>assistant<|end_header_id|>

1. CotesDOr
2. Bordeaux
3. WhiteWine
4. RedWine<|eot_id|>
2024-10-30 18:55:58,359 [INFO] root predict:predict 29:: <|begin_of_text|><|begin_of_text|><|start_header_id|>system<|end_header_id|>

You are a helpful assistant that responds with a ranked list of classes that a user input belongs to. Generate a list of the top 4 most likely classes. Do not generate a list of less than 4 classes. Do not provide any other information other than the list.
Create the ranked list considering only the provided classes
---
Classes: ['Bordeaux', 'Chardonnay', 'Anjou', 'Meritage', 'WineColor', 'WineSugar', 'PetiteSyrah', 'StEmilion', 'Riesling', 'WineFlavor', 'Zinfandel', 'Margaux', 'Wine', 'SweetRiesling', 'WhiteBurgundy', 'IceWine', 'Beaujolais', 'DessertWine', 'WineGrape', 'CotesDOr', 'RedWine', 'CheninBlanc', 'Grape', 'VintageYear', 'DryRiesling', 'SauvignonBlanc', 'Winery', 'Port', 'PotableLiquid', 'LateHarvest', 'CabernetSauvignon', 'Pauillac', 'Region', 'ItalianWine', 'Meursault', 'Chianti', 'Muscadet', 'WineTaste', 'Sauternes', 'WineBody', 'Sancerre', 'RedTableWine', 'PinotNoir', 'WhiteWine', 'WineDescriptor', 'Semillon', 'Merlot', 'CabernetFranc']<|eot_id|><|start_header_id|>user<|end_header_id|>

CongressSprings<|eot_id|><|start_header_id|>assistant<|end_header_id|>

1. Bordeaux
2. Meritage
3. StEmilion
4. Pauillac<|eot_id|>
2024-10-30 18:56:00,333 [INFO] root predict:predict 29:: <|begin_of_text|><|begin_of_text|><|start_header_id|>system<|end_header_id|>

You are a helpful assistant that responds with a ranked list of classes that a user input belongs to. Generate a list of the top 4 most likely classes. Do not generate a list of less than 4 classes. Do not provide any other information other than the list.
Create the ranked list considering only the provided classes
---
Classes: ['Bordeaux', 'Chardonnay', 'Anjou', 'Meritage', 'WineColor', 'WineSugar', 'PetiteSyrah', 'StEmilion', 'Riesling', 'WineFlavor', 'Zinfandel', 'Margaux', 'Wine', 'SweetRiesling', 'WhiteBurgundy', 'IceWine', 'Beaujolais', 'DessertWine', 'WineGrape', 'CotesDOr', 'RedWine', 'CheninBlanc', 'Grape', 'VintageYear', 'DryRiesling', 'SauvignonBlanc', 'Winery', 'Port', 'PotableLiquid', 'LateHarvest', 'CabernetSauvignon', 'Pauillac', 'Region', 'ItalianWine', 'Meursault', 'Chianti', 'Muscadet', 'WineTaste', 'Sauternes', 'WineBody', 'Sancerre', 'RedTableWine', 'PinotNoir', 'WhiteWine', 'WineDescriptor', 'Semillon', 'Merlot', 'CabernetFranc']<|eot_id|><|start_header_id|>user<|end_header_id|>

CongressSpringsSemillon<|eot_id|><|start_header_id|>assistant<|end_header_id|>

1. Semillon
2. Wine
3. Bordeaux
4. WineDescriptor<|eot_id|>
2024-10-30 18:56:02,446 [INFO] root predict:predict 29:: <|begin_of_text|><|begin_of_text|><|start_header_id|>system<|end_header_id|>

You are a helpful assistant that responds with a ranked list of classes that a user input belongs to. Generate a list of the top 4 most likely classes. Do not generate a list of less than 4 classes. Do not provide any other information other than the list.
Create the ranked list considering only the provided classes
---
Classes: ['Bordeaux', 'Chardonnay', 'Anjou', 'Meritage', 'WineColor', 'WineSugar', 'PetiteSyrah', 'StEmilion', 'Riesling', 'WineFlavor', 'Zinfandel', 'Margaux', 'Wine', 'SweetRiesling', 'WhiteBurgundy', 'IceWine', 'Beaujolais', 'DessertWine', 'WineGrape', 'CotesDOr', 'RedWine', 'CheninBlanc', 'Grape', 'VintageYear', 'DryRiesling', 'SauvignonBlanc', 'Winery', 'Port', 'PotableLiquid', 'LateHarvest', 'CabernetSauvignon', 'Pauillac', 'Region', 'ItalianWine', 'Meursault', 'Chianti', 'Muscadet', 'WineTaste', 'Sauternes', 'WineBody', 'Sancerre', 'RedTableWine', 'PinotNoir', 'WhiteWine', 'WineDescriptor', 'Semillon', 'Merlot', 'CabernetFranc']<|eot_id|><|start_header_id|>user<|end_header_id|>

Corbans<|eot_id|><|start_header_id|>assistant<|end_header_id|>

1. Bordeaux
2. Meritage
3. Pauillac
4. Margaux<|eot_id|>
2024-10-30 18:56:04,789 [INFO] root predict:predict 29:: <|begin_of_text|><|begin_of_text|><|start_header_id|>system<|end_header_id|>

You are a helpful assistant that responds with a ranked list of classes that a user input belongs to. Generate a list of the top 4 most likely classes. Do not generate a list of less than 4 classes. Do not provide any other information other than the list.
Create the ranked list considering only the provided classes
---
Classes: ['Bordeaux', 'Chardonnay', 'Anjou', 'Meritage', 'WineColor', 'WineSugar', 'PetiteSyrah', 'StEmilion', 'Riesling', 'WineFlavor', 'Zinfandel', 'Margaux', 'Wine', 'SweetRiesling', 'WhiteBurgundy', 'IceWine', 'Beaujolais', 'DessertWine', 'WineGrape', 'CotesDOr', 'RedWine', 'CheninBlanc', 'Grape', 'VintageYear', 'DryRiesling', 'SauvignonBlanc', 'Winery', 'Port', 'PotableLiquid', 'LateHarvest', 'CabernetSauvignon', 'Pauillac', 'Region', 'ItalianWine', 'Meursault', 'Chianti', 'Muscadet', 'WineTaste', 'Sauternes', 'WineBody', 'Sancerre', 'RedTableWine', 'PinotNoir', 'WhiteWine', 'WineDescriptor', 'Semillon', 'Merlot', 'CabernetFranc']<|eot_id|><|start_header_id|>user<|end_header_id|>

CorbansDryWhiteRiesling<|eot_id|><|start_header_id|>assistant<|end_header_id|>

1. WhiteWine
2. Riesling
3. DryRiesling
4. Wine<|eot_id|>
2024-10-30 18:56:08,248 [INFO] root predict:predict 29:: <|begin_of_text|><|begin_of_text|><|start_header_id|>system<|end_header_id|>

You are a helpful assistant that responds with a ranked list of classes that a user input belongs to. Generate a list of the top 4 most likely classes. Do not generate a list of less than 4 classes. Do not provide any other information other than the list.
Create the ranked list considering only the provided classes
---
Classes: ['Bordeaux', 'Chardonnay', 'Anjou', 'Meritage', 'WineColor', 'WineSugar', 'PetiteSyrah', 'StEmilion', 'Riesling', 'WineFlavor', 'Zinfandel', 'Margaux', 'Wine', 'SweetRiesling', 'WhiteBurgundy', 'IceWine', 'Beaujolais', 'DessertWine', 'WineGrape', 'CotesDOr', 'RedWine', 'CheninBlanc', 'Grape', 'VintageYear', 'DryRiesling', 'SauvignonBlanc', 'Winery', 'Port', 'PotableLiquid', 'LateHarvest', 'CabernetSauvignon', 'Pauillac', 'Region', 'ItalianWine', 'Meursault', 'Chianti', 'Muscadet', 'WineTaste', 'Sauternes', 'WineBody', 'Sancerre', 'RedTableWine', 'PinotNoir', 'WhiteWine', 'WineDescriptor', 'Semillon', 'Merlot', 'CabernetFranc']<|eot_id|><|start_header_id|>user<|end_header_id|>

CorbansPrivateBinSauvignonBlanc<|eot_id|><|start_header_id|>assistant<|end_header_id|>

Here is the ranked list of classes that the input belongs to:

1. Wine
2. WhiteWine
3. SauvignonBlanc
4. CorbansPrivate<|eot_id|>
2024-10-30 18:56:10,513 [INFO] root predict:predict 29:: <|begin_of_text|><|begin_of_text|><|start_header_id|>system<|end_header_id|>

You are a helpful assistant that responds with a ranked list of classes that a user input belongs to. Generate a list of the top 4 most likely classes. Do not generate a list of less than 4 classes. Do not provide any other information other than the list.
Create the ranked list considering only the provided classes
---
Classes: ['Bordeaux', 'Chardonnay', 'Anjou', 'Meritage', 'WineColor', 'WineSugar', 'PetiteSyrah', 'StEmilion', 'Riesling', 'WineFlavor', 'Zinfandel', 'Margaux', 'Wine', 'SweetRiesling', 'WhiteBurgundy', 'IceWine', 'Beaujolais', 'DessertWine', 'WineGrape', 'CotesDOr', 'RedWine', 'CheninBlanc', 'Grape', 'VintageYear', 'DryRiesling', 'SauvignonBlanc', 'Winery', 'Port', 'PotableLiquid', 'LateHarvest', 'CabernetSauvignon', 'Pauillac', 'Region', 'ItalianWine', 'Meursault', 'Chianti', 'Muscadet', 'WineTaste', 'Sauternes', 'WineBody', 'Sancerre', 'RedTableWine', 'PinotNoir', 'WhiteWine', 'WineDescriptor', 'Semillon', 'Merlot', 'CabernetFranc']<|eot_id|><|start_header_id|>user<|end_header_id|>

CorbansSauvignonBlanc<|eot_id|><|start_header_id|>assistant<|end_header_id|>

1. Sauvignon Blanc
2. White Wine
3. Wine
4. Red Table Wine<|eot_id|>
2024-10-30 18:56:12,928 [INFO] root predict:predict 29:: <|begin_of_text|><|begin_of_text|><|start_header_id|>system<|end_header_id|>

You are a helpful assistant that responds with a ranked list of classes that a user input belongs to. Generate a list of the top 4 most likely classes. Do not generate a list of less than 4 classes. Do not provide any other information other than the list.
Create the ranked list considering only the provided classes
---
Classes: ['Bordeaux', 'Chardonnay', 'Anjou', 'Meritage', 'WineColor', 'WineSugar', 'PetiteSyrah', 'StEmilion', 'Riesling', 'WineFlavor', 'Zinfandel', 'Margaux', 'Wine', 'SweetRiesling', 'WhiteBurgundy', 'IceWine', 'Beaujolais', 'DessertWine', 'WineGrape', 'CotesDOr', 'RedWine', 'CheninBlanc', 'Grape', 'VintageYear', 'DryRiesling', 'SauvignonBlanc', 'Winery', 'Port', 'PotableLiquid', 'LateHarvest', 'CabernetSauvignon', 'Pauillac', 'Region', 'ItalianWine', 'Meursault', 'Chianti', 'Muscadet', 'WineTaste', 'Sauternes', 'WineBody', 'Sancerre', 'RedTableWine', 'PinotNoir', 'WhiteWine', 'WineDescriptor', 'Semillon', 'Merlot', 'CabernetFranc']<|eot_id|><|start_header_id|>user<|end_header_id|>

CortonMontrachet<|eot_id|><|start_header_id|>assistant<|end_header_id|>

1. WhiteWine
2. Burgundy
3. Meursault
4. Chardonnay<|eot_id|>
2024-10-30 18:56:15,642 [INFO] root predict:predict 29:: <|begin_of_text|><|begin_of_text|><|start_header_id|>system<|end_header_id|>

You are a helpful assistant that responds with a ranked list of classes that a user input belongs to. Generate a list of the top 4 most likely classes. Do not generate a list of less than 4 classes. Do not provide any other information other than the list.
Create the ranked list considering only the provided classes
---
Classes: ['Bordeaux', 'Chardonnay', 'Anjou', 'Meritage', 'WineColor', 'WineSugar', 'PetiteSyrah', 'StEmilion', 'Riesling', 'WineFlavor', 'Zinfandel', 'Margaux', 'Wine', 'SweetRiesling', 'WhiteBurgundy', 'IceWine', 'Beaujolais', 'DessertWine', 'WineGrape', 'CotesDOr', 'RedWine', 'CheninBlanc', 'Grape', 'VintageYear', 'DryRiesling', 'SauvignonBlanc', 'Winery', 'Port', 'PotableLiquid', 'LateHarvest', 'CabernetSauvignon', 'Pauillac', 'Region', 'ItalianWine', 'Meursault', 'Chianti', 'Muscadet', 'WineTaste', 'Sauternes', 'WineBody', 'Sancerre', 'RedTableWine', 'PinotNoir', 'WhiteWine', 'WineDescriptor', 'Semillon', 'Merlot', 'CabernetFranc']<|eot_id|><|start_header_id|>user<|end_header_id|>

CortonMontrachetWhiteBurgundy<|eot_id|><|start_header_id|>assistant<|end_header_id|>

[1] WhiteBurgundy
[2] Meursault
[3] Chardonnay
[4] Bordeaux<|eot_id|>
2024-10-30 18:56:17,983 [INFO] root predict:predict 29:: <|begin_of_text|><|begin_of_text|><|start_header_id|>system<|end_header_id|>

You are a helpful assistant that responds with a ranked list of classes that a user input belongs to. Generate a list of the top 4 most likely classes. Do not generate a list of less than 4 classes. Do not provide any other information other than the list.
Create the ranked list considering only the provided classes
---
Classes: ['Bordeaux', 'Chardonnay', 'Anjou', 'Meritage', 'WineColor', 'WineSugar', 'PetiteSyrah', 'StEmilion', 'Riesling', 'WineFlavor', 'Zinfandel', 'Margaux', 'Wine', 'SweetRiesling', 'WhiteBurgundy', 'IceWine', 'Beaujolais', 'DessertWine', 'WineGrape', 'CotesDOr', 'RedWine', 'CheninBlanc', 'Grape', 'VintageYear', 'DryRiesling', 'SauvignonBlanc', 'Winery', 'Port', 'PotableLiquid', 'LateHarvest', 'CabernetSauvignon', 'Pauillac', 'Region', 'ItalianWine', 'Meursault', 'Chianti', 'Muscadet', 'WineTaste', 'Sauternes', 'WineBody', 'Sancerre', 'RedTableWine', 'PinotNoir', 'WhiteWine', 'WineDescriptor', 'Semillon', 'Merlot', 'CabernetFranc']<|eot_id|><|start_header_id|>user<|end_header_id|>

CotesDOrRegion<|eot_id|><|start_header_id|>assistant<|end_header_id|>

1. CotesDOr
2. RedWine
3. WhiteWine
4. Wine<|eot_id|>
2024-10-30 18:56:20,100 [INFO] root predict:predict 29:: <|begin_of_text|><|begin_of_text|><|start_header_id|>system<|end_header_id|>

You are a helpful assistant that responds with a ranked list of classes that a user input belongs to. Generate a list of the top 4 most likely classes. Do not generate a list of less than 4 classes. Do not provide any other information other than the list.
Create the ranked list considering only the provided classes
---
Classes: ['Bordeaux', 'Chardonnay', 'Anjou', 'Meritage', 'WineColor', 'WineSugar', 'PetiteSyrah', 'StEmilion', 'Riesling', 'WineFlavor', 'Zinfandel', 'Margaux', 'Wine', 'SweetRiesling', 'WhiteBurgundy', 'IceWine', 'Beaujolais', 'DessertWine', 'WineGrape', 'CotesDOr', 'RedWine', 'CheninBlanc', 'Grape', 'VintageYear', 'DryRiesling', 'SauvignonBlanc', 'Winery', 'Port', 'PotableLiquid', 'LateHarvest', 'CabernetSauvignon', 'Pauillac', 'Region', 'ItalianWine', 'Meursault', 'Chianti', 'Muscadet', 'WineTaste', 'Sauternes', 'WineBody', 'Sancerre', 'RedTableWine', 'PinotNoir', 'WhiteWine', 'WineDescriptor', 'Semillon', 'Merlot', 'CabernetFranc']<|eot_id|><|start_header_id|>user<|end_header_id|>

Cotturi<|eot_id|><|start_header_id|>assistant<|end_header_id|>

1. Bordeaux
2. Meritage
3. Pauillac
4. Margaux<|eot_id|>
2024-10-30 18:56:22,443 [INFO] root predict:predict 29:: <|begin_of_text|><|begin_of_text|><|start_header_id|>system<|end_header_id|>

You are a helpful assistant that responds with a ranked list of classes that a user input belongs to. Generate a list of the top 4 most likely classes. Do not generate a list of less than 4 classes. Do not provide any other information other than the list.
Create the ranked list considering only the provided classes
---
Classes: ['Bordeaux', 'Chardonnay', 'Anjou', 'Meritage', 'WineColor', 'WineSugar', 'PetiteSyrah', 'StEmilion', 'Riesling', 'WineFlavor', 'Zinfandel', 'Margaux', 'Wine', 'SweetRiesling', 'WhiteBurgundy', 'IceWine', 'Beaujolais', 'DessertWine', 'WineGrape', 'CotesDOr', 'RedWine', 'CheninBlanc', 'Grape', 'VintageYear', 'DryRiesling', 'SauvignonBlanc', 'Winery', 'Port', 'PotableLiquid', 'LateHarvest', 'CabernetSauvignon', 'Pauillac', 'Region', 'ItalianWine', 'Meursault', 'Chianti', 'Muscadet', 'WineTaste', 'Sauternes', 'WineBody', 'Sancerre', 'RedTableWine', 'PinotNoir', 'WhiteWine', 'WineDescriptor', 'Semillon', 'Merlot', 'CabernetFranc']<|eot_id|><|start_header_id|>user<|end_header_id|>

CotturiZinfandel<|eot_id|><|start_header_id|>assistant<|end_header_id|>

1. Zinfandel
2. Wine
3. RedWine
4. RedTableWine<|eot_id|>
2024-10-30 18:56:24,708 [INFO] root predict:predict 29:: <|begin_of_text|><|begin_of_text|><|start_header_id|>system<|end_header_id|>

You are a helpful assistant that responds with a ranked list of classes that a user input belongs to. Generate a list of the top 4 most likely classes. Do not generate a list of less than 4 classes. Do not provide any other information other than the list.
Create the ranked list considering only the provided classes
---
Classes: ['Bordeaux', 'Chardonnay', 'Anjou', 'Meritage', 'WineColor', 'WineSugar', 'PetiteSyrah', 'StEmilion', 'Riesling', 'WineFlavor', 'Zinfandel', 'Margaux', 'Wine', 'SweetRiesling', 'WhiteBurgundy', 'IceWine', 'Beaujolais', 'DessertWine', 'WineGrape', 'CotesDOr', 'RedWine', 'CheninBlanc', 'Grape', 'VintageYear', 'DryRiesling', 'SauvignonBlanc', 'Winery', 'Port', 'PotableLiquid', 'LateHarvest', 'CabernetSauvignon', 'Pauillac', 'Region', 'ItalianWine', 'Meursault', 'Chianti', 'Muscadet', 'WineTaste', 'Sauternes', 'WineBody', 'Sancerre', 'RedTableWine', 'PinotNoir', 'WhiteWine', 'WineDescriptor', 'Semillon', 'Merlot', 'CabernetFranc']<|eot_id|><|start_header_id|>user<|end_header_id|>

DAnjou<|eot_id|><|start_header_id|>assistant<|end_header_id|>

1. Anjou
2. Bordeaux
3. Sancerre
4. Meursault<|eot_id|>
2024-10-30 18:56:26,900 [INFO] root predict:predict 29:: <|begin_of_text|><|begin_of_text|><|start_header_id|>system<|end_header_id|>

You are a helpful assistant that responds with a ranked list of classes that a user input belongs to. Generate a list of the top 4 most likely classes. Do not generate a list of less than 4 classes. Do not provide any other information other than the list.
Create the ranked list considering only the provided classes
---
Classes: ['Bordeaux', 'Chardonnay', 'Anjou', 'Meritage', 'WineColor', 'WineSugar', 'PetiteSyrah', 'StEmilion', 'Riesling', 'WineFlavor', 'Zinfandel', 'Margaux', 'Wine', 'SweetRiesling', 'WhiteBurgundy', 'IceWine', 'Beaujolais', 'DessertWine', 'WineGrape', 'CotesDOr', 'RedWine', 'CheninBlanc', 'Grape', 'VintageYear', 'DryRiesling', 'SauvignonBlanc', 'Winery', 'Port', 'PotableLiquid', 'LateHarvest', 'CabernetSauvignon', 'Pauillac', 'Region', 'ItalianWine', 'Meursault', 'Chianti', 'Muscadet', 'WineTaste', 'Sauternes', 'WineBody', 'Sancerre', 'RedTableWine', 'PinotNoir', 'WhiteWine', 'WineDescriptor', 'Semillon', 'Merlot', 'CabernetFranc']<|eot_id|><|start_header_id|>user<|end_header_id|>

Delicate<|eot_id|><|start_header_id|>assistant<|end_header_id|>

1. Wine
2. WineTaste
3. WineFlavor
4. WineBody<|eot_id|>
2024-10-30 18:56:29,314 [INFO] root predict:predict 29:: <|begin_of_text|><|begin_of_text|><|start_header_id|>system<|end_header_id|>

You are a helpful assistant that responds with a ranked list of classes that a user input belongs to. Generate a list of the top 4 most likely classes. Do not generate a list of less than 4 classes. Do not provide any other information other than the list.
Create the ranked list considering only the provided classes
---
Classes: ['Bordeaux', 'Chardonnay', 'Anjou', 'Meritage', 'WineColor', 'WineSugar', 'PetiteSyrah', 'StEmilion', 'Riesling', 'WineFlavor', 'Zinfandel', 'Margaux', 'Wine', 'SweetRiesling', 'WhiteBurgundy', 'IceWine', 'Beaujolais', 'DessertWine', 'WineGrape', 'CotesDOr', 'RedWine', 'CheninBlanc', 'Grape', 'VintageYear', 'DryRiesling', 'SauvignonBlanc', 'Winery', 'Port', 'PotableLiquid', 'LateHarvest', 'CabernetSauvignon', 'Pauillac', 'Region', 'ItalianWine', 'Meursault', 'Chianti', 'Muscadet', 'WineTaste', 'Sauternes', 'WineBody', 'Sancerre', 'RedTableWine', 'PinotNoir', 'WhiteWine', 'WineDescriptor', 'Semillon', 'Merlot', 'CabernetFranc']<|eot_id|><|start_header_id|>user<|end_header_id|>

Dry<|eot_id|><|start_header_id|>assistant<|end_header_id|>

1. WineSugar
2. DryRiesling
3. RedWine
4. WhiteWine<|eot_id|>
2024-10-30 18:56:31,437 [INFO] root predict:predict 29:: <|begin_of_text|><|begin_of_text|><|start_header_id|>system<|end_header_id|>

You are a helpful assistant that responds with a ranked list of classes that a user input belongs to. Generate a list of the top 4 most likely classes. Do not generate a list of less than 4 classes. Do not provide any other information other than the list.
Create the ranked list considering only the provided classes
---
Classes: ['Bordeaux', 'Chardonnay', 'Anjou', 'Meritage', 'WineColor', 'WineSugar', 'PetiteSyrah', 'StEmilion', 'Riesling', 'WineFlavor', 'Zinfandel', 'Margaux', 'Wine', 'SweetRiesling', 'WhiteBurgundy', 'IceWine', 'Beaujolais', 'DessertWine', 'WineGrape', 'CotesDOr', 'RedWine', 'CheninBlanc', 'Grape', 'VintageYear', 'DryRiesling', 'SauvignonBlanc', 'Winery', 'Port', 'PotableLiquid', 'LateHarvest', 'CabernetSauvignon', 'Pauillac', 'Region', 'ItalianWine', 'Meursault', 'Chianti', 'Muscadet', 'WineTaste', 'Sauternes', 'WineBody', 'Sancerre', 'RedTableWine', 'PinotNoir', 'WhiteWine', 'WineDescriptor', 'Semillon', 'Merlot', 'CabernetFranc']<|eot_id|><|start_header_id|>user<|end_header_id|>

EdnaValleyRegion<|eot_id|><|start_header_id|>assistant<|end_header_id|>

1. WineRegion
2. Region
3. EdnaValley
4. Bordeaux<|eot_id|>
2024-10-30 18:56:33,409 [INFO] root predict:predict 29:: <|begin_of_text|><|begin_of_text|><|start_header_id|>system<|end_header_id|>

You are a helpful assistant that responds with a ranked list of classes that a user input belongs to. Generate a list of the top 4 most likely classes. Do not generate a list of less than 4 classes. Do not provide any other information other than the list.
Create the ranked list considering only the provided classes
---
Classes: ['Bordeaux', 'Chardonnay', 'Anjou', 'Meritage', 'WineColor', 'WineSugar', 'PetiteSyrah', 'StEmilion', 'Riesling', 'WineFlavor', 'Zinfandel', 'Margaux', 'Wine', 'SweetRiesling', 'WhiteBurgundy', 'IceWine', 'Beaujolais', 'DessertWine', 'WineGrape', 'CotesDOr', 'RedWine', 'CheninBlanc', 'Grape', 'VintageYear', 'DryRiesling', 'SauvignonBlanc', 'Winery', 'Port', 'PotableLiquid', 'LateHarvest', 'CabernetSauvignon', 'Pauillac', 'Region', 'ItalianWine', 'Meursault', 'Chianti', 'Muscadet', 'WineTaste', 'Sauternes', 'WineBody', 'Sancerre', 'RedTableWine', 'PinotNoir', 'WhiteWine', 'WineDescriptor', 'Semillon', 'Merlot', 'CabernetFranc']<|eot_id|><|start_header_id|>user<|end_header_id|>

Elyse<|eot_id|><|start_header_id|>assistant<|end_header_id|>

1. Wine
2. Bordeaux
3. Meritage
4. Margaux<|eot_id|>
2024-10-30 18:56:35,682 [INFO] root predict:predict 29:: <|begin_of_text|><|begin_of_text|><|start_header_id|>system<|end_header_id|>

You are a helpful assistant that responds with a ranked list of classes that a user input belongs to. Generate a list of the top 4 most likely classes. Do not generate a list of less than 4 classes. Do not provide any other information other than the list.
Create the ranked list considering only the provided classes
---
Classes: ['Bordeaux', 'Chardonnay', 'Anjou', 'Meritage', 'WineColor', 'WineSugar', 'PetiteSyrah', 'StEmilion', 'Riesling', 'WineFlavor', 'Zinfandel', 'Margaux', 'Wine', 'SweetRiesling', 'WhiteBurgundy', 'IceWine', 'Beaujolais', 'DessertWine', 'WineGrape', 'CotesDOr', 'RedWine', 'CheninBlanc', 'Grape', 'VintageYear', 'DryRiesling', 'SauvignonBlanc', 'Winery', 'Port', 'PotableLiquid', 'LateHarvest', 'CabernetSauvignon', 'Pauillac', 'Region', 'ItalianWine', 'Meursault', 'Chianti', 'Muscadet', 'WineTaste', 'Sauternes', 'WineBody', 'Sancerre', 'RedTableWine', 'PinotNoir', 'WhiteWine', 'WineDescriptor', 'Semillon', 'Merlot', 'CabernetFranc']<|eot_id|><|start_header_id|>user<|end_header_id|>

ElyseZinfandel<|eot_id|><|start_header_id|>assistant<|end_header_id|>

1. Zinfandel
2. Wine
3. RedWine
4. WineGrape<|eot_id|>
2024-10-30 18:56:37,799 [INFO] root predict:predict 29:: <|begin_of_text|><|begin_of_text|><|start_header_id|>system<|end_header_id|>

You are a helpful assistant that responds with a ranked list of classes that a user input belongs to. Generate a list of the top 4 most likely classes. Do not generate a list of less than 4 classes. Do not provide any other information other than the list.
Create the ranked list considering only the provided classes
---
Classes: ['Bordeaux', 'Chardonnay', 'Anjou', 'Meritage', 'WineColor', 'WineSugar', 'PetiteSyrah', 'StEmilion', 'Riesling', 'WineFlavor', 'Zinfandel', 'Margaux', 'Wine', 'SweetRiesling', 'WhiteBurgundy', 'IceWine', 'Beaujolais', 'DessertWine', 'WineGrape', 'CotesDOr', 'RedWine', 'CheninBlanc', 'Grape', 'VintageYear', 'DryRiesling', 'SauvignonBlanc', 'Winery', 'Port', 'PotableLiquid', 'LateHarvest', 'CabernetSauvignon', 'Pauillac', 'Region', 'ItalianWine', 'Meursault', 'Chianti', 'Muscadet', 'WineTaste', 'Sauternes', 'WineBody', 'Sancerre', 'RedTableWine', 'PinotNoir', 'WhiteWine', 'WineDescriptor', 'Semillon', 'Merlot', 'CabernetFranc']<|eot_id|><|start_header_id|>user<|end_header_id|>

Forman<|eot_id|><|start_header_id|>assistant<|end_header_id|>

1. Bordeaux
2. Meritage
3. Pauillac
4. Margaux<|eot_id|>
2024-10-30 18:56:40,067 [INFO] root predict:predict 29:: <|begin_of_text|><|begin_of_text|><|start_header_id|>system<|end_header_id|>

You are a helpful assistant that responds with a ranked list of classes that a user input belongs to. Generate a list of the top 4 most likely classes. Do not generate a list of less than 4 classes. Do not provide any other information other than the list.
Create the ranked list considering only the provided classes
---
Classes: ['Bordeaux', 'Chardonnay', 'Anjou', 'Meritage', 'WineColor', 'WineSugar', 'PetiteSyrah', 'StEmilion', 'Riesling', 'WineFlavor', 'Zinfandel', 'Margaux', 'Wine', 'SweetRiesling', 'WhiteBurgundy', 'IceWine', 'Beaujolais', 'DessertWine', 'WineGrape', 'CotesDOr', 'RedWine', 'CheninBlanc', 'Grape', 'VintageYear', 'DryRiesling', 'SauvignonBlanc', 'Winery', 'Port', 'PotableLiquid', 'LateHarvest', 'CabernetSauvignon', 'Pauillac', 'Region', 'ItalianWine', 'Meursault', 'Chianti', 'Muscadet', 'WineTaste', 'Sauternes', 'WineBody', 'Sancerre', 'RedTableWine', 'PinotNoir', 'WhiteWine', 'WineDescriptor', 'Semillon', 'Merlot', 'CabernetFranc']<|eot_id|><|start_header_id|>user<|end_header_id|>

FormanCabernetSauvignon<|eot_id|><|start_header_id|>assistant<|end_header_id|>

1. RedWine
2. CabernetSauvignon
3. Bordeaux
4. Wine<|eot_id|>
2024-10-30 18:56:42,342 [INFO] root predict:predict 29:: <|begin_of_text|><|begin_of_text|><|start_header_id|>system<|end_header_id|>

You are a helpful assistant that responds with a ranked list of classes that a user input belongs to. Generate a list of the top 4 most likely classes. Do not generate a list of less than 4 classes. Do not provide any other information other than the list.
Create the ranked list considering only the provided classes
---
Classes: ['Bordeaux', 'Chardonnay', 'Anjou', 'Meritage', 'WineColor', 'WineSugar', 'PetiteSyrah', 'StEmilion', 'Riesling', 'WineFlavor', 'Zinfandel', 'Margaux', 'Wine', 'SweetRiesling', 'WhiteBurgundy', 'IceWine', 'Beaujolais', 'DessertWine', 'WineGrape', 'CotesDOr', 'RedWine', 'CheninBlanc', 'Grape', 'VintageYear', 'DryRiesling', 'SauvignonBlanc', 'Winery', 'Port', 'PotableLiquid', 'LateHarvest', 'CabernetSauvignon', 'Pauillac', 'Region', 'ItalianWine', 'Meursault', 'Chianti', 'Muscadet', 'WineTaste', 'Sauternes', 'WineBody', 'Sancerre', 'RedTableWine', 'PinotNoir', 'WhiteWine', 'WineDescriptor', 'Semillon', 'Merlot', 'CabernetFranc']<|eot_id|><|start_header_id|>user<|end_header_id|>

FormanChardonnay<|eot_id|><|start_header_id|>assistant<|end_header_id|>

1. Chardonnay
2. Wine
3. WhiteWine
4. WineDescriptor<|eot_id|>
2024-10-30 18:56:44,979 [INFO] root predict:predict 29:: <|begin_of_text|><|begin_of_text|><|start_header_id|>system<|end_header_id|>

You are a helpful assistant that responds with a ranked list of classes that a user input belongs to. Generate a list of the top 4 most likely classes. Do not generate a list of less than 4 classes. Do not provide any other information other than the list.
Create the ranked list considering only the provided classes
---
Classes: ['Bordeaux', 'Chardonnay', 'Anjou', 'Meritage', 'WineColor', 'WineSugar', 'PetiteSyrah', 'StEmilion', 'Riesling', 'WineFlavor', 'Zinfandel', 'Margaux', 'Wine', 'SweetRiesling', 'WhiteBurgundy', 'IceWine', 'Beaujolais', 'DessertWine', 'WineGrape', 'CotesDOr', 'RedWine', 'CheninBlanc', 'Grape', 'VintageYear', 'DryRiesling', 'SauvignonBlanc', 'Winery', 'Port', 'PotableLiquid', 'LateHarvest', 'CabernetSauvignon', 'Pauillac', 'Region', 'ItalianWine', 'Meursault', 'Chianti', 'Muscadet', 'WineTaste', 'Sauternes', 'WineBody', 'Sancerre', 'RedTableWine', 'PinotNoir', 'WhiteWine', 'WineDescriptor', 'Semillon', 'Merlot', 'CabernetFranc']<|eot_id|><|start_header_id|>user<|end_header_id|>

Foxen<|eot_id|><|start_header_id|>assistant<|end_header_id|>

Here is the ranked list of classes that the input "Foxen" belongs to:

1. Wine
2. RedWine<|eot_id|>
2024-10-30 18:56:47,171 [INFO] root predict:predict 29:: <|begin_of_text|><|begin_of_text|><|start_header_id|>system<|end_header_id|>

You are a helpful assistant that responds with a ranked list of classes that a user input belongs to. Generate a list of the top 4 most likely classes. Do not generate a list of less than 4 classes. Do not provide any other information other than the list.
Create the ranked list considering only the provided classes
---
Classes: ['Bordeaux', 'Chardonnay', 'Anjou', 'Meritage', 'WineColor', 'WineSugar', 'PetiteSyrah', 'StEmilion', 'Riesling', 'WineFlavor', 'Zinfandel', 'Margaux', 'Wine', 'SweetRiesling', 'WhiteBurgundy', 'IceWine', 'Beaujolais', 'DessertWine', 'WineGrape', 'CotesDOr', 'RedWine', 'CheninBlanc', 'Grape', 'VintageYear', 'DryRiesling', 'SauvignonBlanc', 'Winery', 'Port', 'PotableLiquid', 'LateHarvest', 'CabernetSauvignon', 'Pauillac', 'Region', 'ItalianWine', 'Meursault', 'Chianti', 'Muscadet', 'WineTaste', 'Sauternes', 'WineBody', 'Sancerre', 'RedTableWine', 'PinotNoir', 'WhiteWine', 'WineDescriptor', 'Semillon', 'Merlot', 'CabernetFranc']<|eot_id|><|start_header_id|>user<|end_header_id|>

FoxenCheninBlanc<|eot_id|><|start_header_id|>assistant<|end_header_id|>

1. Wine
2. WhiteWine
3. CheninBlanc
4. Bordeaux<|eot_id|>
2024-10-30 18:56:50,703 [INFO] root predict:predict 29:: <|begin_of_text|><|begin_of_text|><|start_header_id|>system<|end_header_id|>

You are a helpful assistant that responds with a ranked list of classes that a user input belongs to. Generate a list of the top 4 most likely classes. Do not generate a list of less than 4 classes. Do not provide any other information other than the list.
Create the ranked list considering only the provided classes
---
Classes: ['Bordeaux', 'Chardonnay', 'Anjou', 'Meritage', 'WineColor', 'WineSugar', 'PetiteSyrah', 'StEmilion', 'Riesling', 'WineFlavor', 'Zinfandel', 'Margaux', 'Wine', 'SweetRiesling', 'WhiteBurgundy', 'IceWine', 'Beaujolais', 'DessertWine', 'WineGrape', 'CotesDOr', 'RedWine', 'CheninBlanc', 'Grape', 'VintageYear', 'DryRiesling', 'SauvignonBlanc', 'Winery', 'Port', 'PotableLiquid', 'LateHarvest', 'CabernetSauvignon', 'Pauillac', 'Region', 'ItalianWine', 'Meursault', 'Chianti', 'Muscadet', 'WineTaste', 'Sauternes', 'WineBody', 'Sancerre', 'RedTableWine', 'PinotNoir', 'WhiteWine', 'WineDescriptor', 'Semillon', 'Merlot', 'CabernetFranc']<|eot_id|><|start_header_id|>user<|end_header_id|>

FrenchRegion<|eot_id|><|start_header_id|>assistant<|end_header_id|>

Here is the ranked list of classes that the input "FrenchRegion" belongs to:

1. Bordeaux
2. Anjou
3. StEmilion
4. Pauillac<|eot_id|>
2024-10-30 18:56:52,897 [INFO] root predict:predict 29:: <|begin_of_text|><|begin_of_text|><|start_header_id|>system<|end_header_id|>

You are a helpful assistant that responds with a ranked list of classes that a user input belongs to. Generate a list of the top 4 most likely classes. Do not generate a list of less than 4 classes. Do not provide any other information other than the list.
Create the ranked list considering only the provided classes
---
Classes: ['Bordeaux', 'Chardonnay', 'Anjou', 'Meritage', 'WineColor', 'WineSugar', 'PetiteSyrah', 'StEmilion', 'Riesling', 'WineFlavor', 'Zinfandel', 'Margaux', 'Wine', 'SweetRiesling', 'WhiteBurgundy', 'IceWine', 'Beaujolais', 'DessertWine', 'WineGrape', 'CotesDOr', 'RedWine', 'CheninBlanc', 'Grape', 'VintageYear', 'DryRiesling', 'SauvignonBlanc', 'Winery', 'Port', 'PotableLiquid', 'LateHarvest', 'CabernetSauvignon', 'Pauillac', 'Region', 'ItalianWine', 'Meursault', 'Chianti', 'Muscadet', 'WineTaste', 'Sauternes', 'WineBody', 'Sancerre', 'RedTableWine', 'PinotNoir', 'WhiteWine', 'WineDescriptor', 'Semillon', 'Merlot', 'CabernetFranc']<|eot_id|><|start_header_id|>user<|end_header_id|>

Full<|eot_id|><|start_header_id|>assistant<|end_header_id|>

1. Wine
2. RedWine
3. WhiteWine
4. WineBody<|eot_id|>
2024-10-30 18:56:55,239 [INFO] root predict:predict 29:: <|begin_of_text|><|begin_of_text|><|start_header_id|>system<|end_header_id|>

You are a helpful assistant that responds with a ranked list of classes that a user input belongs to. Generate a list of the top 4 most likely classes. Do not generate a list of less than 4 classes. Do not provide any other information other than the list.
Create the ranked list considering only the provided classes
---
Classes: ['Bordeaux', 'Chardonnay', 'Anjou', 'Meritage', 'WineColor', 'WineSugar', 'PetiteSyrah', 'StEmilion', 'Riesling', 'WineFlavor', 'Zinfandel', 'Margaux', 'Wine', 'SweetRiesling', 'WhiteBurgundy', 'IceWine', 'Beaujolais', 'DessertWine', 'WineGrape', 'CotesDOr', 'RedWine', 'CheninBlanc', 'Grape', 'VintageYear', 'DryRiesling', 'SauvignonBlanc', 'Winery', 'Port', 'PotableLiquid', 'LateHarvest', 'CabernetSauvignon', 'Pauillac', 'Region', 'ItalianWine', 'Meursault', 'Chianti', 'Muscadet', 'WineTaste', 'Sauternes', 'WineBody', 'Sancerre', 'RedTableWine', 'PinotNoir', 'WhiteWine', 'WineDescriptor', 'Semillon', 'Merlot', 'CabernetFranc']<|eot_id|><|start_header_id|>user<|end_header_id|>

GamayGrape<|eot_id|><|start_header_id|>assistant<|end_header_id|>

1. RedWine
2. Grape
3. WineGrape
4. PinotNoir<|eot_id|>
2024-10-30 18:56:57,357 [INFO] root predict:predict 29:: <|begin_of_text|><|begin_of_text|><|start_header_id|>system<|end_header_id|>

You are a helpful assistant that responds with a ranked list of classes that a user input belongs to. Generate a list of the top 4 most likely classes. Do not generate a list of less than 4 classes. Do not provide any other information other than the list.
Create the ranked list considering only the provided classes
---
Classes: ['Bordeaux', 'Chardonnay', 'Anjou', 'Meritage', 'WineColor', 'WineSugar', 'PetiteSyrah', 'StEmilion', 'Riesling', 'WineFlavor', 'Zinfandel', 'Margaux', 'Wine', 'SweetRiesling', 'WhiteBurgundy', 'IceWine', 'Beaujolais', 'DessertWine', 'WineGrape', 'CotesDOr', 'RedWine', 'CheninBlanc', 'Grape', 'VintageYear', 'DryRiesling', 'SauvignonBlanc', 'Winery', 'Port', 'PotableLiquid', 'LateHarvest', 'CabernetSauvignon', 'Pauillac', 'Region', 'ItalianWine', 'Meursault', 'Chianti', 'Muscadet', 'WineTaste', 'Sauternes', 'WineBody', 'Sancerre', 'RedTableWine', 'PinotNoir', 'WhiteWine', 'WineDescriptor', 'Semillon', 'Merlot', 'CabernetFranc']<|eot_id|><|start_header_id|>user<|end_header_id|>

GaryFarrell<|eot_id|><|start_header_id|>assistant<|end_header_id|>

1. Bordeaux
2. Meritage
3. Pauillac
4. Margaux<|eot_id|>
2024-10-30 18:56:59,402 [INFO] root predict:predict 29:: <|begin_of_text|><|begin_of_text|><|start_header_id|>system<|end_header_id|>

You are a helpful assistant that responds with a ranked list of classes that a user input belongs to. Generate a list of the top 4 most likely classes. Do not generate a list of less than 4 classes. Do not provide any other information other than the list.
Create the ranked list considering only the provided classes
---
Classes: ['Bordeaux', 'Chardonnay', 'Anjou', 'Meritage', 'WineColor', 'WineSugar', 'PetiteSyrah', 'StEmilion', 'Riesling', 'WineFlavor', 'Zinfandel', 'Margaux', 'Wine', 'SweetRiesling', 'WhiteBurgundy', 'IceWine', 'Beaujolais', 'DessertWine', 'WineGrape', 'CotesDOr', 'RedWine', 'CheninBlanc', 'Grape', 'VintageYear', 'DryRiesling', 'SauvignonBlanc', 'Winery', 'Port', 'PotableLiquid', 'LateHarvest', 'CabernetSauvignon', 'Pauillac', 'Region', 'ItalianWine', 'Meursault', 'Chianti', 'Muscadet', 'WineTaste', 'Sauternes', 'WineBody', 'Sancerre', 'RedTableWine', 'PinotNoir', 'WhiteWine', 'WineDescriptor', 'Semillon', 'Merlot', 'CabernetFranc']<|eot_id|><|start_header_id|>user<|end_header_id|>

GaryFarrellMerlot<|eot_id|><|start_header_id|>assistant<|end_header_id|>

1. Merlot
2. Meritage
3. Bordeaux
4. Merlot<|eot_id|>
2024-10-30 18:57:01,675 [INFO] root predict:predict 29:: <|begin_of_text|><|begin_of_text|><|start_header_id|>system<|end_header_id|>

You are a helpful assistant that responds with a ranked list of classes that a user input belongs to. Generate a list of the top 4 most likely classes. Do not generate a list of less than 4 classes. Do not provide any other information other than the list.
Create the ranked list considering only the provided classes
---
Classes: ['Bordeaux', 'Chardonnay', 'Anjou', 'Meritage', 'WineColor', 'WineSugar', 'PetiteSyrah', 'StEmilion', 'Riesling', 'WineFlavor', 'Zinfandel', 'Margaux', 'Wine', 'SweetRiesling', 'WhiteBurgundy', 'IceWine', 'Beaujolais', 'DessertWine', 'WineGrape', 'CotesDOr', 'RedWine', 'CheninBlanc', 'Grape', 'VintageYear', 'DryRiesling', 'SauvignonBlanc', 'Winery', 'Port', 'PotableLiquid', 'LateHarvest', 'CabernetSauvignon', 'Pauillac', 'Region', 'ItalianWine', 'Meursault', 'Chianti', 'Muscadet', 'WineTaste', 'Sauternes', 'WineBody', 'Sancerre', 'RedTableWine', 'PinotNoir', 'WhiteWine', 'WineDescriptor', 'Semillon', 'Merlot', 'CabernetFranc']<|eot_id|><|start_header_id|>user<|end_header_id|>

GermanyRegion<|eot_id|><|start_header_id|>assistant<|end_header_id|>

1. Bordeaux
2. StEmilion
3. Anjou
4. Riesling<|eot_id|>
2024-10-30 18:57:03,791 [INFO] root predict:predict 29:: <|begin_of_text|><|begin_of_text|><|start_header_id|>system<|end_header_id|>

You are a helpful assistant that responds with a ranked list of classes that a user input belongs to. Generate a list of the top 4 most likely classes. Do not generate a list of less than 4 classes. Do not provide any other information other than the list.
Create the ranked list considering only the provided classes
---
Classes: ['Bordeaux', 'Chardonnay', 'Anjou', 'Meritage', 'WineColor', 'WineSugar', 'PetiteSyrah', 'StEmilion', 'Riesling', 'WineFlavor', 'Zinfandel', 'Margaux', 'Wine', 'SweetRiesling', 'WhiteBurgundy', 'IceWine', 'Beaujolais', 'DessertWine', 'WineGrape', 'CotesDOr', 'RedWine', 'CheninBlanc', 'Grape', 'VintageYear', 'DryRiesling', 'SauvignonBlanc', 'Winery', 'Port', 'PotableLiquid', 'LateHarvest', 'CabernetSauvignon', 'Pauillac', 'Region', 'ItalianWine', 'Meursault', 'Chianti', 'Muscadet', 'WineTaste', 'Sauternes', 'WineBody', 'Sancerre', 'RedTableWine', 'PinotNoir', 'WhiteWine', 'WineDescriptor', 'Semillon', 'Merlot', 'CabernetFranc']<|eot_id|><|start_header_id|>user<|end_header_id|>

Handley<|eot_id|><|start_header_id|>assistant<|end_header_id|>

1. Meritage
2. Bordeaux
3. Pauillac
4. Margaux<|eot_id|>
2024-10-30 18:57:05,316 [INFO] root predict:predict 29:: <|begin_of_text|><|begin_of_text|><|start_header_id|>system<|end_header_id|>

You are a helpful assistant that responds with a ranked list of classes that a user input belongs to. Generate a list of the top 4 most likely classes. Do not generate a list of less than 4 classes. Do not provide any other information other than the list.
Create the ranked list considering only the provided classes
---
Classes: ['Bordeaux', 'Chardonnay', 'Anjou', 'Meritage', 'WineColor', 'WineSugar', 'PetiteSyrah', 'StEmilion', 'Riesling', 'WineFlavor', 'Zinfandel', 'Margaux', 'Wine', 'SweetRiesling', 'WhiteBurgundy', 'IceWine', 'Beaujolais', 'DessertWine', 'WineGrape', 'CotesDOr', 'RedWine', 'CheninBlanc', 'Grape', 'VintageYear', 'DryRiesling', 'SauvignonBlanc', 'Winery', 'Port', 'PotableLiquid', 'LateHarvest', 'CabernetSauvignon', 'Pauillac', 'Region', 'ItalianWine', 'Meursault', 'Chianti', 'Muscadet', 'WineTaste', 'Sauternes', 'WineBody', 'Sancerre', 'RedTableWine', 'PinotNoir', 'WhiteWine', 'WineDescriptor', 'Semillon', 'Merlot', 'CabernetFranc']<|eot_id|><|start_header_id|>user<|end_header_id|>

ItalianRegion<|eot_id|><|start_header_id|>assistant<|end_header_id|>

1. Chianti
2. ItalianWine<|eot_id|>
2024-10-30 18:57:08,104 [INFO] root predict:predict 29:: <|begin_of_text|><|begin_of_text|><|start_header_id|>system<|end_header_id|>

You are a helpful assistant that responds with a ranked list of classes that a user input belongs to. Generate a list of the top 4 most likely classes. Do not generate a list of less than 4 classes. Do not provide any other information other than the list.
Create the ranked list considering only the provided classes
---
Classes: ['Bordeaux', 'Chardonnay', 'Anjou', 'Meritage', 'WineColor', 'WineSugar', 'PetiteSyrah', 'StEmilion', 'Riesling', 'WineFlavor', 'Zinfandel', 'Margaux', 'Wine', 'SweetRiesling', 'WhiteBurgundy', 'IceWine', 'Beaujolais', 'DessertWine', 'WineGrape', 'CotesDOr', 'RedWine', 'CheninBlanc', 'Grape', 'VintageYear', 'DryRiesling', 'SauvignonBlanc', 'Winery', 'Port', 'PotableLiquid', 'LateHarvest', 'CabernetSauvignon', 'Pauillac', 'Region', 'ItalianWine', 'Meursault', 'Chianti', 'Muscadet', 'WineTaste', 'Sauternes', 'WineBody', 'Sancerre', 'RedTableWine', 'PinotNoir', 'WhiteWine', 'WineDescriptor', 'Semillon', 'Merlot', 'CabernetFranc']<|eot_id|><|start_header_id|>user<|end_header_id|>

KalinCellars<|eot_id|><|start_header_id|>assistant<|end_header_id|>

Here is the ranked list of classes:

1. Wine
2. WineGrape
3. WineTaste
4. Winery<|eot_id|>
2024-10-30 18:57:10,227 [INFO] root predict:predict 29:: <|begin_of_text|><|begin_of_text|><|start_header_id|>system<|end_header_id|>

You are a helpful assistant that responds with a ranked list of classes that a user input belongs to. Generate a list of the top 4 most likely classes. Do not generate a list of less than 4 classes. Do not provide any other information other than the list.
Create the ranked list considering only the provided classes
---
Classes: ['Bordeaux', 'Chardonnay', 'Anjou', 'Meritage', 'WineColor', 'WineSugar', 'PetiteSyrah', 'StEmilion', 'Riesling', 'WineFlavor', 'Zinfandel', 'Margaux', 'Wine', 'SweetRiesling', 'WhiteBurgundy', 'IceWine', 'Beaujolais', 'DessertWine', 'WineGrape', 'CotesDOr', 'RedWine', 'CheninBlanc', 'Grape', 'VintageYear', 'DryRiesling', 'SauvignonBlanc', 'Winery', 'Port', 'PotableLiquid', 'LateHarvest', 'CabernetSauvignon', 'Pauillac', 'Region', 'ItalianWine', 'Meursault', 'Chianti', 'Muscadet', 'WineTaste', 'Sauternes', 'WineBody', 'Sancerre', 'RedTableWine', 'PinotNoir', 'WhiteWine', 'WineDescriptor', 'Semillon', 'Merlot', 'CabernetFranc']<|eot_id|><|start_header_id|>user<|end_header_id|>

KalinCellarsSemillon<|eot_id|><|start_header_id|>assistant<|end_header_id|>

1. Wine
2. Semillon
3. WineDescriptor
4. WineGrape<|eot_id|>
2024-10-30 18:57:12,422 [INFO] root predict:predict 29:: <|begin_of_text|><|begin_of_text|><|start_header_id|>system<|end_header_id|>

You are a helpful assistant that responds with a ranked list of classes that a user input belongs to. Generate a list of the top 4 most likely classes. Do not generate a list of less than 4 classes. Do not provide any other information other than the list.
Create the ranked list considering only the provided classes
---
Classes: ['Bordeaux', 'Chardonnay', 'Anjou', 'Meritage', 'WineColor', 'WineSugar', 'PetiteSyrah', 'StEmilion', 'Riesling', 'WineFlavor', 'Zinfandel', 'Margaux', 'Wine', 'SweetRiesling', 'WhiteBurgundy', 'IceWine', 'Beaujolais', 'DessertWine', 'WineGrape', 'CotesDOr', 'RedWine', 'CheninBlanc', 'Grape', 'VintageYear', 'DryRiesling', 'SauvignonBlanc', 'Winery', 'Port', 'PotableLiquid', 'LateHarvest', 'CabernetSauvignon', 'Pauillac', 'Region', 'ItalianWine', 'Meursault', 'Chianti', 'Muscadet', 'WineTaste', 'Sauternes', 'WineBody', 'Sancerre', 'RedTableWine', 'PinotNoir', 'WhiteWine', 'WineDescriptor', 'Semillon', 'Merlot', 'CabernetFranc']<|eot_id|><|start_header_id|>user<|end_header_id|>

KathrynKennedy<|eot_id|><|start_header_id|>assistant<|end_header_id|>

1. RedWine
2. Wine
3. WineDescriptor
4. WhiteWine<|eot_id|>
2024-10-30 18:57:14,472 [INFO] root predict:predict 29:: <|begin_of_text|><|begin_of_text|><|start_header_id|>system<|end_header_id|>

You are a helpful assistant that responds with a ranked list of classes that a user input belongs to. Generate a list of the top 4 most likely classes. Do not generate a list of less than 4 classes. Do not provide any other information other than the list.
Create the ranked list considering only the provided classes
---
Classes: ['Bordeaux', 'Chardonnay', 'Anjou', 'Meritage', 'WineColor', 'WineSugar', 'PetiteSyrah', 'StEmilion', 'Riesling', 'WineFlavor', 'Zinfandel', 'Margaux', 'Wine', 'SweetRiesling', 'WhiteBurgundy', 'IceWine', 'Beaujolais', 'DessertWine', 'WineGrape', 'CotesDOr', 'RedWine', 'CheninBlanc', 'Grape', 'VintageYear', 'DryRiesling', 'SauvignonBlanc', 'Winery', 'Port', 'PotableLiquid', 'LateHarvest', 'CabernetSauvignon', 'Pauillac', 'Region', 'ItalianWine', 'Meursault', 'Chianti', 'Muscadet', 'WineTaste', 'Sauternes', 'WineBody', 'Sancerre', 'RedTableWine', 'PinotNoir', 'WhiteWine', 'WineDescriptor', 'Semillon', 'Merlot', 'CabernetFranc']<|eot_id|><|start_header_id|>user<|end_header_id|>

KathrynKennedyLateral<|eot_id|><|start_header_id|>assistant<|end_header_id|>

1. Meritage
2. Bordeaux
3. RedWine
4. Wine<|eot_id|>
2024-10-30 18:57:16,812 [INFO] root predict:predict 29:: <|begin_of_text|><|begin_of_text|><|start_header_id|>system<|end_header_id|>

You are a helpful assistant that responds with a ranked list of classes that a user input belongs to. Generate a list of the top 4 most likely classes. Do not generate a list of less than 4 classes. Do not provide any other information other than the list.
Create the ranked list considering only the provided classes
---
Classes: ['Bordeaux', 'Chardonnay', 'Anjou', 'Meritage', 'WineColor', 'WineSugar', 'PetiteSyrah', 'StEmilion', 'Riesling', 'WineFlavor', 'Zinfandel', 'Margaux', 'Wine', 'SweetRiesling', 'WhiteBurgundy', 'IceWine', 'Beaujolais', 'DessertWine', 'WineGrape', 'CotesDOr', 'RedWine', 'CheninBlanc', 'Grape', 'VintageYear', 'DryRiesling', 'SauvignonBlanc', 'Winery', 'Port', 'PotableLiquid', 'LateHarvest', 'CabernetSauvignon', 'Pauillac', 'Region', 'ItalianWine', 'Meursault', 'Chianti', 'Muscadet', 'WineTaste', 'Sauternes', 'WineBody', 'Sancerre', 'RedTableWine', 'PinotNoir', 'WhiteWine', 'WineDescriptor', 'Semillon', 'Merlot', 'CabernetFranc']<|eot_id|><|start_header_id|>user<|end_header_id|>

LaneTanner<|eot_id|><|start_header_id|>assistant<|end_header_id|>

1. Zinfandel
2. Pinot Noir
3. Merlot
4. CabernetFranc<|eot_id|>
2024-10-30 18:57:19,012 [INFO] root predict:predict 29:: <|begin_of_text|><|begin_of_text|><|start_header_id|>system<|end_header_id|>

You are a helpful assistant that responds with a ranked list of classes that a user input belongs to. Generate a list of the top 4 most likely classes. Do not generate a list of less than 4 classes. Do not provide any other information other than the list.
Create the ranked list considering only the provided classes
---
Classes: ['Bordeaux', 'Chardonnay', 'Anjou', 'Meritage', 'WineColor', 'WineSugar', 'PetiteSyrah', 'StEmilion', 'Riesling', 'WineFlavor', 'Zinfandel', 'Margaux', 'Wine', 'SweetRiesling', 'WhiteBurgundy', 'IceWine', 'Beaujolais', 'DessertWine', 'WineGrape', 'CotesDOr', 'RedWine', 'CheninBlanc', 'Grape', 'VintageYear', 'DryRiesling', 'SauvignonBlanc', 'Winery', 'Port', 'PotableLiquid', 'LateHarvest', 'CabernetSauvignon', 'Pauillac', 'Region', 'ItalianWine', 'Meursault', 'Chianti', 'Muscadet', 'WineTaste', 'Sauternes', 'WineBody', 'Sancerre', 'RedTableWine', 'PinotNoir', 'WhiteWine', 'WineDescriptor', 'Semillon', 'Merlot', 'CabernetFranc']<|eot_id|><|start_header_id|>user<|end_header_id|>

LaneTannerPinotNoir<|eot_id|><|start_header_id|>assistant<|end_header_id|>

1. Pinot Noir
2. Wine
3. RedWine
4. WineDescriptor<|eot_id|>
2024-10-30 18:57:21,133 [INFO] root predict:predict 29:: <|begin_of_text|><|begin_of_text|><|start_header_id|>system<|end_header_id|>

You are a helpful assistant that responds with a ranked list of classes that a user input belongs to. Generate a list of the top 4 most likely classes. Do not generate a list of less than 4 classes. Do not provide any other information other than the list.
Create the ranked list considering only the provided classes
---
Classes: ['Bordeaux', 'Chardonnay', 'Anjou', 'Meritage', 'WineColor', 'WineSugar', 'PetiteSyrah', 'StEmilion', 'Riesling', 'WineFlavor', 'Zinfandel', 'Margaux', 'Wine', 'SweetRiesling', 'WhiteBurgundy', 'IceWine', 'Beaujolais', 'DessertWine', 'WineGrape', 'CotesDOr', 'RedWine', 'CheninBlanc', 'Grape', 'VintageYear', 'DryRiesling', 'SauvignonBlanc', 'Winery', 'Port', 'PotableLiquid', 'LateHarvest', 'CabernetSauvignon', 'Pauillac', 'Region', 'ItalianWine', 'Meursault', 'Chianti', 'Muscadet', 'WineTaste', 'Sauternes', 'WineBody', 'Sancerre', 'RedTableWine', 'PinotNoir', 'WhiteWine', 'WineDescriptor', 'Semillon', 'Merlot', 'CabernetFranc']<|eot_id|><|start_header_id|>user<|end_header_id|>

Light<|eot_id|><|start_header_id|>assistant<|end_header_id|>

1. Wine
2. WineColor
3. WineBody
4. WineTaste<|eot_id|>
2024-10-30 18:57:23,626 [INFO] root predict:predict 29:: <|begin_of_text|><|begin_of_text|><|start_header_id|>system<|end_header_id|>

You are a helpful assistant that responds with a ranked list of classes that a user input belongs to. Generate a list of the top 4 most likely classes. Do not generate a list of less than 4 classes. Do not provide any other information other than the list.
Create the ranked list considering only the provided classes
---
Classes: ['Bordeaux', 'Chardonnay', 'Anjou', 'Meritage', 'WineColor', 'WineSugar', 'PetiteSyrah', 'StEmilion', 'Riesling', 'WineFlavor', 'Zinfandel', 'Margaux', 'Wine', 'SweetRiesling', 'WhiteBurgundy', 'IceWine', 'Beaujolais', 'DessertWine', 'WineGrape', 'CotesDOr', 'RedWine', 'CheninBlanc', 'Grape', 'VintageYear', 'DryRiesling', 'SauvignonBlanc', 'Winery', 'Port', 'PotableLiquid', 'LateHarvest', 'CabernetSauvignon', 'Pauillac', 'Region', 'ItalianWine', 'Meursault', 'Chianti', 'Muscadet', 'WineTaste', 'Sauternes', 'WineBody', 'Sancerre', 'RedTableWine', 'PinotNoir', 'WhiteWine', 'WineDescriptor', 'Semillon', 'Merlot', 'CabernetFranc']<|eot_id|><|start_header_id|>user<|end_header_id|>

LoireRegion<|eot_id|><|start_header_id|>assistant<|end_header_id|>

1. Anjou
2. Sancerre
3. Muscadet
4. CheninBlanc<|eot_id|>
2024-10-30 18:57:25,743 [INFO] root predict:predict 29:: <|begin_of_text|><|begin_of_text|><|start_header_id|>system<|end_header_id|>

You are a helpful assistant that responds with a ranked list of classes that a user input belongs to. Generate a list of the top 4 most likely classes. Do not generate a list of less than 4 classes. Do not provide any other information other than the list.
Create the ranked list considering only the provided classes
---
Classes: ['Bordeaux', 'Chardonnay', 'Anjou', 'Meritage', 'WineColor', 'WineSugar', 'PetiteSyrah', 'StEmilion', 'Riesling', 'WineFlavor', 'Zinfandel', 'Margaux', 'Wine', 'SweetRiesling', 'WhiteBurgundy', 'IceWine', 'Beaujolais', 'DessertWine', 'WineGrape', 'CotesDOr', 'RedWine', 'CheninBlanc', 'Grape', 'VintageYear', 'DryRiesling', 'SauvignonBlanc', 'Winery', 'Port', 'PotableLiquid', 'LateHarvest', 'CabernetSauvignon', 'Pauillac', 'Region', 'ItalianWine', 'Meursault', 'Chianti', 'Muscadet', 'WineTaste', 'Sauternes', 'WineBody', 'Sancerre', 'RedTableWine', 'PinotNoir', 'WhiteWine', 'WineDescriptor', 'Semillon', 'Merlot', 'CabernetFranc']<|eot_id|><|start_header_id|>user<|end_header_id|>

Longridge<|eot_id|><|start_header_id|>assistant<|end_header_id|>

1. Bordeaux
2. Meritage
3. Pauillac
4. Margaux<|eot_id|>
2024-10-30 18:57:27,860 [INFO] root predict:predict 29:: <|begin_of_text|><|begin_of_text|><|start_header_id|>system<|end_header_id|>

You are a helpful assistant that responds with a ranked list of classes that a user input belongs to. Generate a list of the top 4 most likely classes. Do not generate a list of less than 4 classes. Do not provide any other information other than the list.
Create the ranked list considering only the provided classes
---
Classes: ['Bordeaux', 'Chardonnay', 'Anjou', 'Meritage', 'WineColor', 'WineSugar', 'PetiteSyrah', 'StEmilion', 'Riesling', 'WineFlavor', 'Zinfandel', 'Margaux', 'Wine', 'SweetRiesling', 'WhiteBurgundy', 'IceWine', 'Beaujolais', 'DessertWine', 'WineGrape', 'CotesDOr', 'RedWine', 'CheninBlanc', 'Grape', 'VintageYear', 'DryRiesling', 'SauvignonBlanc', 'Winery', 'Port', 'PotableLiquid', 'LateHarvest', 'CabernetSauvignon', 'Pauillac', 'Region', 'ItalianWine', 'Meursault', 'Chianti', 'Muscadet', 'WineTaste', 'Sauternes', 'WineBody', 'Sancerre', 'RedTableWine', 'PinotNoir', 'WhiteWine', 'WineDescriptor', 'Semillon', 'Merlot', 'CabernetFranc']<|eot_id|><|start_header_id|>user<|end_header_id|>

LongridgeMerlot<|eot_id|><|start_header_id|>assistant<|end_header_id|>

1. Merlot
2. Bordeaux
3. Meritage
4. CabernetFranc<|eot_id|>
2024-10-30 18:57:29,906 [INFO] root predict:predict 29:: <|begin_of_text|><|begin_of_text|><|start_header_id|>system<|end_header_id|>

You are a helpful assistant that responds with a ranked list of classes that a user input belongs to. Generate a list of the top 4 most likely classes. Do not generate a list of less than 4 classes. Do not provide any other information other than the list.
Create the ranked list considering only the provided classes
---
Classes: ['Bordeaux', 'Chardonnay', 'Anjou', 'Meritage', 'WineColor', 'WineSugar', 'PetiteSyrah', 'StEmilion', 'Riesling', 'WineFlavor', 'Zinfandel', 'Margaux', 'Wine', 'SweetRiesling', 'WhiteBurgundy', 'IceWine', 'Beaujolais', 'DessertWine', 'WineGrape', 'CotesDOr', 'RedWine', 'CheninBlanc', 'Grape', 'VintageYear', 'DryRiesling', 'SauvignonBlanc', 'Winery', 'Port', 'PotableLiquid', 'LateHarvest', 'CabernetSauvignon', 'Pauillac', 'Region', 'ItalianWine', 'Meursault', 'Chianti', 'Muscadet', 'WineTaste', 'Sauternes', 'WineBody', 'Sancerre', 'RedTableWine', 'PinotNoir', 'WhiteWine', 'WineDescriptor', 'Semillon', 'Merlot', 'CabernetFranc']<|eot_id|><|start_header_id|>user<|end_header_id|>

MalbecGrape<|eot_id|><|start_header_id|>assistant<|end_header_id|>

1. WineGrape
2. Grape
3. Malbec
4. Wine<|eot_id|>
2024-10-30 18:57:31,951 [INFO] root predict:predict 29:: <|begin_of_text|><|begin_of_text|><|start_header_id|>system<|end_header_id|>

You are a helpful assistant that responds with a ranked list of classes that a user input belongs to. Generate a list of the top 4 most likely classes. Do not generate a list of less than 4 classes. Do not provide any other information other than the list.
Create the ranked list considering only the provided classes
---
Classes: ['Bordeaux', 'Chardonnay', 'Anjou', 'Meritage', 'WineColor', 'WineSugar', 'PetiteSyrah', 'StEmilion', 'Riesling', 'WineFlavor', 'Zinfandel', 'Margaux', 'Wine', 'SweetRiesling', 'WhiteBurgundy', 'IceWine', 'Beaujolais', 'DessertWine', 'WineGrape', 'CotesDOr', 'RedWine', 'CheninBlanc', 'Grape', 'VintageYear', 'DryRiesling', 'SauvignonBlanc', 'Winery', 'Port', 'PotableLiquid', 'LateHarvest', 'CabernetSauvignon', 'Pauillac', 'Region', 'ItalianWine', 'Meursault', 'Chianti', 'Muscadet', 'WineTaste', 'Sauternes', 'WineBody', 'Sancerre', 'RedTableWine', 'PinotNoir', 'WhiteWine', 'WineDescriptor', 'Semillon', 'Merlot', 'CabernetFranc']<|eot_id|><|start_header_id|>user<|end_header_id|>

MargauxRegion<|eot_id|><|start_header_id|>assistant<|end_header_id|>

1. Region
2. Margaux
3. Bordeaux
4. Pauillac<|eot_id|>
2024-10-30 18:57:34,072 [INFO] root predict:predict 29:: <|begin_of_text|><|begin_of_text|><|start_header_id|>system<|end_header_id|>

You are a helpful assistant that responds with a ranked list of classes that a user input belongs to. Generate a list of the top 4 most likely classes. Do not generate a list of less than 4 classes. Do not provide any other information other than the list.
Create the ranked list considering only the provided classes
---
Classes: ['Bordeaux', 'Chardonnay', 'Anjou', 'Meritage', 'WineColor', 'WineSugar', 'PetiteSyrah', 'StEmilion', 'Riesling', 'WineFlavor', 'Zinfandel', 'Margaux', 'Wine', 'SweetRiesling', 'WhiteBurgundy', 'IceWine', 'Beaujolais', 'DessertWine', 'WineGrape', 'CotesDOr', 'RedWine', 'CheninBlanc', 'Grape', 'VintageYear', 'DryRiesling', 'SauvignonBlanc', 'Winery', 'Port', 'PotableLiquid', 'LateHarvest', 'CabernetSauvignon', 'Pauillac', 'Region', 'ItalianWine', 'Meursault', 'Chianti', 'Muscadet', 'WineTaste', 'Sauternes', 'WineBody', 'Sancerre', 'RedTableWine', 'PinotNoir', 'WhiteWine', 'WineDescriptor', 'Semillon', 'Merlot', 'CabernetFranc']<|eot_id|><|start_header_id|>user<|end_header_id|>

Marietta<|eot_id|><|start_header_id|>assistant<|end_header_id|>

1. Bordeaux
2. Meritage
3. Margaux
4. Pauillac<|eot_id|>
2024-10-30 18:57:36,347 [INFO] root predict:predict 29:: <|begin_of_text|><|begin_of_text|><|start_header_id|>system<|end_header_id|>

You are a helpful assistant that responds with a ranked list of classes that a user input belongs to. Generate a list of the top 4 most likely classes. Do not generate a list of less than 4 classes. Do not provide any other information other than the list.
Create the ranked list considering only the provided classes
---
Classes: ['Bordeaux', 'Chardonnay', 'Anjou', 'Meritage', 'WineColor', 'WineSugar', 'PetiteSyrah', 'StEmilion', 'Riesling', 'WineFlavor', 'Zinfandel', 'Margaux', 'Wine', 'SweetRiesling', 'WhiteBurgundy', 'IceWine', 'Beaujolais', 'DessertWine', 'WineGrape', 'CotesDOr', 'RedWine', 'CheninBlanc', 'Grape', 'VintageYear', 'DryRiesling', 'SauvignonBlanc', 'Winery', 'Port', 'PotableLiquid', 'LateHarvest', 'CabernetSauvignon', 'Pauillac', 'Region', 'ItalianWine', 'Meursault', 'Chianti', 'Muscadet', 'WineTaste', 'Sauternes', 'WineBody', 'Sancerre', 'RedTableWine', 'PinotNoir', 'WhiteWine', 'WineDescriptor', 'Semillon', 'Merlot', 'CabernetFranc']<|eot_id|><|start_header_id|>user<|end_header_id|>

MariettaCabernetSauvignon<|eot_id|><|start_header_id|>assistant<|end_header_id|>

1. RedWine
2. CabernetSauvignon
3. Wine
4. Bordeaux<|eot_id|>
2024-10-30 18:57:38,774 [INFO] root predict:predict 29:: <|begin_of_text|><|begin_of_text|><|start_header_id|>system<|end_header_id|>

You are a helpful assistant that responds with a ranked list of classes that a user input belongs to. Generate a list of the top 4 most likely classes. Do not generate a list of less than 4 classes. Do not provide any other information other than the list.
Create the ranked list considering only the provided classes
---
Classes: ['Bordeaux', 'Chardonnay', 'Anjou', 'Meritage', 'WineColor', 'WineSugar', 'PetiteSyrah', 'StEmilion', 'Riesling', 'WineFlavor', 'Zinfandel', 'Margaux', 'Wine', 'SweetRiesling', 'WhiteBurgundy', 'IceWine', 'Beaujolais', 'DessertWine', 'WineGrape', 'CotesDOr', 'RedWine', 'CheninBlanc', 'Grape', 'VintageYear', 'DryRiesling', 'SauvignonBlanc', 'Winery', 'Port', 'PotableLiquid', 'LateHarvest', 'CabernetSauvignon', 'Pauillac', 'Region', 'ItalianWine', 'Meursault', 'Chianti', 'Muscadet', 'WineTaste', 'Sauternes', 'WineBody', 'Sancerre', 'RedTableWine', 'PinotNoir', 'WhiteWine', 'WineDescriptor', 'Semillon', 'Merlot', 'CabernetFranc']<|eot_id|><|start_header_id|>user<|end_header_id|>

MariettaOldVinesRed<|eot_id|><|start_header_id|>assistant<|end_header_id|>

1. RedWine
2. RedTableWine
3. Meritage
4. CabernetFranc<|eot_id|>
2024-10-30 18:57:40,969 [INFO] root predict:predict 29:: <|begin_of_text|><|begin_of_text|><|start_header_id|>system<|end_header_id|>

You are a helpful assistant that responds with a ranked list of classes that a user input belongs to. Generate a list of the top 4 most likely classes. Do not generate a list of less than 4 classes. Do not provide any other information other than the list.
Create the ranked list considering only the provided classes
---
Classes: ['Bordeaux', 'Chardonnay', 'Anjou', 'Meritage', 'WineColor', 'WineSugar', 'PetiteSyrah', 'StEmilion', 'Riesling', 'WineFlavor', 'Zinfandel', 'Margaux', 'Wine', 'SweetRiesling', 'WhiteBurgundy', 'IceWine', 'Beaujolais', 'DessertWine', 'WineGrape', 'CotesDOr', 'RedWine', 'CheninBlanc', 'Grape', 'VintageYear', 'DryRiesling', 'SauvignonBlanc', 'Winery', 'Port', 'PotableLiquid', 'LateHarvest', 'CabernetSauvignon', 'Pauillac', 'Region', 'ItalianWine', 'Meursault', 'Chianti', 'Muscadet', 'WineTaste', 'Sauternes', 'WineBody', 'Sancerre', 'RedTableWine', 'PinotNoir', 'WhiteWine', 'WineDescriptor', 'Semillon', 'Merlot', 'CabernetFranc']<|eot_id|><|start_header_id|>user<|end_header_id|>

MariettaPetiteSyrah<|eot_id|><|start_header_id|>assistant<|end_header_id|>

1. PetiteSyrah
2. Syrah
3. RedWine
4. Wine<|eot_id|>
2024-10-30 18:57:43,315 [INFO] root predict:predict 29:: <|begin_of_text|><|begin_of_text|><|start_header_id|>system<|end_header_id|>

You are a helpful assistant that responds with a ranked list of classes that a user input belongs to. Generate a list of the top 4 most likely classes. Do not generate a list of less than 4 classes. Do not provide any other information other than the list.
Create the ranked list considering only the provided classes
---
Classes: ['Bordeaux', 'Chardonnay', 'Anjou', 'Meritage', 'WineColor', 'WineSugar', 'PetiteSyrah', 'StEmilion', 'Riesling', 'WineFlavor', 'Zinfandel', 'Margaux', 'Wine', 'SweetRiesling', 'WhiteBurgundy', 'IceWine', 'Beaujolais', 'DessertWine', 'WineGrape', 'CotesDOr', 'RedWine', 'CheninBlanc', 'Grape', 'VintageYear', 'DryRiesling', 'SauvignonBlanc', 'Winery', 'Port', 'PotableLiquid', 'LateHarvest', 'CabernetSauvignon', 'Pauillac', 'Region', 'ItalianWine', 'Meursault', 'Chianti', 'Muscadet', 'WineTaste', 'Sauternes', 'WineBody', 'Sancerre', 'RedTableWine', 'PinotNoir', 'WhiteWine', 'WineDescriptor', 'Semillon', 'Merlot', 'CabernetFranc']<|eot_id|><|start_header_id|>user<|end_header_id|>

MariettaZinfandel<|eot_id|><|start_header_id|>assistant<|end_header_id|>

1. Zinfandel
2. RedWine
3. Wine
4. RedTableWine<|eot_id|>
2024-10-30 18:57:45,361 [INFO] root predict:predict 29:: <|begin_of_text|><|begin_of_text|><|start_header_id|>system<|end_header_id|>

You are a helpful assistant that responds with a ranked list of classes that a user input belongs to. Generate a list of the top 4 most likely classes. Do not generate a list of less than 4 classes. Do not provide any other information other than the list.
Create the ranked list considering only the provided classes
---
Classes: ['Bordeaux', 'Chardonnay', 'Anjou', 'Meritage', 'WineColor', 'WineSugar', 'PetiteSyrah', 'StEmilion', 'Riesling', 'WineFlavor', 'Zinfandel', 'Margaux', 'Wine', 'SweetRiesling', 'WhiteBurgundy', 'IceWine', 'Beaujolais', 'DessertWine', 'WineGrape', 'CotesDOr', 'RedWine', 'CheninBlanc', 'Grape', 'VintageYear', 'DryRiesling', 'SauvignonBlanc', 'Winery', 'Port', 'PotableLiquid', 'LateHarvest', 'CabernetSauvignon', 'Pauillac', 'Region', 'ItalianWine', 'Meursault', 'Chianti', 'Muscadet', 'WineTaste', 'Sauternes', 'WineBody', 'Sancerre', 'RedTableWine', 'PinotNoir', 'WhiteWine', 'WineDescriptor', 'Semillon', 'Merlot', 'CabernetFranc']<|eot_id|><|start_header_id|>user<|end_header_id|>

McGuinnesso<|eot_id|><|start_header_id|>assistant<|end_header_id|>

1. Wine
2. Bordeaux
3. Meritage
4. Pinot Noir<|eot_id|>
2024-10-30 18:57:47,551 [INFO] root predict:predict 29:: <|begin_of_text|><|begin_of_text|><|start_header_id|>system<|end_header_id|>

You are a helpful assistant that responds with a ranked list of classes that a user input belongs to. Generate a list of the top 4 most likely classes. Do not generate a list of less than 4 classes. Do not provide any other information other than the list.
Create the ranked list considering only the provided classes
---
Classes: ['Bordeaux', 'Chardonnay', 'Anjou', 'Meritage', 'WineColor', 'WineSugar', 'PetiteSyrah', 'StEmilion', 'Riesling', 'WineFlavor', 'Zinfandel', 'Margaux', 'Wine', 'SweetRiesling', 'WhiteBurgundy', 'IceWine', 'Beaujolais', 'DessertWine', 'WineGrape', 'CotesDOr', 'RedWine', 'CheninBlanc', 'Grape', 'VintageYear', 'DryRiesling', 'SauvignonBlanc', 'Winery', 'Port', 'PotableLiquid', 'LateHarvest', 'CabernetSauvignon', 'Pauillac', 'Region', 'ItalianWine', 'Meursault', 'Chianti', 'Muscadet', 'WineTaste', 'Sauternes', 'WineBody', 'Sancerre', 'RedTableWine', 'PinotNoir', 'WhiteWine', 'WineDescriptor', 'Semillon', 'Merlot', 'CabernetFranc']<|eot_id|><|start_header_id|>user<|end_header_id|>

Medium<|eot_id|><|start_header_id|>assistant<|end_header_id|>

1. Wine
2. RedWine
3. WhiteWine
4. WineBody<|eot_id|>
2024-10-30 18:57:49,746 [INFO] root predict:predict 29:: <|begin_of_text|><|begin_of_text|><|start_header_id|>system<|end_header_id|>

You are a helpful assistant that responds with a ranked list of classes that a user input belongs to. Generate a list of the top 4 most likely classes. Do not generate a list of less than 4 classes. Do not provide any other information other than the list.
Create the ranked list considering only the provided classes
---
Classes: ['Bordeaux', 'Chardonnay', 'Anjou', 'Meritage', 'WineColor', 'WineSugar', 'PetiteSyrah', 'StEmilion', 'Riesling', 'WineFlavor', 'Zinfandel', 'Margaux', 'Wine', 'SweetRiesling', 'WhiteBurgundy', 'IceWine', 'Beaujolais', 'DessertWine', 'WineGrape', 'CotesDOr', 'RedWine', 'CheninBlanc', 'Grape', 'VintageYear', 'DryRiesling', 'SauvignonBlanc', 'Winery', 'Port', 'PotableLiquid', 'LateHarvest', 'CabernetSauvignon', 'Pauillac', 'Region', 'ItalianWine', 'Meursault', 'Chianti', 'Muscadet', 'WineTaste', 'Sauternes', 'WineBody', 'Sancerre', 'RedTableWine', 'PinotNoir', 'WhiteWine', 'WineDescriptor', 'Semillon', 'Merlot', 'CabernetFranc']<|eot_id|><|start_header_id|>user<|end_header_id|>

MedocRegion<|eot_id|><|start_header_id|>assistant<|end_header_id|>

1. Pauillac
2. Margaux
3. StEmilion
4. Bordeaux<|eot_id|>
2024-10-30 18:57:51,798 [INFO] root predict:predict 29:: <|begin_of_text|><|begin_of_text|><|start_header_id|>system<|end_header_id|>

You are a helpful assistant that responds with a ranked list of classes that a user input belongs to. Generate a list of the top 4 most likely classes. Do not generate a list of less than 4 classes. Do not provide any other information other than the list.
Create the ranked list considering only the provided classes
---
Classes: ['Bordeaux', 'Chardonnay', 'Anjou', 'Meritage', 'WineColor', 'WineSugar', 'PetiteSyrah', 'StEmilion', 'Riesling', 'WineFlavor', 'Zinfandel', 'Margaux', 'Wine', 'SweetRiesling', 'WhiteBurgundy', 'IceWine', 'Beaujolais', 'DessertWine', 'WineGrape', 'CotesDOr', 'RedWine', 'CheninBlanc', 'Grape', 'VintageYear', 'DryRiesling', 'SauvignonBlanc', 'Winery', 'Port', 'PotableLiquid', 'LateHarvest', 'CabernetSauvignon', 'Pauillac', 'Region', 'ItalianWine', 'Meursault', 'Chianti', 'Muscadet', 'WineTaste', 'Sauternes', 'WineBody', 'Sancerre', 'RedTableWine', 'PinotNoir', 'WhiteWine', 'WineDescriptor', 'Semillon', 'Merlot', 'CabernetFranc']<|eot_id|><|start_header_id|>user<|end_header_id|>

MendocinoRegion<|eot_id|><|start_header_id|>assistant<|end_header_id|>

1. WineRegion
2. Region
3. Bordeaux
4. ItalianWine<|eot_id|>
2024-10-30 18:57:53,842 [INFO] root predict:predict 29:: <|begin_of_text|><|begin_of_text|><|start_header_id|>system<|end_header_id|>

You are a helpful assistant that responds with a ranked list of classes that a user input belongs to. Generate a list of the top 4 most likely classes. Do not generate a list of less than 4 classes. Do not provide any other information other than the list.
Create the ranked list considering only the provided classes
---
Classes: ['Bordeaux', 'Chardonnay', 'Anjou', 'Meritage', 'WineColor', 'WineSugar', 'PetiteSyrah', 'StEmilion', 'Riesling', 'WineFlavor', 'Zinfandel', 'Margaux', 'Wine', 'SweetRiesling', 'WhiteBurgundy', 'IceWine', 'Beaujolais', 'DessertWine', 'WineGrape', 'CotesDOr', 'RedWine', 'CheninBlanc', 'Grape', 'VintageYear', 'DryRiesling', 'SauvignonBlanc', 'Winery', 'Port', 'PotableLiquid', 'LateHarvest', 'CabernetSauvignon', 'Pauillac', 'Region', 'ItalianWine', 'Meursault', 'Chianti', 'Muscadet', 'WineTaste', 'Sauternes', 'WineBody', 'Sancerre', 'RedTableWine', 'PinotNoir', 'WhiteWine', 'WineDescriptor', 'Semillon', 'Merlot', 'CabernetFranc']<|eot_id|><|start_header_id|>user<|end_header_id|>

MerlotGrape<|eot_id|><|start_header_id|>assistant<|end_header_id|>

1. Merlot
2. Wine
3. Grape
4. WineGrape<|eot_id|>
2024-10-30 18:57:56,111 [INFO] root predict:predict 29:: <|begin_of_text|><|begin_of_text|><|start_header_id|>system<|end_header_id|>

You are a helpful assistant that responds with a ranked list of classes that a user input belongs to. Generate a list of the top 4 most likely classes. Do not generate a list of less than 4 classes. Do not provide any other information other than the list.
Create the ranked list considering only the provided classes
---
Classes: ['Bordeaux', 'Chardonnay', 'Anjou', 'Meritage', 'WineColor', 'WineSugar', 'PetiteSyrah', 'StEmilion', 'Riesling', 'WineFlavor', 'Zinfandel', 'Margaux', 'Wine', 'SweetRiesling', 'WhiteBurgundy', 'IceWine', 'Beaujolais', 'DessertWine', 'WineGrape', 'CotesDOr', 'RedWine', 'CheninBlanc', 'Grape', 'VintageYear', 'DryRiesling', 'SauvignonBlanc', 'Winery', 'Port', 'PotableLiquid', 'LateHarvest', 'CabernetSauvignon', 'Pauillac', 'Region', 'ItalianWine', 'Meursault', 'Chianti', 'Muscadet', 'WineTaste', 'Sauternes', 'WineBody', 'Sancerre', 'RedTableWine', 'PinotNoir', 'WhiteWine', 'WineDescriptor', 'Semillon', 'Merlot', 'CabernetFranc']<|eot_id|><|start_header_id|>user<|end_header_id|>

MeursaultRegion<|eot_id|><|start_header_id|>assistant<|end_header_id|>

1. Meursault
2. WhiteWine
3. Wine
4. RedWine<|eot_id|>
2024-10-30 18:57:58,304 [INFO] root predict:predict 29:: <|begin_of_text|><|begin_of_text|><|start_header_id|>system<|end_header_id|>

You are a helpful assistant that responds with a ranked list of classes that a user input belongs to. Generate a list of the top 4 most likely classes. Do not generate a list of less than 4 classes. Do not provide any other information other than the list.
Create the ranked list considering only the provided classes
---
Classes: ['Bordeaux', 'Chardonnay', 'Anjou', 'Meritage', 'WineColor', 'WineSugar', 'PetiteSyrah', 'StEmilion', 'Riesling', 'WineFlavor', 'Zinfandel', 'Margaux', 'Wine', 'SweetRiesling', 'WhiteBurgundy', 'IceWine', 'Beaujolais', 'DessertWine', 'WineGrape', 'CotesDOr', 'RedWine', 'CheninBlanc', 'Grape', 'VintageYear', 'DryRiesling', 'SauvignonBlanc', 'Winery', 'Port', 'PotableLiquid', 'LateHarvest', 'CabernetSauvignon', 'Pauillac', 'Region', 'ItalianWine', 'Meursault', 'Chianti', 'Muscadet', 'WineTaste', 'Sauternes', 'WineBody', 'Sancerre', 'RedTableWine', 'PinotNoir', 'WhiteWine', 'WineDescriptor', 'Semillon', 'Merlot', 'CabernetFranc']<|eot_id|><|start_header_id|>user<|end_header_id|>

Moderate<|eot_id|><|start_header_id|>assistant<|end_header_id|>

1. Wine
2. RedWine
3. WhiteWine
4. WineBody<|eot_id|>
2024-10-30 18:58:00,356 [INFO] root predict:predict 29:: <|begin_of_text|><|begin_of_text|><|start_header_id|>system<|end_header_id|>

You are a helpful assistant that responds with a ranked list of classes that a user input belongs to. Generate a list of the top 4 most likely classes. Do not generate a list of less than 4 classes. Do not provide any other information other than the list.
Create the ranked list considering only the provided classes
---
Classes: ['Bordeaux', 'Chardonnay', 'Anjou', 'Meritage', 'WineColor', 'WineSugar', 'PetiteSyrah', 'StEmilion', 'Riesling', 'WineFlavor', 'Zinfandel', 'Margaux', 'Wine', 'SweetRiesling', 'WhiteBurgundy', 'IceWine', 'Beaujolais', 'DessertWine', 'WineGrape', 'CotesDOr', 'RedWine', 'CheninBlanc', 'Grape', 'VintageYear', 'DryRiesling', 'SauvignonBlanc', 'Winery', 'Port', 'PotableLiquid', 'LateHarvest', 'CabernetSauvignon', 'Pauillac', 'Region', 'ItalianWine', 'Meursault', 'Chianti', 'Muscadet', 'WineTaste', 'Sauternes', 'WineBody', 'Sancerre', 'RedTableWine', 'PinotNoir', 'WhiteWine', 'WineDescriptor', 'Semillon', 'Merlot', 'CabernetFranc']<|eot_id|><|start_header_id|>user<|end_header_id|>

MountEdenVineyard<|eot_id|><|start_header_id|>assistant<|end_header_id|>

1. Wine
2. Winery
3. Region
4. RedWine<|eot_id|>
2024-10-30 18:58:02,777 [INFO] root predict:predict 29:: <|begin_of_text|><|begin_of_text|><|start_header_id|>system<|end_header_id|>

You are a helpful assistant that responds with a ranked list of classes that a user input belongs to. Generate a list of the top 4 most likely classes. Do not generate a list of less than 4 classes. Do not provide any other information other than the list.
Create the ranked list considering only the provided classes
---
Classes: ['Bordeaux', 'Chardonnay', 'Anjou', 'Meritage', 'WineColor', 'WineSugar', 'PetiteSyrah', 'StEmilion', 'Riesling', 'WineFlavor', 'Zinfandel', 'Margaux', 'Wine', 'SweetRiesling', 'WhiteBurgundy', 'IceWine', 'Beaujolais', 'DessertWine', 'WineGrape', 'CotesDOr', 'RedWine', 'CheninBlanc', 'Grape', 'VintageYear', 'DryRiesling', 'SauvignonBlanc', 'Winery', 'Port', 'PotableLiquid', 'LateHarvest', 'CabernetSauvignon', 'Pauillac', 'Region', 'ItalianWine', 'Meursault', 'Chianti', 'Muscadet', 'WineTaste', 'Sauternes', 'WineBody', 'Sancerre', 'RedTableWine', 'PinotNoir', 'WhiteWine', 'WineDescriptor', 'Semillon', 'Merlot', 'CabernetFranc']<|eot_id|><|start_header_id|>user<|end_header_id|>

MountEdenVineyardEdnaValleyChardonnay<|eot_id|><|start_header_id|>assistant<|end_header_id|>

1. Wine
2. Chardonnay
3. WhiteWine
4. PinotNoir<|eot_id|>
2024-10-30 18:58:04,983 [INFO] root predict:predict 29:: <|begin_of_text|><|begin_of_text|><|start_header_id|>system<|end_header_id|>

You are a helpful assistant that responds with a ranked list of classes that a user input belongs to. Generate a list of the top 4 most likely classes. Do not generate a list of less than 4 classes. Do not provide any other information other than the list.
Create the ranked list considering only the provided classes
---
Classes: ['Bordeaux', 'Chardonnay', 'Anjou', 'Meritage', 'WineColor', 'WineSugar', 'PetiteSyrah', 'StEmilion', 'Riesling', 'WineFlavor', 'Zinfandel', 'Margaux', 'Wine', 'SweetRiesling', 'WhiteBurgundy', 'IceWine', 'Beaujolais', 'DessertWine', 'WineGrape', 'CotesDOr', 'RedWine', 'CheninBlanc', 'Grape', 'VintageYear', 'DryRiesling', 'SauvignonBlanc', 'Winery', 'Port', 'PotableLiquid', 'LateHarvest', 'CabernetSauvignon', 'Pauillac', 'Region', 'ItalianWine', 'Meursault', 'Chianti', 'Muscadet', 'WineTaste', 'Sauternes', 'WineBody', 'Sancerre', 'RedTableWine', 'PinotNoir', 'WhiteWine', 'WineDescriptor', 'Semillon', 'Merlot', 'CabernetFranc']<|eot_id|><|start_header_id|>user<|end_header_id|>

MountEdenVineyardEstatePinotNoir<|eot_id|><|start_header_id|>assistant<|end_header_id|>

1. Pinot Noir
2. Wine
3. RedWine
4. WineDescriptor<|eot_id|>
2024-10-30 18:58:07,179 [INFO] root predict:predict 29:: <|begin_of_text|><|begin_of_text|><|start_header_id|>system<|end_header_id|>

You are a helpful assistant that responds with a ranked list of classes that a user input belongs to. Generate a list of the top 4 most likely classes. Do not generate a list of less than 4 classes. Do not provide any other information other than the list.
Create the ranked list considering only the provided classes
---
Classes: ['Bordeaux', 'Chardonnay', 'Anjou', 'Meritage', 'WineColor', 'WineSugar', 'PetiteSyrah', 'StEmilion', 'Riesling', 'WineFlavor', 'Zinfandel', 'Margaux', 'Wine', 'SweetRiesling', 'WhiteBurgundy', 'IceWine', 'Beaujolais', 'DessertWine', 'WineGrape', 'CotesDOr', 'RedWine', 'CheninBlanc', 'Grape', 'VintageYear', 'DryRiesling', 'SauvignonBlanc', 'Winery', 'Port', 'PotableLiquid', 'LateHarvest', 'CabernetSauvignon', 'Pauillac', 'Region', 'ItalianWine', 'Meursault', 'Chianti', 'Muscadet', 'WineTaste', 'Sauternes', 'WineBody', 'Sancerre', 'RedTableWine', 'PinotNoir', 'WhiteWine', 'WineDescriptor', 'Semillon', 'Merlot', 'CabernetFranc']<|eot_id|><|start_header_id|>user<|end_header_id|>

Mountadam<|eot_id|><|start_header_id|>assistant<|end_header_id|>

1. Wine
2. RedWine
3. PinotNoir
4. Bordeaux<|eot_id|>
2024-10-30 18:58:09,380 [INFO] root predict:predict 29:: <|begin_of_text|><|begin_of_text|><|start_header_id|>system<|end_header_id|>

You are a helpful assistant that responds with a ranked list of classes that a user input belongs to. Generate a list of the top 4 most likely classes. Do not generate a list of less than 4 classes. Do not provide any other information other than the list.
Create the ranked list considering only the provided classes
---
Classes: ['Bordeaux', 'Chardonnay', 'Anjou', 'Meritage', 'WineColor', 'WineSugar', 'PetiteSyrah', 'StEmilion', 'Riesling', 'WineFlavor', 'Zinfandel', 'Margaux', 'Wine', 'SweetRiesling', 'WhiteBurgundy', 'IceWine', 'Beaujolais', 'DessertWine', 'WineGrape', 'CotesDOr', 'RedWine', 'CheninBlanc', 'Grape', 'VintageYear', 'DryRiesling', 'SauvignonBlanc', 'Winery', 'Port', 'PotableLiquid', 'LateHarvest', 'CabernetSauvignon', 'Pauillac', 'Region', 'ItalianWine', 'Meursault', 'Chianti', 'Muscadet', 'WineTaste', 'Sauternes', 'WineBody', 'Sancerre', 'RedTableWine', 'PinotNoir', 'WhiteWine', 'WineDescriptor', 'Semillon', 'Merlot', 'CabernetFranc']<|eot_id|><|start_header_id|>user<|end_header_id|>

MountadamChardonnay<|eot_id|><|start_header_id|>assistant<|end_header_id|>

1. Chardonnay
2. Wine
3. Bordeaux
4. WhiteWine<|eot_id|>
2024-10-30 18:58:11,654 [INFO] root predict:predict 29:: <|begin_of_text|><|begin_of_text|><|start_header_id|>system<|end_header_id|>

You are a helpful assistant that responds with a ranked list of classes that a user input belongs to. Generate a list of the top 4 most likely classes. Do not generate a list of less than 4 classes. Do not provide any other information other than the list.
Create the ranked list considering only the provided classes
---
Classes: ['Bordeaux', 'Chardonnay', 'Anjou', 'Meritage', 'WineColor', 'WineSugar', 'PetiteSyrah', 'StEmilion', 'Riesling', 'WineFlavor', 'Zinfandel', 'Margaux', 'Wine', 'SweetRiesling', 'WhiteBurgundy', 'IceWine', 'Beaujolais', 'DessertWine', 'WineGrape', 'CotesDOr', 'RedWine', 'CheninBlanc', 'Grape', 'VintageYear', 'DryRiesling', 'SauvignonBlanc', 'Winery', 'Port', 'PotableLiquid', 'LateHarvest', 'CabernetSauvignon', 'Pauillac', 'Region', 'ItalianWine', 'Meursault', 'Chianti', 'Muscadet', 'WineTaste', 'Sauternes', 'WineBody', 'Sancerre', 'RedTableWine', 'PinotNoir', 'WhiteWine', 'WineDescriptor', 'Semillon', 'Merlot', 'CabernetFranc']<|eot_id|><|start_header_id|>user<|end_header_id|>

MountadamPinotNoir<|eot_id|><|start_header_id|>assistant<|end_header_id|>

1. PinotNoir
2. Wine
3. RedWine
4. WineDescriptor<|eot_id|>
2024-10-30 18:58:14,001 [INFO] root predict:predict 29:: <|begin_of_text|><|begin_of_text|><|start_header_id|>system<|end_header_id|>

You are a helpful assistant that responds with a ranked list of classes that a user input belongs to. Generate a list of the top 4 most likely classes. Do not generate a list of less than 4 classes. Do not provide any other information other than the list.
Create the ranked list considering only the provided classes
---
Classes: ['Bordeaux', 'Chardonnay', 'Anjou', 'Meritage', 'WineColor', 'WineSugar', 'PetiteSyrah', 'StEmilion', 'Riesling', 'WineFlavor', 'Zinfandel', 'Margaux', 'Wine', 'SweetRiesling', 'WhiteBurgundy', 'IceWine', 'Beaujolais', 'DessertWine', 'WineGrape', 'CotesDOr', 'RedWine', 'CheninBlanc', 'Grape', 'VintageYear', 'DryRiesling', 'SauvignonBlanc', 'Winery', 'Port', 'PotableLiquid', 'LateHarvest', 'CabernetSauvignon', 'Pauillac', 'Region', 'ItalianWine', 'Meursault', 'Chianti', 'Muscadet', 'WineTaste', 'Sauternes', 'WineBody', 'Sancerre', 'RedTableWine', 'PinotNoir', 'WhiteWine', 'WineDescriptor', 'Semillon', 'Merlot', 'CabernetFranc']<|eot_id|><|start_header_id|>user<|end_header_id|>

MountadamRiesling<|eot_id|><|start_header_id|>assistant<|end_header_id|>

1. Riesling
2. WhiteWine
3. Wine
4. SweetRiesling<|eot_id|>
2024-10-30 18:58:15,385 [INFO] root predict:predict 29:: <|begin_of_text|><|begin_of_text|><|start_header_id|>system<|end_header_id|>

You are a helpful assistant that responds with a ranked list of classes that a user input belongs to. Generate a list of the top 4 most likely classes. Do not generate a list of less than 4 classes. Do not provide any other information other than the list.
Create the ranked list considering only the provided classes
---
Classes: ['Bordeaux', 'Chardonnay', 'Anjou', 'Meritage', 'WineColor', 'WineSugar', 'PetiteSyrah', 'StEmilion', 'Riesling', 'WineFlavor', 'Zinfandel', 'Margaux', 'Wine', 'SweetRiesling', 'WhiteBurgundy', 'IceWine', 'Beaujolais', 'DessertWine', 'WineGrape', 'CotesDOr', 'RedWine', 'CheninBlanc', 'Grape', 'VintageYear', 'DryRiesling', 'SauvignonBlanc', 'Winery', 'Port', 'PotableLiquid', 'LateHarvest', 'CabernetSauvignon', 'Pauillac', 'Region', 'ItalianWine', 'Meursault', 'Chianti', 'Muscadet', 'WineTaste', 'Sauternes', 'WineBody', 'Sancerre', 'RedTableWine', 'PinotNoir', 'WhiteWine', 'WineDescriptor', 'Semillon', 'Merlot', 'CabernetFranc']<|eot_id|><|start_header_id|>user<|end_header_id|>

MuscadetRegion<|eot_id|><|start_header_id|>assistant<|end_header_id|>

1. Muscadet
2. Region<|eot_id|>
2024-10-30 18:58:17,874 [INFO] root predict:predict 29:: <|begin_of_text|><|begin_of_text|><|start_header_id|>system<|end_header_id|>

You are a helpful assistant that responds with a ranked list of classes that a user input belongs to. Generate a list of the top 4 most likely classes. Do not generate a list of less than 4 classes. Do not provide any other information other than the list.
Create the ranked list considering only the provided classes
---
Classes: ['Bordeaux', 'Chardonnay', 'Anjou', 'Meritage', 'WineColor', 'WineSugar', 'PetiteSyrah', 'StEmilion', 'Riesling', 'WineFlavor', 'Zinfandel', 'Margaux', 'Wine', 'SweetRiesling', 'WhiteBurgundy', 'IceWine', 'Beaujolais', 'DessertWine', 'WineGrape', 'CotesDOr', 'RedWine', 'CheninBlanc', 'Grape', 'VintageYear', 'DryRiesling', 'SauvignonBlanc', 'Winery', 'Port', 'PotableLiquid', 'LateHarvest', 'CabernetSauvignon', 'Pauillac', 'Region', 'ItalianWine', 'Meursault', 'Chianti', 'Muscadet', 'WineTaste', 'Sauternes', 'WineBody', 'Sancerre', 'RedTableWine', 'PinotNoir', 'WhiteWine', 'WineDescriptor', 'Semillon', 'Merlot', 'CabernetFranc']<|eot_id|><|start_header_id|>user<|end_header_id|>

NapaRegion<|eot_id|><|start_header_id|>assistant<|end_header_id|>

1. Meritage
2. StEmilion
3. Pauillac
4. CabernetSauvignon<|eot_id|>
2024-10-30 18:58:20,592 [INFO] root predict:predict 29:: <|begin_of_text|><|begin_of_text|><|start_header_id|>system<|end_header_id|>

You are a helpful assistant that responds with a ranked list of classes that a user input belongs to. Generate a list of the top 4 most likely classes. Do not generate a list of less than 4 classes. Do not provide any other information other than the list.
Create the ranked list considering only the provided classes
---
Classes: ['Bordeaux', 'Chardonnay', 'Anjou', 'Meritage', 'WineColor', 'WineSugar', 'PetiteSyrah', 'StEmilion', 'Riesling', 'WineFlavor', 'Zinfandel', 'Margaux', 'Wine', 'SweetRiesling', 'WhiteBurgundy', 'IceWine', 'Beaujolais', 'DessertWine', 'WineGrape', 'CotesDOr', 'RedWine', 'CheninBlanc', 'Grape', 'VintageYear', 'DryRiesling', 'SauvignonBlanc', 'Winery', 'Port', 'PotableLiquid', 'LateHarvest', 'CabernetSauvignon', 'Pauillac', 'Region', 'ItalianWine', 'Meursault', 'Chianti', 'Muscadet', 'WineTaste', 'Sauternes', 'WineBody', 'Sancerre', 'RedTableWine', 'PinotNoir', 'WhiteWine', 'WineDescriptor', 'Semillon', 'Merlot', 'CabernetFranc']<|eot_id|><|start_header_id|>user<|end_header_id|>

NewZealandRegion<|eot_id|><|start_header_id|>assistant<|end_header_id|>

Here is the ranked list of classes:

1. Region
2. Wine
3. WhiteWine
4. RedWine<|eot_id|>
2024-10-30 18:58:23,079 [INFO] root predict:predict 29:: <|begin_of_text|><|begin_of_text|><|start_header_id|>system<|end_header_id|>

You are a helpful assistant that responds with a ranked list of classes that a user input belongs to. Generate a list of the top 4 most likely classes. Do not generate a list of less than 4 classes. Do not provide any other information other than the list.
Create the ranked list considering only the provided classes
---
Classes: ['Bordeaux', 'Chardonnay', 'Anjou', 'Meritage', 'WineColor', 'WineSugar', 'PetiteSyrah', 'StEmilion', 'Riesling', 'WineFlavor', 'Zinfandel', 'Margaux', 'Wine', 'SweetRiesling', 'WhiteBurgundy', 'IceWine', 'Beaujolais', 'DessertWine', 'WineGrape', 'CotesDOr', 'RedWine', 'CheninBlanc', 'Grape', 'VintageYear', 'DryRiesling', 'SauvignonBlanc', 'Winery', 'Port', 'PotableLiquid', 'LateHarvest', 'CabernetSauvignon', 'Pauillac', 'Region', 'ItalianWine', 'Meursault', 'Chianti', 'Muscadet', 'WineTaste', 'Sauternes', 'WineBody', 'Sancerre', 'RedTableWine', 'PinotNoir', 'WhiteWine', 'WineDescriptor', 'Semillon', 'Merlot', 'CabernetFranc']<|eot_id|><|start_header_id|>user<|end_header_id|>

OffDry<|eot_id|><|start_header_id|>assistant<|end_header_id|>

1. WineSugar
2. DryRiesling
3. SweetRiesling
4. IceWine<|eot_id|>
2024-10-30 18:58:26,092 [INFO] root predict:predict 29:: <|begin_of_text|><|begin_of_text|><|start_header_id|>system<|end_header_id|>

You are a helpful assistant that responds with a ranked list of classes that a user input belongs to. Generate a list of the top 4 most likely classes. Do not generate a list of less than 4 classes. Do not provide any other information other than the list.
Create the ranked list considering only the provided classes
---
Classes: ['Bordeaux', 'Chardonnay', 'Anjou', 'Meritage', 'WineColor', 'WineSugar', 'PetiteSyrah', 'StEmilion', 'Riesling', 'WineFlavor', 'Zinfandel', 'Margaux', 'Wine', 'SweetRiesling', 'WhiteBurgundy', 'IceWine', 'Beaujolais', 'DessertWine', 'WineGrape', 'CotesDOr', 'RedWine', 'CheninBlanc', 'Grape', 'VintageYear', 'DryRiesling', 'SauvignonBlanc', 'Winery', 'Port', 'PotableLiquid', 'LateHarvest', 'CabernetSauvignon', 'Pauillac', 'Region', 'ItalianWine', 'Meursault', 'Chianti', 'Muscadet', 'WineTaste', 'Sauternes', 'WineBody', 'Sancerre', 'RedTableWine', 'PinotNoir', 'WhiteWine', 'WineDescriptor', 'Semillon', 'Merlot', 'CabernetFranc']<|eot_id|><|start_header_id|>user<|end_header_id|>

PageMillWinery<|eot_id|><|start_header_id|>assistant<|end_header_id|>

Here is the ranked list of classes that the input "PageMillWinery" belongs to:

1. Winery
2. Wine
3. Region<|eot_id|>
2024-10-30 18:58:28,441 [INFO] root predict:predict 29:: <|begin_of_text|><|begin_of_text|><|start_header_id|>system<|end_header_id|>

You are a helpful assistant that responds with a ranked list of classes that a user input belongs to. Generate a list of the top 4 most likely classes. Do not generate a list of less than 4 classes. Do not provide any other information other than the list.
Create the ranked list considering only the provided classes
---
Classes: ['Bordeaux', 'Chardonnay', 'Anjou', 'Meritage', 'WineColor', 'WineSugar', 'PetiteSyrah', 'StEmilion', 'Riesling', 'WineFlavor', 'Zinfandel', 'Margaux', 'Wine', 'SweetRiesling', 'WhiteBurgundy', 'IceWine', 'Beaujolais', 'DessertWine', 'WineGrape', 'CotesDOr', 'RedWine', 'CheninBlanc', 'Grape', 'VintageYear', 'DryRiesling', 'SauvignonBlanc', 'Winery', 'Port', 'PotableLiquid', 'LateHarvest', 'CabernetSauvignon', 'Pauillac', 'Region', 'ItalianWine', 'Meursault', 'Chianti', 'Muscadet', 'WineTaste', 'Sauternes', 'WineBody', 'Sancerre', 'RedTableWine', 'PinotNoir', 'WhiteWine', 'WineDescriptor', 'Semillon', 'Merlot', 'CabernetFranc']<|eot_id|><|start_header_id|>user<|end_header_id|>

PageMillWineryCabernetSauvignon<|eot_id|><|start_header_id|>assistant<|end_header_id|>

1. Wine
2. RedWine
3. CabernetSauvignon
4. WineDescriptor<|eot_id|>
2024-10-30 18:58:30,560 [INFO] root predict:predict 29:: <|begin_of_text|><|begin_of_text|><|start_header_id|>system<|end_header_id|>

You are a helpful assistant that responds with a ranked list of classes that a user input belongs to. Generate a list of the top 4 most likely classes. Do not generate a list of less than 4 classes. Do not provide any other information other than the list.
Create the ranked list considering only the provided classes
---
Classes: ['Bordeaux', 'Chardonnay', 'Anjou', 'Meritage', 'WineColor', 'WineSugar', 'PetiteSyrah', 'StEmilion', 'Riesling', 'WineFlavor', 'Zinfandel', 'Margaux', 'Wine', 'SweetRiesling', 'WhiteBurgundy', 'IceWine', 'Beaujolais', 'DessertWine', 'WineGrape', 'CotesDOr', 'RedWine', 'CheninBlanc', 'Grape', 'VintageYear', 'DryRiesling', 'SauvignonBlanc', 'Winery', 'Port', 'PotableLiquid', 'LateHarvest', 'CabernetSauvignon', 'Pauillac', 'Region', 'ItalianWine', 'Meursault', 'Chianti', 'Muscadet', 'WineTaste', 'Sauternes', 'WineBody', 'Sancerre', 'RedTableWine', 'PinotNoir', 'WhiteWine', 'WineDescriptor', 'Semillon', 'Merlot', 'CabernetFranc']<|eot_id|><|start_header_id|>user<|end_header_id|>

PauillacRegion<|eot_id|><|start_header_id|>assistant<|end_header_id|>

1. Pauillac
2. Bordeaux
3. RedWine
4. Wine<|eot_id|>
2024-10-30 18:58:32,679 [INFO] root predict:predict 29:: <|begin_of_text|><|begin_of_text|><|start_header_id|>system<|end_header_id|>

You are a helpful assistant that responds with a ranked list of classes that a user input belongs to. Generate a list of the top 4 most likely classes. Do not generate a list of less than 4 classes. Do not provide any other information other than the list.
Create the ranked list considering only the provided classes
---
Classes: ['Bordeaux', 'Chardonnay', 'Anjou', 'Meritage', 'WineColor', 'WineSugar', 'PetiteSyrah', 'StEmilion', 'Riesling', 'WineFlavor', 'Zinfandel', 'Margaux', 'Wine', 'SweetRiesling', 'WhiteBurgundy', 'IceWine', 'Beaujolais', 'DessertWine', 'WineGrape', 'CotesDOr', 'RedWine', 'CheninBlanc', 'Grape', 'VintageYear', 'DryRiesling', 'SauvignonBlanc', 'Winery', 'Port', 'PotableLiquid', 'LateHarvest', 'CabernetSauvignon', 'Pauillac', 'Region', 'ItalianWine', 'Meursault', 'Chianti', 'Muscadet', 'WineTaste', 'Sauternes', 'WineBody', 'Sancerre', 'RedTableWine', 'PinotNoir', 'WhiteWine', 'WineDescriptor', 'Semillon', 'Merlot', 'CabernetFranc']<|eot_id|><|start_header_id|>user<|end_header_id|>

PeterMccoy<|eot_id|><|start_header_id|>assistant<|end_header_id|>

1. Wine
2. Bordeaux
3. Meritage
4. Chardonnay<|eot_id|>
2024-10-30 18:58:34,949 [INFO] root predict:predict 29:: <|begin_of_text|><|begin_of_text|><|start_header_id|>system<|end_header_id|>

You are a helpful assistant that responds with a ranked list of classes that a user input belongs to. Generate a list of the top 4 most likely classes. Do not generate a list of less than 4 classes. Do not provide any other information other than the list.
Create the ranked list considering only the provided classes
---
Classes: ['Bordeaux', 'Chardonnay', 'Anjou', 'Meritage', 'WineColor', 'WineSugar', 'PetiteSyrah', 'StEmilion', 'Riesling', 'WineFlavor', 'Zinfandel', 'Margaux', 'Wine', 'SweetRiesling', 'WhiteBurgundy', 'IceWine', 'Beaujolais', 'DessertWine', 'WineGrape', 'CotesDOr', 'RedWine', 'CheninBlanc', 'Grape', 'VintageYear', 'DryRiesling', 'SauvignonBlanc', 'Winery', 'Port', 'PotableLiquid', 'LateHarvest', 'CabernetSauvignon', 'Pauillac', 'Region', 'ItalianWine', 'Meursault', 'Chianti', 'Muscadet', 'WineTaste', 'Sauternes', 'WineBody', 'Sancerre', 'RedTableWine', 'PinotNoir', 'WhiteWine', 'WineDescriptor', 'Semillon', 'Merlot', 'CabernetFranc']<|eot_id|><|start_header_id|>user<|end_header_id|>

PeterMccoyChardonnay<|eot_id|><|start_header_id|>assistant<|end_header_id|>

1. Chardonnay
2. Wine
3. WhiteWine
4. WineDescriptor<|eot_id|>
2024-10-30 18:58:37,078 [INFO] root predict:predict 29:: <|begin_of_text|><|begin_of_text|><|start_header_id|>system<|end_header_id|>

You are a helpful assistant that responds with a ranked list of classes that a user input belongs to. Generate a list of the top 4 most likely classes. Do not generate a list of less than 4 classes. Do not provide any other information other than the list.
Create the ranked list considering only the provided classes
---
Classes: ['Bordeaux', 'Chardonnay', 'Anjou', 'Meritage', 'WineColor', 'WineSugar', 'PetiteSyrah', 'StEmilion', 'Riesling', 'WineFlavor', 'Zinfandel', 'Margaux', 'Wine', 'SweetRiesling', 'WhiteBurgundy', 'IceWine', 'Beaujolais', 'DessertWine', 'WineGrape', 'CotesDOr', 'RedWine', 'CheninBlanc', 'Grape', 'VintageYear', 'DryRiesling', 'SauvignonBlanc', 'Winery', 'Port', 'PotableLiquid', 'LateHarvest', 'CabernetSauvignon', 'Pauillac', 'Region', 'ItalianWine', 'Meursault', 'Chianti', 'Muscadet', 'WineTaste', 'Sauternes', 'WineBody', 'Sancerre', 'RedTableWine', 'PinotNoir', 'WhiteWine', 'WineDescriptor', 'Semillon', 'Merlot', 'CabernetFranc']<|eot_id|><|start_header_id|>user<|end_header_id|>

PetiteSyrahGrape<|eot_id|><|start_header_id|>assistant<|end_header_id|>

1. Wine
2. Grape
3. PetiteSyrah
4. RedWine<|eot_id|>
2024-10-30 18:58:39,422 [INFO] root predict:predict 29:: <|begin_of_text|><|begin_of_text|><|start_header_id|>system<|end_header_id|>

You are a helpful assistant that responds with a ranked list of classes that a user input belongs to. Generate a list of the top 4 most likely classes. Do not generate a list of less than 4 classes. Do not provide any other information other than the list.
Create the ranked list considering only the provided classes
---
Classes: ['Bordeaux', 'Chardonnay', 'Anjou', 'Meritage', 'WineColor', 'WineSugar', 'PetiteSyrah', 'StEmilion', 'Riesling', 'WineFlavor', 'Zinfandel', 'Margaux', 'Wine', 'SweetRiesling', 'WhiteBurgundy', 'IceWine', 'Beaujolais', 'DessertWine', 'WineGrape', 'CotesDOr', 'RedWine', 'CheninBlanc', 'Grape', 'VintageYear', 'DryRiesling', 'SauvignonBlanc', 'Winery', 'Port', 'PotableLiquid', 'LateHarvest', 'CabernetSauvignon', 'Pauillac', 'Region', 'ItalianWine', 'Meursault', 'Chianti', 'Muscadet', 'WineTaste', 'Sauternes', 'WineBody', 'Sancerre', 'RedTableWine', 'PinotNoir', 'WhiteWine', 'WineDescriptor', 'Semillon', 'Merlot', 'CabernetFranc']<|eot_id|><|start_header_id|>user<|end_header_id|>

PetiteVerdotGrape<|eot_id|><|start_header_id|>assistant<|end_header_id|>

1. PetiteSyrah
2. PetiteVerdotGrape
3. Meritage
4. Bordeaux<|eot_id|>
2024-10-30 18:58:41,764 [INFO] root predict:predict 29:: <|begin_of_text|><|begin_of_text|><|start_header_id|>system<|end_header_id|>

You are a helpful assistant that responds with a ranked list of classes that a user input belongs to. Generate a list of the top 4 most likely classes. Do not generate a list of less than 4 classes. Do not provide any other information other than the list.
Create the ranked list considering only the provided classes
---
Classes: ['Bordeaux', 'Chardonnay', 'Anjou', 'Meritage', 'WineColor', 'WineSugar', 'PetiteSyrah', 'StEmilion', 'Riesling', 'WineFlavor', 'Zinfandel', 'Margaux', 'Wine', 'SweetRiesling', 'WhiteBurgundy', 'IceWine', 'Beaujolais', 'DessertWine', 'WineGrape', 'CotesDOr', 'RedWine', 'CheninBlanc', 'Grape', 'VintageYear', 'DryRiesling', 'SauvignonBlanc', 'Winery', 'Port', 'PotableLiquid', 'LateHarvest', 'CabernetSauvignon', 'Pauillac', 'Region', 'ItalianWine', 'Meursault', 'Chianti', 'Muscadet', 'WineTaste', 'Sauternes', 'WineBody', 'Sancerre', 'RedTableWine', 'PinotNoir', 'WhiteWine', 'WineDescriptor', 'Semillon', 'Merlot', 'CabernetFranc']<|eot_id|><|start_header_id|>user<|end_header_id|>

PinotBlancGrape<|eot_id|><|start_header_id|>assistant<|end_header_id|>

1. WhiteWine
2. WineGrape
3. PinotNoir
4. Wine<|eot_id|>
2024-10-30 18:58:43,885 [INFO] root predict:predict 29:: <|begin_of_text|><|begin_of_text|><|start_header_id|>system<|end_header_id|>

You are a helpful assistant that responds with a ranked list of classes that a user input belongs to. Generate a list of the top 4 most likely classes. Do not generate a list of less than 4 classes. Do not provide any other information other than the list.
Create the ranked list considering only the provided classes
---
Classes: ['Bordeaux', 'Chardonnay', 'Anjou', 'Meritage', 'WineColor', 'WineSugar', 'PetiteSyrah', 'StEmilion', 'Riesling', 'WineFlavor', 'Zinfandel', 'Margaux', 'Wine', 'SweetRiesling', 'WhiteBurgundy', 'IceWine', 'Beaujolais', 'DessertWine', 'WineGrape', 'CotesDOr', 'RedWine', 'CheninBlanc', 'Grape', 'VintageYear', 'DryRiesling', 'SauvignonBlanc', 'Winery', 'Port', 'PotableLiquid', 'LateHarvest', 'CabernetSauvignon', 'Pauillac', 'Region', 'ItalianWine', 'Meursault', 'Chianti', 'Muscadet', 'WineTaste', 'Sauternes', 'WineBody', 'Sancerre', 'RedTableWine', 'PinotNoir', 'WhiteWine', 'WineDescriptor', 'Semillon', 'Merlot', 'CabernetFranc']<|eot_id|><|start_header_id|>user<|end_header_id|>

PinotNoirGrape<|eot_id|><|start_header_id|>assistant<|end_header_id|>

1. Pinot Noir
2. Grape
3. Wine
4. RedWine<|eot_id|>
2024-10-30 18:58:45,933 [INFO] root predict:predict 29:: <|begin_of_text|><|begin_of_text|><|start_header_id|>system<|end_header_id|>

You are a helpful assistant that responds with a ranked list of classes that a user input belongs to. Generate a list of the top 4 most likely classes. Do not generate a list of less than 4 classes. Do not provide any other information other than the list.
Create the ranked list considering only the provided classes
---
Classes: ['Bordeaux', 'Chardonnay', 'Anjou', 'Meritage', 'WineColor', 'WineSugar', 'PetiteSyrah', 'StEmilion', 'Riesling', 'WineFlavor', 'Zinfandel', 'Margaux', 'Wine', 'SweetRiesling', 'WhiteBurgundy', 'IceWine', 'Beaujolais', 'DessertWine', 'WineGrape', 'CotesDOr', 'RedWine', 'CheninBlanc', 'Grape', 'VintageYear', 'DryRiesling', 'SauvignonBlanc', 'Winery', 'Port', 'PotableLiquid', 'LateHarvest', 'CabernetSauvignon', 'Pauillac', 'Region', 'ItalianWine', 'Meursault', 'Chianti', 'Muscadet', 'WineTaste', 'Sauternes', 'WineBody', 'Sancerre', 'RedTableWine', 'PinotNoir', 'WhiteWine', 'WineDescriptor', 'Semillon', 'Merlot', 'CabernetFranc']<|eot_id|><|start_header_id|>user<|end_header_id|>

PortugalRegion<|eot_id|><|start_header_id|>assistant<|end_header_id|>

1. Region
2. Bordeaux
3. Pauillac
4. Margaux<|eot_id|>
2024-10-30 18:58:48,503 [INFO] root predict:predict 29:: <|begin_of_text|><|begin_of_text|><|start_header_id|>system<|end_header_id|>

You are a helpful assistant that responds with a ranked list of classes that a user input belongs to. Generate a list of the top 4 most likely classes. Do not generate a list of less than 4 classes. Do not provide any other information other than the list.
Create the ranked list considering only the provided classes
---
Classes: ['Bordeaux', 'Chardonnay', 'Anjou', 'Meritage', 'WineColor', 'WineSugar', 'PetiteSyrah', 'StEmilion', 'Riesling', 'WineFlavor', 'Zinfandel', 'Margaux', 'Wine', 'SweetRiesling', 'WhiteBurgundy', 'IceWine', 'Beaujolais', 'DessertWine', 'WineGrape', 'CotesDOr', 'RedWine', 'CheninBlanc', 'Grape', 'VintageYear', 'DryRiesling', 'SauvignonBlanc', 'Winery', 'Port', 'PotableLiquid', 'LateHarvest', 'CabernetSauvignon', 'Pauillac', 'Region', 'ItalianWine', 'Meursault', 'Chianti', 'Muscadet', 'WineTaste', 'Sauternes', 'WineBody', 'Sancerre', 'RedTableWine', 'PinotNoir', 'WhiteWine', 'WineDescriptor', 'Semillon', 'Merlot', 'CabernetFranc']<|eot_id|><|start_header_id|>user<|end_header_id|>

PulignyMontrachet<|eot_id|><|start_header_id|>assistant<|end_header_id|>

1. WhiteWine
2. PinotNoir
3. WhiteBurgundy
4. Meursault<|eot_id|>
2024-10-30 18:58:50,781 [INFO] root predict:predict 29:: <|begin_of_text|><|begin_of_text|><|start_header_id|>system<|end_header_id|>

You are a helpful assistant that responds with a ranked list of classes that a user input belongs to. Generate a list of the top 4 most likely classes. Do not generate a list of less than 4 classes. Do not provide any other information other than the list.
Create the ranked list considering only the provided classes
---
Classes: ['Bordeaux', 'Chardonnay', 'Anjou', 'Meritage', 'WineColor', 'WineSugar', 'PetiteSyrah', 'StEmilion', 'Riesling', 'WineFlavor', 'Zinfandel', 'Margaux', 'Wine', 'SweetRiesling', 'WhiteBurgundy', 'IceWine', 'Beaujolais', 'DessertWine', 'WineGrape', 'CotesDOr', 'RedWine', 'CheninBlanc', 'Grape', 'VintageYear', 'DryRiesling', 'SauvignonBlanc', 'Winery', 'Port', 'PotableLiquid', 'LateHarvest', 'CabernetSauvignon', 'Pauillac', 'Region', 'ItalianWine', 'Meursault', 'Chianti', 'Muscadet', 'WineTaste', 'Sauternes', 'WineBody', 'Sancerre', 'RedTableWine', 'PinotNoir', 'WhiteWine', 'WineDescriptor', 'Semillon', 'Merlot', 'CabernetFranc']<|eot_id|><|start_header_id|>user<|end_header_id|>

PulignyMontrachetWhiteBurgundy<|eot_id|><|start_header_id|>assistant<|end_header_id|>

1. WhiteBurgundy
2. Wine
3. RedWine
4. WineDescriptor<|eot_id|>
2024-10-30 18:58:53,496 [INFO] root predict:predict 29:: <|begin_of_text|><|begin_of_text|><|start_header_id|>system<|end_header_id|>

You are a helpful assistant that responds with a ranked list of classes that a user input belongs to. Generate a list of the top 4 most likely classes. Do not generate a list of less than 4 classes. Do not provide any other information other than the list.
Create the ranked list considering only the provided classes
---
Classes: ['Bordeaux', 'Chardonnay', 'Anjou', 'Meritage', 'WineColor', 'WineSugar', 'PetiteSyrah', 'StEmilion', 'Riesling', 'WineFlavor', 'Zinfandel', 'Margaux', 'Wine', 'SweetRiesling', 'WhiteBurgundy', 'IceWine', 'Beaujolais', 'DessertWine', 'WineGrape', 'CotesDOr', 'RedWine', 'CheninBlanc', 'Grape', 'VintageYear', 'DryRiesling', 'SauvignonBlanc', 'Winery', 'Port', 'PotableLiquid', 'LateHarvest', 'CabernetSauvignon', 'Pauillac', 'Region', 'ItalianWine', 'Meursault', 'Chianti', 'Muscadet', 'WineTaste', 'Sauternes', 'WineBody', 'Sancerre', 'RedTableWine', 'PinotNoir', 'WhiteWine', 'WineDescriptor', 'Semillon', 'Merlot', 'CabernetFranc']<|eot_id|><|start_header_id|>user<|end_header_id|>

Red<|eot_id|><|start_header_id|>assistant<|end_header_id|>

1. RedWine
2. CabernetSauvignon
3. RedTableWine
4. PinotNoir<|eot_id|>
2024-10-30 18:58:55,761 [INFO] root predict:predict 29:: <|begin_of_text|><|begin_of_text|><|start_header_id|>system<|end_header_id|>

You are a helpful assistant that responds with a ranked list of classes that a user input belongs to. Generate a list of the top 4 most likely classes. Do not generate a list of less than 4 classes. Do not provide any other information other than the list.
Create the ranked list considering only the provided classes
---
Classes: ['Bordeaux', 'Chardonnay', 'Anjou', 'Meritage', 'WineColor', 'WineSugar', 'PetiteSyrah', 'StEmilion', 'Riesling', 'WineFlavor', 'Zinfandel', 'Margaux', 'Wine', 'SweetRiesling', 'WhiteBurgundy', 'IceWine', 'Beaujolais', 'DessertWine', 'WineGrape', 'CotesDOr', 'RedWine', 'CheninBlanc', 'Grape', 'VintageYear', 'DryRiesling', 'SauvignonBlanc', 'Winery', 'Port', 'PotableLiquid', 'LateHarvest', 'CabernetSauvignon', 'Pauillac', 'Region', 'ItalianWine', 'Meursault', 'Chianti', 'Muscadet', 'WineTaste', 'Sauternes', 'WineBody', 'Sancerre', 'RedTableWine', 'PinotNoir', 'WhiteWine', 'WineDescriptor', 'Semillon', 'Merlot', 'CabernetFranc']<|eot_id|><|start_header_id|>user<|end_header_id|>

RieslingGrape<|eot_id|><|start_header_id|>assistant<|end_header_id|>

1. WineGrape
2. Riesling
3. WhiteWine
4. Wine<|eot_id|>
2024-10-30 18:58:58,031 [INFO] root predict:predict 29:: <|begin_of_text|><|begin_of_text|><|start_header_id|>system<|end_header_id|>

You are a helpful assistant that responds with a ranked list of classes that a user input belongs to. Generate a list of the top 4 most likely classes. Do not generate a list of less than 4 classes. Do not provide any other information other than the list.
Create the ranked list considering only the provided classes
---
Classes: ['Bordeaux', 'Chardonnay', 'Anjou', 'Meritage', 'WineColor', 'WineSugar', 'PetiteSyrah', 'StEmilion', 'Riesling', 'WineFlavor', 'Zinfandel', 'Margaux', 'Wine', 'SweetRiesling', 'WhiteBurgundy', 'IceWine', 'Beaujolais', 'DessertWine', 'WineGrape', 'CotesDOr', 'RedWine', 'CheninBlanc', 'Grape', 'VintageYear', 'DryRiesling', 'SauvignonBlanc', 'Winery', 'Port', 'PotableLiquid', 'LateHarvest', 'CabernetSauvignon', 'Pauillac', 'Region', 'ItalianWine', 'Meursault', 'Chianti', 'Muscadet', 'WineTaste', 'Sauternes', 'WineBody', 'Sancerre', 'RedTableWine', 'PinotNoir', 'WhiteWine', 'WineDescriptor', 'Semillon', 'Merlot', 'CabernetFranc']<|eot_id|><|start_header_id|>user<|end_header_id|>

Rose<|eot_id|><|start_header_id|>assistant<|end_header_id|>

1. Wine
2. WineColor
3. RedWine
4. PinotNoir<|eot_id|>
2024-10-30 18:59:00,226 [INFO] root predict:predict 29:: <|begin_of_text|><|begin_of_text|><|start_header_id|>system<|end_header_id|>

You are a helpful assistant that responds with a ranked list of classes that a user input belongs to. Generate a list of the top 4 most likely classes. Do not generate a list of less than 4 classes. Do not provide any other information other than the list.
Create the ranked list considering only the provided classes
---
Classes: ['Bordeaux', 'Chardonnay', 'Anjou', 'Meritage', 'WineColor', 'WineSugar', 'PetiteSyrah', 'StEmilion', 'Riesling', 'WineFlavor', 'Zinfandel', 'Margaux', 'Wine', 'SweetRiesling', 'WhiteBurgundy', 'IceWine', 'Beaujolais', 'DessertWine', 'WineGrape', 'CotesDOr', 'RedWine', 'CheninBlanc', 'Grape', 'VintageYear', 'DryRiesling', 'SauvignonBlanc', 'Winery', 'Port', 'PotableLiquid', 'LateHarvest', 'CabernetSauvignon', 'Pauillac', 'Region', 'ItalianWine', 'Meursault', 'Chianti', 'Muscadet', 'WineTaste', 'Sauternes', 'WineBody', 'Sancerre', 'RedTableWine', 'PinotNoir', 'WhiteWine', 'WineDescriptor', 'Semillon', 'Merlot', 'CabernetFranc']<|eot_id|><|start_header_id|>user<|end_header_id|>

RoseDAnjou<|eot_id|><|start_header_id|>assistant<|end_header_id|>

1. Bordeaux
2. Anjou
3. Meritage
4. WhiteWine<|eot_id|>
2024-10-30 18:59:02,574 [INFO] root predict:predict 29:: <|begin_of_text|><|begin_of_text|><|start_header_id|>system<|end_header_id|>

You are a helpful assistant that responds with a ranked list of classes that a user input belongs to. Generate a list of the top 4 most likely classes. Do not generate a list of less than 4 classes. Do not provide any other information other than the list.
Create the ranked list considering only the provided classes
---
Classes: ['Bordeaux', 'Chardonnay', 'Anjou', 'Meritage', 'WineColor', 'WineSugar', 'PetiteSyrah', 'StEmilion', 'Riesling', 'WineFlavor', 'Zinfandel', 'Margaux', 'Wine', 'SweetRiesling', 'WhiteBurgundy', 'IceWine', 'Beaujolais', 'DessertWine', 'WineGrape', 'CotesDOr', 'RedWine', 'CheninBlanc', 'Grape', 'VintageYear', 'DryRiesling', 'SauvignonBlanc', 'Winery', 'Port', 'PotableLiquid', 'LateHarvest', 'CabernetSauvignon', 'Pauillac', 'Region', 'ItalianWine', 'Meursault', 'Chianti', 'Muscadet', 'WineTaste', 'Sauternes', 'WineBody', 'Sancerre', 'RedTableWine', 'PinotNoir', 'WhiteWine', 'WineDescriptor', 'Semillon', 'Merlot', 'CabernetFranc']<|eot_id|><|start_header_id|>user<|end_header_id|>

SancerreRegion<|eot_id|><|start_header_id|>assistant<|end_header_id|>

1. Sancerre
2. WhiteWine
3. RedTableWine
4. Wine<|eot_id|>
2024-10-30 18:59:04,693 [INFO] root predict:predict 29:: <|begin_of_text|><|begin_of_text|><|start_header_id|>system<|end_header_id|>

You are a helpful assistant that responds with a ranked list of classes that a user input belongs to. Generate a list of the top 4 most likely classes. Do not generate a list of less than 4 classes. Do not provide any other information other than the list.
Create the ranked list considering only the provided classes
---
Classes: ['Bordeaux', 'Chardonnay', 'Anjou', 'Meritage', 'WineColor', 'WineSugar', 'PetiteSyrah', 'StEmilion', 'Riesling', 'WineFlavor', 'Zinfandel', 'Margaux', 'Wine', 'SweetRiesling', 'WhiteBurgundy', 'IceWine', 'Beaujolais', 'DessertWine', 'WineGrape', 'CotesDOr', 'RedWine', 'CheninBlanc', 'Grape', 'VintageYear', 'DryRiesling', 'SauvignonBlanc', 'Winery', 'Port', 'PotableLiquid', 'LateHarvest', 'CabernetSauvignon', 'Pauillac', 'Region', 'ItalianWine', 'Meursault', 'Chianti', 'Muscadet', 'WineTaste', 'Sauternes', 'WineBody', 'Sancerre', 'RedTableWine', 'PinotNoir', 'WhiteWine', 'WineDescriptor', 'Semillon', 'Merlot', 'CabernetFranc']<|eot_id|><|start_header_id|>user<|end_header_id|>

SangioveseGrape<|eot_id|><|start_header_id|>assistant<|end_header_id|>

1. WineGrape
2. Grape
3. Wine
4. RedWine<|eot_id|>
2024-10-30 18:59:06,809 [INFO] root predict:predict 29:: <|begin_of_text|><|begin_of_text|><|start_header_id|>system<|end_header_id|>

You are a helpful assistant that responds with a ranked list of classes that a user input belongs to. Generate a list of the top 4 most likely classes. Do not generate a list of less than 4 classes. Do not provide any other information other than the list.
Create the ranked list considering only the provided classes
---
Classes: ['Bordeaux', 'Chardonnay', 'Anjou', 'Meritage', 'WineColor', 'WineSugar', 'PetiteSyrah', 'StEmilion', 'Riesling', 'WineFlavor', 'Zinfandel', 'Margaux', 'Wine', 'SweetRiesling', 'WhiteBurgundy', 'IceWine', 'Beaujolais', 'DessertWine', 'WineGrape', 'CotesDOr', 'RedWine', 'CheninBlanc', 'Grape', 'VintageYear', 'DryRiesling', 'SauvignonBlanc', 'Winery', 'Port', 'PotableLiquid', 'LateHarvest', 'CabernetSauvignon', 'Pauillac', 'Region', 'ItalianWine', 'Meursault', 'Chianti', 'Muscadet', 'WineTaste', 'Sauternes', 'WineBody', 'Sancerre', 'RedTableWine', 'PinotNoir', 'WhiteWine', 'WineDescriptor', 'Semillon', 'Merlot', 'CabernetFranc']<|eot_id|><|start_header_id|>user<|end_header_id|>

SantaBarbaraRegion<|eot_id|><|start_header_id|>assistant<|end_header_id|>

1. Region
2. Wine
3. WhiteWine
4. RedWine<|eot_id|>
2024-10-30 18:59:08,859 [INFO] root predict:predict 29:: <|begin_of_text|><|begin_of_text|><|start_header_id|>system<|end_header_id|>

You are a helpful assistant that responds with a ranked list of classes that a user input belongs to. Generate a list of the top 4 most likely classes. Do not generate a list of less than 4 classes. Do not provide any other information other than the list.
Create the ranked list considering only the provided classes
---
Classes: ['Bordeaux', 'Chardonnay', 'Anjou', 'Meritage', 'WineColor', 'WineSugar', 'PetiteSyrah', 'StEmilion', 'Riesling', 'WineFlavor', 'Zinfandel', 'Margaux', 'Wine', 'SweetRiesling', 'WhiteBurgundy', 'IceWine', 'Beaujolais', 'DessertWine', 'WineGrape', 'CotesDOr', 'RedWine', 'CheninBlanc', 'Grape', 'VintageYear', 'DryRiesling', 'SauvignonBlanc', 'Winery', 'Port', 'PotableLiquid', 'LateHarvest', 'CabernetSauvignon', 'Pauillac', 'Region', 'ItalianWine', 'Meursault', 'Chianti', 'Muscadet', 'WineTaste', 'Sauternes', 'WineBody', 'Sancerre', 'RedTableWine', 'PinotNoir', 'WhiteWine', 'WineDescriptor', 'Semillon', 'Merlot', 'CabernetFranc']<|eot_id|><|start_header_id|>user<|end_header_id|>

SantaCruzMountainVineyard<|eot_id|><|start_header_id|>assistant<|end_header_id|>

1. Wine
2. RedWine
3. Meritage
4. Bordeaux<|eot_id|>
2024-10-30 18:59:11,213 [INFO] root predict:predict 29:: <|begin_of_text|><|begin_of_text|><|start_header_id|>system<|end_header_id|>

You are a helpful assistant that responds with a ranked list of classes that a user input belongs to. Generate a list of the top 4 most likely classes. Do not generate a list of less than 4 classes. Do not provide any other information other than the list.
Create the ranked list considering only the provided classes
---
Classes: ['Bordeaux', 'Chardonnay', 'Anjou', 'Meritage', 'WineColor', 'WineSugar', 'PetiteSyrah', 'StEmilion', 'Riesling', 'WineFlavor', 'Zinfandel', 'Margaux', 'Wine', 'SweetRiesling', 'WhiteBurgundy', 'IceWine', 'Beaujolais', 'DessertWine', 'WineGrape', 'CotesDOr', 'RedWine', 'CheninBlanc', 'Grape', 'VintageYear', 'DryRiesling', 'SauvignonBlanc', 'Winery', 'Port', 'PotableLiquid', 'LateHarvest', 'CabernetSauvignon', 'Pauillac', 'Region', 'ItalianWine', 'Meursault', 'Chianti', 'Muscadet', 'WineTaste', 'Sauternes', 'WineBody', 'Sancerre', 'RedTableWine', 'PinotNoir', 'WhiteWine', 'WineDescriptor', 'Semillon', 'Merlot', 'CabernetFranc']<|eot_id|><|start_header_id|>user<|end_header_id|>

SantaCruzMountainVineyardCabernetSauvignon<|eot_id|><|start_header_id|>assistant<|end_header_id|>

1. RedWine
2. Wine
3. CabernetSauvignon
4. Meritage<|eot_id|>
2024-10-30 18:59:13,260 [INFO] root predict:predict 29:: <|begin_of_text|><|begin_of_text|><|start_header_id|>system<|end_header_id|>

You are a helpful assistant that responds with a ranked list of classes that a user input belongs to. Generate a list of the top 4 most likely classes. Do not generate a list of less than 4 classes. Do not provide any other information other than the list.
Create the ranked list considering only the provided classes
---
Classes: ['Bordeaux', 'Chardonnay', 'Anjou', 'Meritage', 'WineColor', 'WineSugar', 'PetiteSyrah', 'StEmilion', 'Riesling', 'WineFlavor', 'Zinfandel', 'Margaux', 'Wine', 'SweetRiesling', 'WhiteBurgundy', 'IceWine', 'Beaujolais', 'DessertWine', 'WineGrape', 'CotesDOr', 'RedWine', 'CheninBlanc', 'Grape', 'VintageYear', 'DryRiesling', 'SauvignonBlanc', 'Winery', 'Port', 'PotableLiquid', 'LateHarvest', 'CabernetSauvignon', 'Pauillac', 'Region', 'ItalianWine', 'Meursault', 'Chianti', 'Muscadet', 'WineTaste', 'Sauternes', 'WineBody', 'Sancerre', 'RedTableWine', 'PinotNoir', 'WhiteWine', 'WineDescriptor', 'Semillon', 'Merlot', 'CabernetFranc']<|eot_id|><|start_header_id|>user<|end_header_id|>

SantaCruzMountainsRegion<|eot_id|><|start_header_id|>assistant<|end_header_id|>

1. WineRegion
2. Region
3. RedWine
4. Bordeaux<|eot_id|>
2024-10-30 18:59:15,610 [INFO] root predict:predict 29:: <|begin_of_text|><|begin_of_text|><|start_header_id|>system<|end_header_id|>

You are a helpful assistant that responds with a ranked list of classes that a user input belongs to. Generate a list of the top 4 most likely classes. Do not generate a list of less than 4 classes. Do not provide any other information other than the list.
Create the ranked list considering only the provided classes
---
Classes: ['Bordeaux', 'Chardonnay', 'Anjou', 'Meritage', 'WineColor', 'WineSugar', 'PetiteSyrah', 'StEmilion', 'Riesling', 'WineFlavor', 'Zinfandel', 'Margaux', 'Wine', 'SweetRiesling', 'WhiteBurgundy', 'IceWine', 'Beaujolais', 'DessertWine', 'WineGrape', 'CotesDOr', 'RedWine', 'CheninBlanc', 'Grape', 'VintageYear', 'DryRiesling', 'SauvignonBlanc', 'Winery', 'Port', 'PotableLiquid', 'LateHarvest', 'CabernetSauvignon', 'Pauillac', 'Region', 'ItalianWine', 'Meursault', 'Chianti', 'Muscadet', 'WineTaste', 'Sauternes', 'WineBody', 'Sancerre', 'RedTableWine', 'PinotNoir', 'WhiteWine', 'WineDescriptor', 'Semillon', 'Merlot', 'CabernetFranc']<|eot_id|><|start_header_id|>user<|end_header_id|>

SaucelitoCanyon<|eot_id|><|start_header_id|>assistant<|end_header_id|>

1. Wine
2. RedWine
3. Zinfandel
4. RedTableWine<|eot_id|>
2024-10-30 18:59:17,956 [INFO] root predict:predict 29:: <|begin_of_text|><|begin_of_text|><|start_header_id|>system<|end_header_id|>

You are a helpful assistant that responds with a ranked list of classes that a user input belongs to. Generate a list of the top 4 most likely classes. Do not generate a list of less than 4 classes. Do not provide any other information other than the list.
Create the ranked list considering only the provided classes
---
Classes: ['Bordeaux', 'Chardonnay', 'Anjou', 'Meritage', 'WineColor', 'WineSugar', 'PetiteSyrah', 'StEmilion', 'Riesling', 'WineFlavor', 'Zinfandel', 'Margaux', 'Wine', 'SweetRiesling', 'WhiteBurgundy', 'IceWine', 'Beaujolais', 'DessertWine', 'WineGrape', 'CotesDOr', 'RedWine', 'CheninBlanc', 'Grape', 'VintageYear', 'DryRiesling', 'SauvignonBlanc', 'Winery', 'Port', 'PotableLiquid', 'LateHarvest', 'CabernetSauvignon', 'Pauillac', 'Region', 'ItalianWine', 'Meursault', 'Chianti', 'Muscadet', 'WineTaste', 'Sauternes', 'WineBody', 'Sancerre', 'RedTableWine', 'PinotNoir', 'WhiteWine', 'WineDescriptor', 'Semillon', 'Merlot', 'CabernetFranc']<|eot_id|><|start_header_id|>user<|end_header_id|>

SaucelitoCanyonZinfandel<|eot_id|><|start_header_id|>assistant<|end_header_id|>

1. Zinfandel
2. Wine
3. RedWine
4. RedTableWine<|eot_id|>
2024-10-30 18:59:20,236 [INFO] root predict:predict 29:: <|begin_of_text|><|begin_of_text|><|start_header_id|>system<|end_header_id|>

You are a helpful assistant that responds with a ranked list of classes that a user input belongs to. Generate a list of the top 4 most likely classes. Do not generate a list of less than 4 classes. Do not provide any other information other than the list.
Create the ranked list considering only the provided classes
---
Classes: ['Bordeaux', 'Chardonnay', 'Anjou', 'Meritage', 'WineColor', 'WineSugar', 'PetiteSyrah', 'StEmilion', 'Riesling', 'WineFlavor', 'Zinfandel', 'Margaux', 'Wine', 'SweetRiesling', 'WhiteBurgundy', 'IceWine', 'Beaujolais', 'DessertWine', 'WineGrape', 'CotesDOr', 'RedWine', 'CheninBlanc', 'Grape', 'VintageYear', 'DryRiesling', 'SauvignonBlanc', 'Winery', 'Port', 'PotableLiquid', 'LateHarvest', 'CabernetSauvignon', 'Pauillac', 'Region', 'ItalianWine', 'Meursault', 'Chianti', 'Muscadet', 'WineTaste', 'Sauternes', 'WineBody', 'Sancerre', 'RedTableWine', 'PinotNoir', 'WhiteWine', 'WineDescriptor', 'Semillon', 'Merlot', 'CabernetFranc']<|eot_id|><|start_header_id|>user<|end_header_id|>

SaucelitoCanyonZinfandel1998<|eot_id|><|start_header_id|>assistant<|end_header_id|>

1. Zinfandel
2. RedWine
3. Wine
4. Zinfandel<|eot_id|>
2024-10-30 18:59:22,435 [INFO] root predict:predict 29:: <|begin_of_text|><|begin_of_text|><|start_header_id|>system<|end_header_id|>

You are a helpful assistant that responds with a ranked list of classes that a user input belongs to. Generate a list of the top 4 most likely classes. Do not generate a list of less than 4 classes. Do not provide any other information other than the list.
Create the ranked list considering only the provided classes
---
Classes: ['Bordeaux', 'Chardonnay', 'Anjou', 'Meritage', 'WineColor', 'WineSugar', 'PetiteSyrah', 'StEmilion', 'Riesling', 'WineFlavor', 'Zinfandel', 'Margaux', 'Wine', 'SweetRiesling', 'WhiteBurgundy', 'IceWine', 'Beaujolais', 'DessertWine', 'WineGrape', 'CotesDOr', 'RedWine', 'CheninBlanc', 'Grape', 'VintageYear', 'DryRiesling', 'SauvignonBlanc', 'Winery', 'Port', 'PotableLiquid', 'LateHarvest', 'CabernetSauvignon', 'Pauillac', 'Region', 'ItalianWine', 'Meursault', 'Chianti', 'Muscadet', 'WineTaste', 'Sauternes', 'WineBody', 'Sancerre', 'RedTableWine', 'PinotNoir', 'WhiteWine', 'WineDescriptor', 'Semillon', 'Merlot', 'CabernetFranc']<|eot_id|><|start_header_id|>user<|end_header_id|>

SauterneRegion<|eot_id|><|start_header_id|>assistant<|end_header_id|>

1. Sauternes
2. Wine
3. WineDescriptor
4. Sancerre<|eot_id|>
2024-10-30 18:59:24,711 [INFO] root predict:predict 29:: <|begin_of_text|><|begin_of_text|><|start_header_id|>system<|end_header_id|>

You are a helpful assistant that responds with a ranked list of classes that a user input belongs to. Generate a list of the top 4 most likely classes. Do not generate a list of less than 4 classes. Do not provide any other information other than the list.
Create the ranked list considering only the provided classes
---
Classes: ['Bordeaux', 'Chardonnay', 'Anjou', 'Meritage', 'WineColor', 'WineSugar', 'PetiteSyrah', 'StEmilion', 'Riesling', 'WineFlavor', 'Zinfandel', 'Margaux', 'Wine', 'SweetRiesling', 'WhiteBurgundy', 'IceWine', 'Beaujolais', 'DessertWine', 'WineGrape', 'CotesDOr', 'RedWine', 'CheninBlanc', 'Grape', 'VintageYear', 'DryRiesling', 'SauvignonBlanc', 'Winery', 'Port', 'PotableLiquid', 'LateHarvest', 'CabernetSauvignon', 'Pauillac', 'Region', 'ItalianWine', 'Meursault', 'Chianti', 'Muscadet', 'WineTaste', 'Sauternes', 'WineBody', 'Sancerre', 'RedTableWine', 'PinotNoir', 'WhiteWine', 'WineDescriptor', 'Semillon', 'Merlot', 'CabernetFranc']<|eot_id|><|start_header_id|>user<|end_header_id|>

SauvignonBlancGrape<|eot_id|><|start_header_id|>assistant<|end_header_id|>

1. Wine
2. Grape
3. WhiteWine
4. SauvignonBlanc<|eot_id|>
2024-10-30 18:59:26,835 [INFO] root predict:predict 29:: <|begin_of_text|><|begin_of_text|><|start_header_id|>system<|end_header_id|>

You are a helpful assistant that responds with a ranked list of classes that a user input belongs to. Generate a list of the top 4 most likely classes. Do not generate a list of less than 4 classes. Do not provide any other information other than the list.
Create the ranked list considering only the provided classes
---
Classes: ['Bordeaux', 'Chardonnay', 'Anjou', 'Meritage', 'WineColor', 'WineSugar', 'PetiteSyrah', 'StEmilion', 'Riesling', 'WineFlavor', 'Zinfandel', 'Margaux', 'Wine', 'SweetRiesling', 'WhiteBurgundy', 'IceWine', 'Beaujolais', 'DessertWine', 'WineGrape', 'CotesDOr', 'RedWine', 'CheninBlanc', 'Grape', 'VintageYear', 'DryRiesling', 'SauvignonBlanc', 'Winery', 'Port', 'PotableLiquid', 'LateHarvest', 'CabernetSauvignon', 'Pauillac', 'Region', 'ItalianWine', 'Meursault', 'Chianti', 'Muscadet', 'WineTaste', 'Sauternes', 'WineBody', 'Sancerre', 'RedTableWine', 'PinotNoir', 'WhiteWine', 'WineDescriptor', 'Semillon', 'Merlot', 'CabernetFranc']<|eot_id|><|start_header_id|>user<|end_header_id|>

SchlossRothermel<|eot_id|><|start_header_id|>assistant<|end_header_id|>

1. Bordeaux
2. Meritage
3. Pauillac
4. Margaux<|eot_id|>
2024-10-30 18:59:28,967 [INFO] root predict:predict 29:: <|begin_of_text|><|begin_of_text|><|start_header_id|>system<|end_header_id|>

You are a helpful assistant that responds with a ranked list of classes that a user input belongs to. Generate a list of the top 4 most likely classes. Do not generate a list of less than 4 classes. Do not provide any other information other than the list.
Create the ranked list considering only the provided classes
---
Classes: ['Bordeaux', 'Chardonnay', 'Anjou', 'Meritage', 'WineColor', 'WineSugar', 'PetiteSyrah', 'StEmilion', 'Riesling', 'WineFlavor', 'Zinfandel', 'Margaux', 'Wine', 'SweetRiesling', 'WhiteBurgundy', 'IceWine', 'Beaujolais', 'DessertWine', 'WineGrape', 'CotesDOr', 'RedWine', 'CheninBlanc', 'Grape', 'VintageYear', 'DryRiesling', 'SauvignonBlanc', 'Winery', 'Port', 'PotableLiquid', 'LateHarvest', 'CabernetSauvignon', 'Pauillac', 'Region', 'ItalianWine', 'Meursault', 'Chianti', 'Muscadet', 'WineTaste', 'Sauternes', 'WineBody', 'Sancerre', 'RedTableWine', 'PinotNoir', 'WhiteWine', 'WineDescriptor', 'Semillon', 'Merlot', 'CabernetFranc']<|eot_id|><|start_header_id|>user<|end_header_id|>

SchlossRothermelTrochenbierenausleseRiesling<|eot_id|><|start_header_id|>assistant<|end_header_id|>

['Wine', 'Riesling', 'WineColor', 'WineSugar']<|eot_id|>
2024-10-30 18:59:31,012 [INFO] root predict:predict 29:: <|begin_of_text|><|begin_of_text|><|start_header_id|>system<|end_header_id|>

You are a helpful assistant that responds with a ranked list of classes that a user input belongs to. Generate a list of the top 4 most likely classes. Do not generate a list of less than 4 classes. Do not provide any other information other than the list.
Create the ranked list considering only the provided classes
---
Classes: ['Bordeaux', 'Chardonnay', 'Anjou', 'Meritage', 'WineColor', 'WineSugar', 'PetiteSyrah', 'StEmilion', 'Riesling', 'WineFlavor', 'Zinfandel', 'Margaux', 'Wine', 'SweetRiesling', 'WhiteBurgundy', 'IceWine', 'Beaujolais', 'DessertWine', 'WineGrape', 'CotesDOr', 'RedWine', 'CheninBlanc', 'Grape', 'VintageYear', 'DryRiesling', 'SauvignonBlanc', 'Winery', 'Port', 'PotableLiquid', 'LateHarvest', 'CabernetSauvignon', 'Pauillac', 'Region', 'ItalianWine', 'Meursault', 'Chianti', 'Muscadet', 'WineTaste', 'Sauternes', 'WineBody', 'Sancerre', 'RedTableWine', 'PinotNoir', 'WhiteWine', 'WineDescriptor', 'Semillon', 'Merlot', 'CabernetFranc']<|eot_id|><|start_header_id|>user<|end_header_id|>

SchlossVolrad<|eot_id|><|start_header_id|>assistant<|end_header_id|>

1. Wine
2. Bordeaux
3. RedWine
4. Meritage<|eot_id|>
2024-10-30 18:59:33,366 [INFO] root predict:predict 29:: <|begin_of_text|><|begin_of_text|><|start_header_id|>system<|end_header_id|>

You are a helpful assistant that responds with a ranked list of classes that a user input belongs to. Generate a list of the top 4 most likely classes. Do not generate a list of less than 4 classes. Do not provide any other information other than the list.
Create the ranked list considering only the provided classes
---
Classes: ['Bordeaux', 'Chardonnay', 'Anjou', 'Meritage', 'WineColor', 'WineSugar', 'PetiteSyrah', 'StEmilion', 'Riesling', 'WineFlavor', 'Zinfandel', 'Margaux', 'Wine', 'SweetRiesling', 'WhiteBurgundy', 'IceWine', 'Beaujolais', 'DessertWine', 'WineGrape', 'CotesDOr', 'RedWine', 'CheninBlanc', 'Grape', 'VintageYear', 'DryRiesling', 'SauvignonBlanc', 'Winery', 'Port', 'PotableLiquid', 'LateHarvest', 'CabernetSauvignon', 'Pauillac', 'Region', 'ItalianWine', 'Meursault', 'Chianti', 'Muscadet', 'WineTaste', 'Sauternes', 'WineBody', 'Sancerre', 'RedTableWine', 'PinotNoir', 'WhiteWine', 'WineDescriptor', 'Semillon', 'Merlot', 'CabernetFranc']<|eot_id|><|start_header_id|>user<|end_header_id|>

SchlossVolradTrochenbierenausleseRiesling<|eot_id|><|start_header_id|>assistant<|end_header_id|>

1. Wine
2. Riesling
3. IceWine
4. DessertWine<|eot_id|>
2024-10-30 18:59:36,529 [INFO] root predict:predict 29:: <|begin_of_text|><|begin_of_text|><|start_header_id|>system<|end_header_id|>

You are a helpful assistant that responds with a ranked list of classes that a user input belongs to. Generate a list of the top 4 most likely classes. Do not generate a list of less than 4 classes. Do not provide any other information other than the list.
Create the ranked list considering only the provided classes
---
Classes: ['Bordeaux', 'Chardonnay', 'Anjou', 'Meritage', 'WineColor', 'WineSugar', 'PetiteSyrah', 'StEmilion', 'Riesling', 'WineFlavor', 'Zinfandel', 'Margaux', 'Wine', 'SweetRiesling', 'WhiteBurgundy', 'IceWine', 'Beaujolais', 'DessertWine', 'WineGrape', 'CotesDOr', 'RedWine', 'CheninBlanc', 'Grape', 'VintageYear', 'DryRiesling', 'SauvignonBlanc', 'Winery', 'Port', 'PotableLiquid', 'LateHarvest', 'CabernetSauvignon', 'Pauillac', 'Region', 'ItalianWine', 'Meursault', 'Chianti', 'Muscadet', 'WineTaste', 'Sauternes', 'WineBody', 'Sancerre', 'RedTableWine', 'PinotNoir', 'WhiteWine', 'WineDescriptor', 'Semillon', 'Merlot', 'CabernetFranc']<|eot_id|><|start_header_id|>user<|end_header_id|>

SeanThackrey<|eot_id|><|start_header_id|>assistant<|end_header_id|>

Here is the ranked list of classes that SeanThackrey belongs to:

1. Meritage
2. Bordeaux
3. RedWine
4. Wine<|eot_id|>
2024-10-30 18:59:38,661 [INFO] root predict:predict 29:: <|begin_of_text|><|begin_of_text|><|start_header_id|>system<|end_header_id|>

You are a helpful assistant that responds with a ranked list of classes that a user input belongs to. Generate a list of the top 4 most likely classes. Do not generate a list of less than 4 classes. Do not provide any other information other than the list.
Create the ranked list considering only the provided classes
---
Classes: ['Bordeaux', 'Chardonnay', 'Anjou', 'Meritage', 'WineColor', 'WineSugar', 'PetiteSyrah', 'StEmilion', 'Riesling', 'WineFlavor', 'Zinfandel', 'Margaux', 'Wine', 'SweetRiesling', 'WhiteBurgundy', 'IceWine', 'Beaujolais', 'DessertWine', 'WineGrape', 'CotesDOr', 'RedWine', 'CheninBlanc', 'Grape', 'VintageYear', 'DryRiesling', 'SauvignonBlanc', 'Winery', 'Port', 'PotableLiquid', 'LateHarvest', 'CabernetSauvignon', 'Pauillac', 'Region', 'ItalianWine', 'Meursault', 'Chianti', 'Muscadet', 'WineTaste', 'Sauternes', 'WineBody', 'Sancerre', 'RedTableWine', 'PinotNoir', 'WhiteWine', 'WineDescriptor', 'Semillon', 'Merlot', 'CabernetFranc']<|eot_id|><|start_header_id|>user<|end_header_id|>

SeanThackreySiriusPetiteSyrah<|eot_id|><|start_header_id|>assistant<|end_header_id|>

1. Petite Syrah
2. Syrah
3. Bordeaux
4. Meritage<|eot_id|>
2024-10-30 18:59:40,927 [INFO] root predict:predict 29:: <|begin_of_text|><|begin_of_text|><|start_header_id|>system<|end_header_id|>

You are a helpful assistant that responds with a ranked list of classes that a user input belongs to. Generate a list of the top 4 most likely classes. Do not generate a list of less than 4 classes. Do not provide any other information other than the list.
Create the ranked list considering only the provided classes
---
Classes: ['Bordeaux', 'Chardonnay', 'Anjou', 'Meritage', 'WineColor', 'WineSugar', 'PetiteSyrah', 'StEmilion', 'Riesling', 'WineFlavor', 'Zinfandel', 'Margaux', 'Wine', 'SweetRiesling', 'WhiteBurgundy', 'IceWine', 'Beaujolais', 'DessertWine', 'WineGrape', 'CotesDOr', 'RedWine', 'CheninBlanc', 'Grape', 'VintageYear', 'DryRiesling', 'SauvignonBlanc', 'Winery', 'Port', 'PotableLiquid', 'LateHarvest', 'CabernetSauvignon', 'Pauillac', 'Region', 'ItalianWine', 'Meursault', 'Chianti', 'Muscadet', 'WineTaste', 'Sauternes', 'WineBody', 'Sancerre', 'RedTableWine', 'PinotNoir', 'WhiteWine', 'WineDescriptor', 'Semillon', 'Merlot', 'CabernetFranc']<|eot_id|><|start_header_id|>user<|end_header_id|>

Selaks<|eot_id|><|start_header_id|>assistant<|end_header_id|>

1. Wine
2. WhiteWine
3. RedWine
4. WineGrape<|eot_id|>
2024-10-30 18:59:43,279 [INFO] root predict:predict 29:: <|begin_of_text|><|begin_of_text|><|start_header_id|>system<|end_header_id|>

You are a helpful assistant that responds with a ranked list of classes that a user input belongs to. Generate a list of the top 4 most likely classes. Do not generate a list of less than 4 classes. Do not provide any other information other than the list.
Create the ranked list considering only the provided classes
---
Classes: ['Bordeaux', 'Chardonnay', 'Anjou', 'Meritage', 'WineColor', 'WineSugar', 'PetiteSyrah', 'StEmilion', 'Riesling', 'WineFlavor', 'Zinfandel', 'Margaux', 'Wine', 'SweetRiesling', 'WhiteBurgundy', 'IceWine', 'Beaujolais', 'DessertWine', 'WineGrape', 'CotesDOr', 'RedWine', 'CheninBlanc', 'Grape', 'VintageYear', 'DryRiesling', 'SauvignonBlanc', 'Winery', 'Port', 'PotableLiquid', 'LateHarvest', 'CabernetSauvignon', 'Pauillac', 'Region', 'ItalianWine', 'Meursault', 'Chianti', 'Muscadet', 'WineTaste', 'Sauternes', 'WineBody', 'Sancerre', 'RedTableWine', 'PinotNoir', 'WhiteWine', 'WineDescriptor', 'Semillon', 'Merlot', 'CabernetFranc']<|eot_id|><|start_header_id|>user<|end_header_id|>

SelaksIceWine<|eot_id|><|start_header_id|>assistant<|end_header_id|>

1. IceWine
2. Wine
3. SweetRiesling
4. LateHarvest<|eot_id|>
2024-10-30 18:59:45,697 [INFO] root predict:predict 29:: <|begin_of_text|><|begin_of_text|><|start_header_id|>system<|end_header_id|>

You are a helpful assistant that responds with a ranked list of classes that a user input belongs to. Generate a list of the top 4 most likely classes. Do not generate a list of less than 4 classes. Do not provide any other information other than the list.
Create the ranked list considering only the provided classes
---
Classes: ['Bordeaux', 'Chardonnay', 'Anjou', 'Meritage', 'WineColor', 'WineSugar', 'PetiteSyrah', 'StEmilion', 'Riesling', 'WineFlavor', 'Zinfandel', 'Margaux', 'Wine', 'SweetRiesling', 'WhiteBurgundy', 'IceWine', 'Beaujolais', 'DessertWine', 'WineGrape', 'CotesDOr', 'RedWine', 'CheninBlanc', 'Grape', 'VintageYear', 'DryRiesling', 'SauvignonBlanc', 'Winery', 'Port', 'PotableLiquid', 'LateHarvest', 'CabernetSauvignon', 'Pauillac', 'Region', 'ItalianWine', 'Meursault', 'Chianti', 'Muscadet', 'WineTaste', 'Sauternes', 'WineBody', 'Sancerre', 'RedTableWine', 'PinotNoir', 'WhiteWine', 'WineDescriptor', 'Semillon', 'Merlot', 'CabernetFranc']<|eot_id|><|start_header_id|>user<|end_header_id|>

SelaksSauvignonBlanc<|eot_id|><|start_header_id|>assistant<|end_header_id|>

1. WhiteWine
2. SauvignonBlanc
3. Wine
4. Riesling<|eot_id|>
2024-10-30 18:59:47,742 [INFO] root predict:predict 29:: <|begin_of_text|><|begin_of_text|><|start_header_id|>system<|end_header_id|>

You are a helpful assistant that responds with a ranked list of classes that a user input belongs to. Generate a list of the top 4 most likely classes. Do not generate a list of less than 4 classes. Do not provide any other information other than the list.
Create the ranked list considering only the provided classes
---
Classes: ['Bordeaux', 'Chardonnay', 'Anjou', 'Meritage', 'WineColor', 'WineSugar', 'PetiteSyrah', 'StEmilion', 'Riesling', 'WineFlavor', 'Zinfandel', 'Margaux', 'Wine', 'SweetRiesling', 'WhiteBurgundy', 'IceWine', 'Beaujolais', 'DessertWine', 'WineGrape', 'CotesDOr', 'RedWine', 'CheninBlanc', 'Grape', 'VintageYear', 'DryRiesling', 'SauvignonBlanc', 'Winery', 'Port', 'PotableLiquid', 'LateHarvest', 'CabernetSauvignon', 'Pauillac', 'Region', 'ItalianWine', 'Meursault', 'Chianti', 'Muscadet', 'WineTaste', 'Sauternes', 'WineBody', 'Sancerre', 'RedTableWine', 'PinotNoir', 'WhiteWine', 'WineDescriptor', 'Semillon', 'Merlot', 'CabernetFranc']<|eot_id|><|start_header_id|>user<|end_header_id|>

SemillonGrape<|eot_id|><|start_header_id|>assistant<|end_header_id|>

1. WineGrape
2. Semillon
3. Wine
4. Grape<|eot_id|>
2024-10-30 18:59:49,936 [INFO] root predict:predict 29:: <|begin_of_text|><|begin_of_text|><|start_header_id|>system<|end_header_id|>

You are a helpful assistant that responds with a ranked list of classes that a user input belongs to. Generate a list of the top 4 most likely classes. Do not generate a list of less than 4 classes. Do not provide any other information other than the list.
Create the ranked list considering only the provided classes
---
Classes: ['Bordeaux', 'Chardonnay', 'Anjou', 'Meritage', 'WineColor', 'WineSugar', 'PetiteSyrah', 'StEmilion', 'Riesling', 'WineFlavor', 'Zinfandel', 'Margaux', 'Wine', 'SweetRiesling', 'WhiteBurgundy', 'IceWine', 'Beaujolais', 'DessertWine', 'WineGrape', 'CotesDOr', 'RedWine', 'CheninBlanc', 'Grape', 'VintageYear', 'DryRiesling', 'SauvignonBlanc', 'Winery', 'Port', 'PotableLiquid', 'LateHarvest', 'CabernetSauvignon', 'Pauillac', 'Region', 'ItalianWine', 'Meursault', 'Chianti', 'Muscadet', 'WineTaste', 'Sauternes', 'WineBody', 'Sancerre', 'RedTableWine', 'PinotNoir', 'WhiteWine', 'WineDescriptor', 'Semillon', 'Merlot', 'CabernetFranc']<|eot_id|><|start_header_id|>user<|end_header_id|>

SevreEtMaine<|eot_id|><|start_header_id|>assistant<|end_header_id|>

1. Bordeaux
2. StEmilion
3. Margaux
4. Pauillac<|eot_id|>
2024-10-30 18:59:52,059 [INFO] root predict:predict 29:: <|begin_of_text|><|begin_of_text|><|start_header_id|>system<|end_header_id|>

You are a helpful assistant that responds with a ranked list of classes that a user input belongs to. Generate a list of the top 4 most likely classes. Do not generate a list of less than 4 classes. Do not provide any other information other than the list.
Create the ranked list considering only the provided classes
---
Classes: ['Bordeaux', 'Chardonnay', 'Anjou', 'Meritage', 'WineColor', 'WineSugar', 'PetiteSyrah', 'StEmilion', 'Riesling', 'WineFlavor', 'Zinfandel', 'Margaux', 'Wine', 'SweetRiesling', 'WhiteBurgundy', 'IceWine', 'Beaujolais', 'DessertWine', 'WineGrape', 'CotesDOr', 'RedWine', 'CheninBlanc', 'Grape', 'VintageYear', 'DryRiesling', 'SauvignonBlanc', 'Winery', 'Port', 'PotableLiquid', 'LateHarvest', 'CabernetSauvignon', 'Pauillac', 'Region', 'ItalianWine', 'Meursault', 'Chianti', 'Muscadet', 'WineTaste', 'Sauternes', 'WineBody', 'Sancerre', 'RedTableWine', 'PinotNoir', 'WhiteWine', 'WineDescriptor', 'Semillon', 'Merlot', 'CabernetFranc']<|eot_id|><|start_header_id|>user<|end_header_id|>

SevreEtMaineMuscadet<|eot_id|><|start_header_id|>assistant<|end_header_id|>

1. Wine
2. WhiteWine
3. Muscadet
4. Bordeaux<|eot_id|>
2024-10-30 18:59:54,251 [INFO] root predict:predict 29:: <|begin_of_text|><|begin_of_text|><|start_header_id|>system<|end_header_id|>

You are a helpful assistant that responds with a ranked list of classes that a user input belongs to. Generate a list of the top 4 most likely classes. Do not generate a list of less than 4 classes. Do not provide any other information other than the list.
Create the ranked list considering only the provided classes
---
Classes: ['Bordeaux', 'Chardonnay', 'Anjou', 'Meritage', 'WineColor', 'WineSugar', 'PetiteSyrah', 'StEmilion', 'Riesling', 'WineFlavor', 'Zinfandel', 'Margaux', 'Wine', 'SweetRiesling', 'WhiteBurgundy', 'IceWine', 'Beaujolais', 'DessertWine', 'WineGrape', 'CotesDOr', 'RedWine', 'CheninBlanc', 'Grape', 'VintageYear', 'DryRiesling', 'SauvignonBlanc', 'Winery', 'Port', 'PotableLiquid', 'LateHarvest', 'CabernetSauvignon', 'Pauillac', 'Region', 'ItalianWine', 'Meursault', 'Chianti', 'Muscadet', 'WineTaste', 'Sauternes', 'WineBody', 'Sancerre', 'RedTableWine', 'PinotNoir', 'WhiteWine', 'WineDescriptor', 'Semillon', 'Merlot', 'CabernetFranc']<|eot_id|><|start_header_id|>user<|end_header_id|>

SonomaRegion<|eot_id|><|start_header_id|>assistant<|end_header_id|>

1. WineRegion
2. Region
3. RedWine
4. WhiteWine<|eot_id|>
2024-10-30 18:59:56,372 [INFO] root predict:predict 29:: <|begin_of_text|><|begin_of_text|><|start_header_id|>system<|end_header_id|>

You are a helpful assistant that responds with a ranked list of classes that a user input belongs to. Generate a list of the top 4 most likely classes. Do not generate a list of less than 4 classes. Do not provide any other information other than the list.
Create the ranked list considering only the provided classes
---
Classes: ['Bordeaux', 'Chardonnay', 'Anjou', 'Meritage', 'WineColor', 'WineSugar', 'PetiteSyrah', 'StEmilion', 'Riesling', 'WineFlavor', 'Zinfandel', 'Margaux', 'Wine', 'SweetRiesling', 'WhiteBurgundy', 'IceWine', 'Beaujolais', 'DessertWine', 'WineGrape', 'CotesDOr', 'RedWine', 'CheninBlanc', 'Grape', 'VintageYear', 'DryRiesling', 'SauvignonBlanc', 'Winery', 'Port', 'PotableLiquid', 'LateHarvest', 'CabernetSauvignon', 'Pauillac', 'Region', 'ItalianWine', 'Meursault', 'Chianti', 'Muscadet', 'WineTaste', 'Sauternes', 'WineBody', 'Sancerre', 'RedTableWine', 'PinotNoir', 'WhiteWine', 'WineDescriptor', 'Semillon', 'Merlot', 'CabernetFranc']<|eot_id|><|start_header_id|>user<|end_header_id|>

SouthAustraliaRegion<|eot_id|><|start_header_id|>assistant<|end_header_id|>

1. Region
2. Wine
3. RedWine
4. WhiteWine<|eot_id|>
2024-10-30 18:59:58,492 [INFO] root predict:predict 29:: <|begin_of_text|><|begin_of_text|><|start_header_id|>system<|end_header_id|>

You are a helpful assistant that responds with a ranked list of classes that a user input belongs to. Generate a list of the top 4 most likely classes. Do not generate a list of less than 4 classes. Do not provide any other information other than the list.
Create the ranked list considering only the provided classes
---
Classes: ['Bordeaux', 'Chardonnay', 'Anjou', 'Meritage', 'WineColor', 'WineSugar', 'PetiteSyrah', 'StEmilion', 'Riesling', 'WineFlavor', 'Zinfandel', 'Margaux', 'Wine', 'SweetRiesling', 'WhiteBurgundy', 'IceWine', 'Beaujolais', 'DessertWine', 'WineGrape', 'CotesDOr', 'RedWine', 'CheninBlanc', 'Grape', 'VintageYear', 'DryRiesling', 'SauvignonBlanc', 'Winery', 'Port', 'PotableLiquid', 'LateHarvest', 'CabernetSauvignon', 'Pauillac', 'Region', 'ItalianWine', 'Meursault', 'Chianti', 'Muscadet', 'WineTaste', 'Sauternes', 'WineBody', 'Sancerre', 'RedTableWine', 'PinotNoir', 'WhiteWine', 'WineDescriptor', 'Semillon', 'Merlot', 'CabernetFranc']<|eot_id|><|start_header_id|>user<|end_header_id|>

StEmilionRegion<|eot_id|><|start_header_id|>assistant<|end_header_id|>

1. StEmilion
2. Bordeaux
3. RedWine
4. Region<|eot_id|>
2024-10-30 19:00:01,210 [INFO] root predict:predict 29:: <|begin_of_text|><|begin_of_text|><|start_header_id|>system<|end_header_id|>

You are a helpful assistant that responds with a ranked list of classes that a user input belongs to. Generate a list of the top 4 most likely classes. Do not generate a list of less than 4 classes. Do not provide any other information other than the list.
Create the ranked list considering only the provided classes
---
Classes: ['Bordeaux', 'Chardonnay', 'Anjou', 'Meritage', 'WineColor', 'WineSugar', 'PetiteSyrah', 'StEmilion', 'Riesling', 'WineFlavor', 'Zinfandel', 'Margaux', 'Wine', 'SweetRiesling', 'WhiteBurgundy', 'IceWine', 'Beaujolais', 'DessertWine', 'WineGrape', 'CotesDOr', 'RedWine', 'CheninBlanc', 'Grape', 'VintageYear', 'DryRiesling', 'SauvignonBlanc', 'Winery', 'Port', 'PotableLiquid', 'LateHarvest', 'CabernetSauvignon', 'Pauillac', 'Region', 'ItalianWine', 'Meursault', 'Chianti', 'Muscadet', 'WineTaste', 'Sauternes', 'WineBody', 'Sancerre', 'RedTableWine', 'PinotNoir', 'WhiteWine', 'WineDescriptor', 'Semillon', 'Merlot', 'CabernetFranc']<|eot_id|><|start_header_id|>user<|end_header_id|>

StGenevieve<|eot_id|><|start_header_id|>assistant<|end_header_id|>

Here is the ranked list of classes:

1. Bordeaux
2. Meritage
3. StEmilion
4. Margaux<|eot_id|>
2024-10-30 19:00:03,481 [INFO] root predict:predict 29:: <|begin_of_text|><|begin_of_text|><|start_header_id|>system<|end_header_id|>

You are a helpful assistant that responds with a ranked list of classes that a user input belongs to. Generate a list of the top 4 most likely classes. Do not generate a list of less than 4 classes. Do not provide any other information other than the list.
Create the ranked list considering only the provided classes
---
Classes: ['Bordeaux', 'Chardonnay', 'Anjou', 'Meritage', 'WineColor', 'WineSugar', 'PetiteSyrah', 'StEmilion', 'Riesling', 'WineFlavor', 'Zinfandel', 'Margaux', 'Wine', 'SweetRiesling', 'WhiteBurgundy', 'IceWine', 'Beaujolais', 'DessertWine', 'WineGrape', 'CotesDOr', 'RedWine', 'CheninBlanc', 'Grape', 'VintageYear', 'DryRiesling', 'SauvignonBlanc', 'Winery', 'Port', 'PotableLiquid', 'LateHarvest', 'CabernetSauvignon', 'Pauillac', 'Region', 'ItalianWine', 'Meursault', 'Chianti', 'Muscadet', 'WineTaste', 'Sauternes', 'WineBody', 'Sancerre', 'RedTableWine', 'PinotNoir', 'WhiteWine', 'WineDescriptor', 'Semillon', 'Merlot', 'CabernetFranc']<|eot_id|><|start_header_id|>user<|end_header_id|>

StGenevieveTexasWhite<|eot_id|><|start_header_id|>assistant<|end_header_id|>

1. Wine
2. WhiteWine
3. TexasWine
4. StEmilion<|eot_id|>
2024-10-30 19:00:05,604 [INFO] root predict:predict 29:: <|begin_of_text|><|begin_of_text|><|start_header_id|>system<|end_header_id|>

You are a helpful assistant that responds with a ranked list of classes that a user input belongs to. Generate a list of the top 4 most likely classes. Do not generate a list of less than 4 classes. Do not provide any other information other than the list.
Create the ranked list considering only the provided classes
---
Classes: ['Bordeaux', 'Chardonnay', 'Anjou', 'Meritage', 'WineColor', 'WineSugar', 'PetiteSyrah', 'StEmilion', 'Riesling', 'WineFlavor', 'Zinfandel', 'Margaux', 'Wine', 'SweetRiesling', 'WhiteBurgundy', 'IceWine', 'Beaujolais', 'DessertWine', 'WineGrape', 'CotesDOr', 'RedWine', 'CheninBlanc', 'Grape', 'VintageYear', 'DryRiesling', 'SauvignonBlanc', 'Winery', 'Port', 'PotableLiquid', 'LateHarvest', 'CabernetSauvignon', 'Pauillac', 'Region', 'ItalianWine', 'Meursault', 'Chianti', 'Muscadet', 'WineTaste', 'Sauternes', 'WineBody', 'Sancerre', 'RedTableWine', 'PinotNoir', 'WhiteWine', 'WineDescriptor', 'Semillon', 'Merlot', 'CabernetFranc']<|eot_id|><|start_header_id|>user<|end_header_id|>

Stonleigh<|eot_id|><|start_header_id|>assistant<|end_header_id|>

1. Bordeaux
2. Meritage
3. Pauillac
4. Chateau<|eot_id|>
2024-10-30 19:00:07,953 [INFO] root predict:predict 29:: <|begin_of_text|><|begin_of_text|><|start_header_id|>system<|end_header_id|>

You are a helpful assistant that responds with a ranked list of classes that a user input belongs to. Generate a list of the top 4 most likely classes. Do not generate a list of less than 4 classes. Do not provide any other information other than the list.
Create the ranked list considering only the provided classes
---
Classes: ['Bordeaux', 'Chardonnay', 'Anjou', 'Meritage', 'WineColor', 'WineSugar', 'PetiteSyrah', 'StEmilion', 'Riesling', 'WineFlavor', 'Zinfandel', 'Margaux', 'Wine', 'SweetRiesling', 'WhiteBurgundy', 'IceWine', 'Beaujolais', 'DessertWine', 'WineGrape', 'CotesDOr', 'RedWine', 'CheninBlanc', 'Grape', 'VintageYear', 'DryRiesling', 'SauvignonBlanc', 'Winery', 'Port', 'PotableLiquid', 'LateHarvest', 'CabernetSauvignon', 'Pauillac', 'Region', 'ItalianWine', 'Meursault', 'Chianti', 'Muscadet', 'WineTaste', 'Sauternes', 'WineBody', 'Sancerre', 'RedTableWine', 'PinotNoir', 'WhiteWine', 'WineDescriptor', 'Semillon', 'Merlot', 'CabernetFranc']<|eot_id|><|start_header_id|>user<|end_header_id|>

StonleighSauvignonBlanc<|eot_id|><|start_header_id|>assistant<|end_header_id|>

1. WhiteWine
2. SauvignonBlanc
3. Wine
4. Semillon<|eot_id|>
2024-10-30 19:00:10,144 [INFO] root predict:predict 29:: <|begin_of_text|><|begin_of_text|><|start_header_id|>system<|end_header_id|>

You are a helpful assistant that responds with a ranked list of classes that a user input belongs to. Generate a list of the top 4 most likely classes. Do not generate a list of less than 4 classes. Do not provide any other information other than the list.
Create the ranked list considering only the provided classes
---
Classes: ['Bordeaux', 'Chardonnay', 'Anjou', 'Meritage', 'WineColor', 'WineSugar', 'PetiteSyrah', 'StEmilion', 'Riesling', 'WineFlavor', 'Zinfandel', 'Margaux', 'Wine', 'SweetRiesling', 'WhiteBurgundy', 'IceWine', 'Beaujolais', 'DessertWine', 'WineGrape', 'CotesDOr', 'RedWine', 'CheninBlanc', 'Grape', 'VintageYear', 'DryRiesling', 'SauvignonBlanc', 'Winery', 'Port', 'PotableLiquid', 'LateHarvest', 'CabernetSauvignon', 'Pauillac', 'Region', 'ItalianWine', 'Meursault', 'Chianti', 'Muscadet', 'WineTaste', 'Sauternes', 'WineBody', 'Sancerre', 'RedTableWine', 'PinotNoir', 'WhiteWine', 'WineDescriptor', 'Semillon', 'Merlot', 'CabernetFranc']<|eot_id|><|start_header_id|>user<|end_header_id|>

Strong<|eot_id|><|start_header_id|>assistant<|end_header_id|>

1. WineBody
2. RedWine
3. PotableLiquid
4. Wine<|eot_id|>
2024-10-30 19:00:12,636 [INFO] root predict:predict 29:: <|begin_of_text|><|begin_of_text|><|start_header_id|>system<|end_header_id|>

You are a helpful assistant that responds with a ranked list of classes that a user input belongs to. Generate a list of the top 4 most likely classes. Do not generate a list of less than 4 classes. Do not provide any other information other than the list.
Create the ranked list considering only the provided classes
---
Classes: ['Bordeaux', 'Chardonnay', 'Anjou', 'Meritage', 'WineColor', 'WineSugar', 'PetiteSyrah', 'StEmilion', 'Riesling', 'WineFlavor', 'Zinfandel', 'Margaux', 'Wine', 'SweetRiesling', 'WhiteBurgundy', 'IceWine', 'Beaujolais', 'DessertWine', 'WineGrape', 'CotesDOr', 'RedWine', 'CheninBlanc', 'Grape', 'VintageYear', 'DryRiesling', 'SauvignonBlanc', 'Winery', 'Port', 'PotableLiquid', 'LateHarvest', 'CabernetSauvignon', 'Pauillac', 'Region', 'ItalianWine', 'Meursault', 'Chianti', 'Muscadet', 'WineTaste', 'Sauternes', 'WineBody', 'Sancerre', 'RedTableWine', 'PinotNoir', 'WhiteWine', 'WineDescriptor', 'Semillon', 'Merlot', 'CabernetFranc']<|eot_id|><|start_header_id|>user<|end_header_id|>

Sweet<|eot_id|><|start_header_id|>assistant<|end_header_id|>

1. WineSugar
2. SweetRiesling
3. DessertWine
4. IceWine<|eot_id|>
2024-10-30 19:00:14,680 [INFO] root predict:predict 29:: <|begin_of_text|><|begin_of_text|><|start_header_id|>system<|end_header_id|>

You are a helpful assistant that responds with a ranked list of classes that a user input belongs to. Generate a list of the top 4 most likely classes. Do not generate a list of less than 4 classes. Do not provide any other information other than the list.
Create the ranked list considering only the provided classes
---
Classes: ['Bordeaux', 'Chardonnay', 'Anjou', 'Meritage', 'WineColor', 'WineSugar', 'PetiteSyrah', 'StEmilion', 'Riesling', 'WineFlavor', 'Zinfandel', 'Margaux', 'Wine', 'SweetRiesling', 'WhiteBurgundy', 'IceWine', 'Beaujolais', 'DessertWine', 'WineGrape', 'CotesDOr', 'RedWine', 'CheninBlanc', 'Grape', 'VintageYear', 'DryRiesling', 'SauvignonBlanc', 'Winery', 'Port', 'PotableLiquid', 'LateHarvest', 'CabernetSauvignon', 'Pauillac', 'Region', 'ItalianWine', 'Meursault', 'Chianti', 'Muscadet', 'WineTaste', 'Sauternes', 'WineBody', 'Sancerre', 'RedTableWine', 'PinotNoir', 'WhiteWine', 'WineDescriptor', 'Semillon', 'Merlot', 'CabernetFranc']<|eot_id|><|start_header_id|>user<|end_header_id|>

Taylor<|eot_id|><|start_header_id|>assistant<|end_header_id|>

1. Wine
2. RedWine
3. Bordeaux
4. Meritage<|eot_id|>
2024-10-30 19:00:16,878 [INFO] root predict:predict 29:: <|begin_of_text|><|begin_of_text|><|start_header_id|>system<|end_header_id|>

You are a helpful assistant that responds with a ranked list of classes that a user input belongs to. Generate a list of the top 4 most likely classes. Do not generate a list of less than 4 classes. Do not provide any other information other than the list.
Create the ranked list considering only the provided classes
---
Classes: ['Bordeaux', 'Chardonnay', 'Anjou', 'Meritage', 'WineColor', 'WineSugar', 'PetiteSyrah', 'StEmilion', 'Riesling', 'WineFlavor', 'Zinfandel', 'Margaux', 'Wine', 'SweetRiesling', 'WhiteBurgundy', 'IceWine', 'Beaujolais', 'DessertWine', 'WineGrape', 'CotesDOr', 'RedWine', 'CheninBlanc', 'Grape', 'VintageYear', 'DryRiesling', 'SauvignonBlanc', 'Winery', 'Port', 'PotableLiquid', 'LateHarvest', 'CabernetSauvignon', 'Pauillac', 'Region', 'ItalianWine', 'Meursault', 'Chianti', 'Muscadet', 'WineTaste', 'Sauternes', 'WineBody', 'Sancerre', 'RedTableWine', 'PinotNoir', 'WhiteWine', 'WineDescriptor', 'Semillon', 'Merlot', 'CabernetFranc']<|eot_id|><|start_header_id|>user<|end_header_id|>

TaylorPort<|eot_id|><|start_header_id|>assistant<|end_header_id|>

1. Port
2. DessertWine
3. Wine
4. PotableLiquid<|eot_id|>
2024-10-30 19:00:19,227 [INFO] root predict:predict 29:: <|begin_of_text|><|begin_of_text|><|start_header_id|>system<|end_header_id|>

You are a helpful assistant that responds with a ranked list of classes that a user input belongs to. Generate a list of the top 4 most likely classes. Do not generate a list of less than 4 classes. Do not provide any other information other than the list.
Create the ranked list considering only the provided classes
---
Classes: ['Bordeaux', 'Chardonnay', 'Anjou', 'Meritage', 'WineColor', 'WineSugar', 'PetiteSyrah', 'StEmilion', 'Riesling', 'WineFlavor', 'Zinfandel', 'Margaux', 'Wine', 'SweetRiesling', 'WhiteBurgundy', 'IceWine', 'Beaujolais', 'DessertWine', 'WineGrape', 'CotesDOr', 'RedWine', 'CheninBlanc', 'Grape', 'VintageYear', 'DryRiesling', 'SauvignonBlanc', 'Winery', 'Port', 'PotableLiquid', 'LateHarvest', 'CabernetSauvignon', 'Pauillac', 'Region', 'ItalianWine', 'Meursault', 'Chianti', 'Muscadet', 'WineTaste', 'Sauternes', 'WineBody', 'Sancerre', 'RedTableWine', 'PinotNoir', 'WhiteWine', 'WineDescriptor', 'Semillon', 'Merlot', 'CabernetFranc']<|eot_id|><|start_header_id|>user<|end_header_id|>

TexasRegion<|eot_id|><|start_header_id|>assistant<|end_header_id|>

Here is the ranked list of classes that "TexasRegion" belongs to:

1. Region
2. Wine<|eot_id|>
2024-10-30 19:00:21,419 [INFO] root predict:predict 29:: <|begin_of_text|><|begin_of_text|><|start_header_id|>system<|end_header_id|>

You are a helpful assistant that responds with a ranked list of classes that a user input belongs to. Generate a list of the top 4 most likely classes. Do not generate a list of less than 4 classes. Do not provide any other information other than the list.
Create the ranked list considering only the provided classes
---
Classes: ['Bordeaux', 'Chardonnay', 'Anjou', 'Meritage', 'WineColor', 'WineSugar', 'PetiteSyrah', 'StEmilion', 'Riesling', 'WineFlavor', 'Zinfandel', 'Margaux', 'Wine', 'SweetRiesling', 'WhiteBurgundy', 'IceWine', 'Beaujolais', 'DessertWine', 'WineGrape', 'CotesDOr', 'RedWine', 'CheninBlanc', 'Grape', 'VintageYear', 'DryRiesling', 'SauvignonBlanc', 'Winery', 'Port', 'PotableLiquid', 'LateHarvest', 'CabernetSauvignon', 'Pauillac', 'Region', 'ItalianWine', 'Meursault', 'Chianti', 'Muscadet', 'WineTaste', 'Sauternes', 'WineBody', 'Sancerre', 'RedTableWine', 'PinotNoir', 'WhiteWine', 'WineDescriptor', 'Semillon', 'Merlot', 'CabernetFranc']<|eot_id|><|start_header_id|>user<|end_header_id|>

ToursRegion<|eot_id|><|start_header_id|>assistant<|end_header_id|>

1. Bordeaux
2. Pauillac
3. Margaux
4. StEmilion<|eot_id|>
2024-10-30 19:00:23,691 [INFO] root predict:predict 29:: <|begin_of_text|><|begin_of_text|><|start_header_id|>system<|end_header_id|>

You are a helpful assistant that responds with a ranked list of classes that a user input belongs to. Generate a list of the top 4 most likely classes. Do not generate a list of less than 4 classes. Do not provide any other information other than the list.
Create the ranked list considering only the provided classes
---
Classes: ['Bordeaux', 'Chardonnay', 'Anjou', 'Meritage', 'WineColor', 'WineSugar', 'PetiteSyrah', 'StEmilion', 'Riesling', 'WineFlavor', 'Zinfandel', 'Margaux', 'Wine', 'SweetRiesling', 'WhiteBurgundy', 'IceWine', 'Beaujolais', 'DessertWine', 'WineGrape', 'CotesDOr', 'RedWine', 'CheninBlanc', 'Grape', 'VintageYear', 'DryRiesling', 'SauvignonBlanc', 'Winery', 'Port', 'PotableLiquid', 'LateHarvest', 'CabernetSauvignon', 'Pauillac', 'Region', 'ItalianWine', 'Meursault', 'Chianti', 'Muscadet', 'WineTaste', 'Sauternes', 'WineBody', 'Sancerre', 'RedTableWine', 'PinotNoir', 'WhiteWine', 'WineDescriptor', 'Semillon', 'Merlot', 'CabernetFranc']<|eot_id|><|start_header_id|>user<|end_header_id|>

USRegion<|eot_id|><|start_header_id|>assistant<|end_header_id|>

1. Meritage
2. Bordeaux
3. Merlot
4. CabernetSauvignon<|eot_id|>
2024-10-30 19:00:25,736 [INFO] root predict:predict 29:: <|begin_of_text|><|begin_of_text|><|start_header_id|>system<|end_header_id|>

You are a helpful assistant that responds with a ranked list of classes that a user input belongs to. Generate a list of the top 4 most likely classes. Do not generate a list of less than 4 classes. Do not provide any other information other than the list.
Create the ranked list considering only the provided classes
---
Classes: ['Bordeaux', 'Chardonnay', 'Anjou', 'Meritage', 'WineColor', 'WineSugar', 'PetiteSyrah', 'StEmilion', 'Riesling', 'WineFlavor', 'Zinfandel', 'Margaux', 'Wine', 'SweetRiesling', 'WhiteBurgundy', 'IceWine', 'Beaujolais', 'DessertWine', 'WineGrape', 'CotesDOr', 'RedWine', 'CheninBlanc', 'Grape', 'VintageYear', 'DryRiesling', 'SauvignonBlanc', 'Winery', 'Port', 'PotableLiquid', 'LateHarvest', 'CabernetSauvignon', 'Pauillac', 'Region', 'ItalianWine', 'Meursault', 'Chianti', 'Muscadet', 'WineTaste', 'Sauternes', 'WineBody', 'Sancerre', 'RedTableWine', 'PinotNoir', 'WhiteWine', 'WineDescriptor', 'Semillon', 'Merlot', 'CabernetFranc']<|eot_id|><|start_header_id|>user<|end_header_id|>

Ventana<|eot_id|><|start_header_id|>assistant<|end_header_id|>

1. Wine
2. Bordeaux
3. Meritage
4. RedWine<|eot_id|>
2024-10-30 19:00:28,012 [INFO] root predict:predict 29:: <|begin_of_text|><|begin_of_text|><|start_header_id|>system<|end_header_id|>

You are a helpful assistant that responds with a ranked list of classes that a user input belongs to. Generate a list of the top 4 most likely classes. Do not generate a list of less than 4 classes. Do not provide any other information other than the list.
Create the ranked list considering only the provided classes
---
Classes: ['Bordeaux', 'Chardonnay', 'Anjou', 'Meritage', 'WineColor', 'WineSugar', 'PetiteSyrah', 'StEmilion', 'Riesling', 'WineFlavor', 'Zinfandel', 'Margaux', 'Wine', 'SweetRiesling', 'WhiteBurgundy', 'IceWine', 'Beaujolais', 'DessertWine', 'WineGrape', 'CotesDOr', 'RedWine', 'CheninBlanc', 'Grape', 'VintageYear', 'DryRiesling', 'SauvignonBlanc', 'Winery', 'Port', 'PotableLiquid', 'LateHarvest', 'CabernetSauvignon', 'Pauillac', 'Region', 'ItalianWine', 'Meursault', 'Chianti', 'Muscadet', 'WineTaste', 'Sauternes', 'WineBody', 'Sancerre', 'RedTableWine', 'PinotNoir', 'WhiteWine', 'WineDescriptor', 'Semillon', 'Merlot', 'CabernetFranc']<|eot_id|><|start_header_id|>user<|end_header_id|>

VentanaCheninBlanc<|eot_id|><|start_header_id|>assistant<|end_header_id|>

1. CheninBlanc
2. WhiteWine
3. Wine
4. WineDescriptor<|eot_id|>
2024-10-30 19:00:30,655 [INFO] root predict:predict 29:: <|begin_of_text|><|begin_of_text|><|start_header_id|>system<|end_header_id|>

You are a helpful assistant that responds with a ranked list of classes that a user input belongs to. Generate a list of the top 4 most likely classes. Do not generate a list of less than 4 classes. Do not provide any other information other than the list.
Create the ranked list considering only the provided classes
---
Classes: ['Bordeaux', 'Chardonnay', 'Anjou', 'Meritage', 'WineColor', 'WineSugar', 'PetiteSyrah', 'StEmilion', 'Riesling', 'WineFlavor', 'Zinfandel', 'Margaux', 'Wine', 'SweetRiesling', 'WhiteBurgundy', 'IceWine', 'Beaujolais', 'DessertWine', 'WineGrape', 'CotesDOr', 'RedWine', 'CheninBlanc', 'Grape', 'VintageYear', 'DryRiesling', 'SauvignonBlanc', 'Winery', 'Port', 'PotableLiquid', 'LateHarvest', 'CabernetSauvignon', 'Pauillac', 'Region', 'ItalianWine', 'Meursault', 'Chianti', 'Muscadet', 'WineTaste', 'Sauternes', 'WineBody', 'Sancerre', 'RedTableWine', 'PinotNoir', 'WhiteWine', 'WineDescriptor', 'Semillon', 'Merlot', 'CabernetFranc']<|eot_id|><|start_header_id|>user<|end_header_id|>

White<|eot_id|><|start_header_id|>assistant<|end_header_id|>

1. WhiteWine
2. CheninBlanc
3. SauvignonBlanc
4. Meursault<|eot_id|>
2024-10-30 19:00:32,850 [INFO] root predict:predict 29:: <|begin_of_text|><|begin_of_text|><|start_header_id|>system<|end_header_id|>

You are a helpful assistant that responds with a ranked list of classes that a user input belongs to. Generate a list of the top 4 most likely classes. Do not generate a list of less than 4 classes. Do not provide any other information other than the list.
Create the ranked list considering only the provided classes
---
Classes: ['Bordeaux', 'Chardonnay', 'Anjou', 'Meritage', 'WineColor', 'WineSugar', 'PetiteSyrah', 'StEmilion', 'Riesling', 'WineFlavor', 'Zinfandel', 'Margaux', 'Wine', 'SweetRiesling', 'WhiteBurgundy', 'IceWine', 'Beaujolais', 'DessertWine', 'WineGrape', 'CotesDOr', 'RedWine', 'CheninBlanc', 'Grape', 'VintageYear', 'DryRiesling', 'SauvignonBlanc', 'Winery', 'Port', 'PotableLiquid', 'LateHarvest', 'CabernetSauvignon', 'Pauillac', 'Region', 'ItalianWine', 'Meursault', 'Chianti', 'Muscadet', 'WineTaste', 'Sauternes', 'WineBody', 'Sancerre', 'RedTableWine', 'PinotNoir', 'WhiteWine', 'WineDescriptor', 'Semillon', 'Merlot', 'CabernetFranc']<|eot_id|><|start_header_id|>user<|end_header_id|>

WhitehallLane<|eot_id|><|start_header_id|>assistant<|end_header_id|>

1. Bordeaux
2. Meritage
3. StEmilion
4. Pauillac<|eot_id|>
2024-10-30 19:00:34,976 [INFO] root predict:predict 29:: <|begin_of_text|><|begin_of_text|><|start_header_id|>system<|end_header_id|>

You are a helpful assistant that responds with a ranked list of classes that a user input belongs to. Generate a list of the top 4 most likely classes. Do not generate a list of less than 4 classes. Do not provide any other information other than the list.
Create the ranked list considering only the provided classes
---
Classes: ['Bordeaux', 'Chardonnay', 'Anjou', 'Meritage', 'WineColor', 'WineSugar', 'PetiteSyrah', 'StEmilion', 'Riesling', 'WineFlavor', 'Zinfandel', 'Margaux', 'Wine', 'SweetRiesling', 'WhiteBurgundy', 'IceWine', 'Beaujolais', 'DessertWine', 'WineGrape', 'CotesDOr', 'RedWine', 'CheninBlanc', 'Grape', 'VintageYear', 'DryRiesling', 'SauvignonBlanc', 'Winery', 'Port', 'PotableLiquid', 'LateHarvest', 'CabernetSauvignon', 'Pauillac', 'Region', 'ItalianWine', 'Meursault', 'Chianti', 'Muscadet', 'WineTaste', 'Sauternes', 'WineBody', 'Sancerre', 'RedTableWine', 'PinotNoir', 'WhiteWine', 'WineDescriptor', 'Semillon', 'Merlot', 'CabernetFranc']<|eot_id|><|start_header_id|>user<|end_header_id|>

WhitehallLaneCabernetFranc<|eot_id|><|start_header_id|>assistant<|end_header_id|>

1. RedWine
2. CabernetFranc
3. Wine
4. Bordeaux<|eot_id|>
2024-10-30 19:00:37,176 [INFO] root predict:predict 29:: <|begin_of_text|><|begin_of_text|><|start_header_id|>system<|end_header_id|>

You are a helpful assistant that responds with a ranked list of classes that a user input belongs to. Generate a list of the top 4 most likely classes. Do not generate a list of less than 4 classes. Do not provide any other information other than the list.
Create the ranked list considering only the provided classes
---
Classes: ['Bordeaux', 'Chardonnay', 'Anjou', 'Meritage', 'WineColor', 'WineSugar', 'PetiteSyrah', 'StEmilion', 'Riesling', 'WineFlavor', 'Zinfandel', 'Margaux', 'Wine', 'SweetRiesling', 'WhiteBurgundy', 'IceWine', 'Beaujolais', 'DessertWine', 'WineGrape', 'CotesDOr', 'RedWine', 'CheninBlanc', 'Grape', 'VintageYear', 'DryRiesling', 'SauvignonBlanc', 'Winery', 'Port', 'PotableLiquid', 'LateHarvest', 'CabernetSauvignon', 'Pauillac', 'Region', 'ItalianWine', 'Meursault', 'Chianti', 'Muscadet', 'WineTaste', 'Sauternes', 'WineBody', 'Sancerre', 'RedTableWine', 'PinotNoir', 'WhiteWine', 'WineDescriptor', 'Semillon', 'Merlot', 'CabernetFranc']<|eot_id|><|start_header_id|>user<|end_header_id|>

WhitehallLanePrimavera<|eot_id|><|start_header_id|>assistant<|end_header_id|>

1. Wine
2. WhiteWine
3. WineDescriptor
4. WineTaste<|eot_id|>
2024-10-30 19:00:39,300 [INFO] root predict:predict 29:: <|begin_of_text|><|begin_of_text|><|start_header_id|>system<|end_header_id|>

You are a helpful assistant that responds with a ranked list of classes that a user input belongs to. Generate a list of the top 4 most likely classes. Do not generate a list of less than 4 classes. Do not provide any other information other than the list.
Create the ranked list considering only the provided classes
---
Classes: ['Bordeaux', 'Chardonnay', 'Anjou', 'Meritage', 'WineColor', 'WineSugar', 'PetiteSyrah', 'StEmilion', 'Riesling', 'WineFlavor', 'Zinfandel', 'Margaux', 'Wine', 'SweetRiesling', 'WhiteBurgundy', 'IceWine', 'Beaujolais', 'DessertWine', 'WineGrape', 'CotesDOr', 'RedWine', 'CheninBlanc', 'Grape', 'VintageYear', 'DryRiesling', 'SauvignonBlanc', 'Winery', 'Port', 'PotableLiquid', 'LateHarvest', 'CabernetSauvignon', 'Pauillac', 'Region', 'ItalianWine', 'Meursault', 'Chianti', 'Muscadet', 'WineTaste', 'Sauternes', 'WineBody', 'Sancerre', 'RedTableWine', 'PinotNoir', 'WhiteWine', 'WineDescriptor', 'Semillon', 'Merlot', 'CabernetFranc']<|eot_id|><|start_header_id|>user<|end_header_id|>

Year1998<|eot_id|><|start_header_id|>assistant<|end_header_id|>

1. VintageYear
2. Wine
3. PotableLiquid
4. WineDescriptor<|eot_id|>
2024-10-30 19:00:41,570 [INFO] root predict:predict 29:: <|begin_of_text|><|begin_of_text|><|start_header_id|>system<|end_header_id|>

You are a helpful assistant that responds with a ranked list of classes that a user input belongs to. Generate a list of the top 4 most likely classes. Do not generate a list of less than 4 classes. Do not provide any other information other than the list.
Create the ranked list considering only the provided classes
---
Classes: ['Bordeaux', 'Chardonnay', 'Anjou', 'Meritage', 'WineColor', 'WineSugar', 'PetiteSyrah', 'StEmilion', 'Riesling', 'WineFlavor', 'Zinfandel', 'Margaux', 'Wine', 'SweetRiesling', 'WhiteBurgundy', 'IceWine', 'Beaujolais', 'DessertWine', 'WineGrape', 'CotesDOr', 'RedWine', 'CheninBlanc', 'Grape', 'VintageYear', 'DryRiesling', 'SauvignonBlanc', 'Winery', 'Port', 'PotableLiquid', 'LateHarvest', 'CabernetSauvignon', 'Pauillac', 'Region', 'ItalianWine', 'Meursault', 'Chianti', 'Muscadet', 'WineTaste', 'Sauternes', 'WineBody', 'Sancerre', 'RedTableWine', 'PinotNoir', 'WhiteWine', 'WineDescriptor', 'Semillon', 'Merlot', 'CabernetFranc']<|eot_id|><|start_header_id|>user<|end_header_id|>

ZinfandelGrape<|eot_id|><|start_header_id|>assistant<|end_header_id|>

1. Zinfandel
2. Grape
3. WineGrape
4. RedWine<|eot_id|>
2024-10-30 19:00:41,574 [CRITICAL] root logging_conf:log_exception 36:: Error Information:
Traceback (most recent call last):
  File "/storage/scratch/bhatt006/Repos/onto_pop_llm_which_factors_matter/src/onto_pop_llm_which_factors_matter/model/hugging_face/./predict.py", line 113, in <module>
    label_mapping_df.write_ndjson(os.path.join(output_dir, "label_mapping.json"))
    ^^^^^^^^^^^^^^^^
NameError: name 'label_mapping_df' is not defined. Did you mean: 'label_mapping'?
2024-10-30 19:02:27,553 [DEBUG] bitsandbytes.cextension cextension:get_native_library 90:: Loading bitsandbytes native library from: /scratch/bhatt006/Repos/onto_pop_llm_which_factors_matter/.venv/lib/python3.12/site-packages/bitsandbytes/libbitsandbytes_cuda124.so
2024-10-30 19:02:41,271 [INFO] root predict:predict 29:: <|begin_of_text|><|begin_of_text|><|start_header_id|>system<|end_header_id|>

You are a helpful assistant that responds with a ranked list of classes that a user input belongs to. Generate a list of the top 4 most likely classes. Do not generate a list of less than 4 classes. Do not provide any other information other than the list.
Create the ranked list considering only the provided classes
---
Classes: ['Margaux', 'PinotNoir', 'SauvignonBlanc', 'Semillon', 'VintageYear', 'Beaujolais', 'WineFlavor', 'Zinfandel', 'DessertWine', 'CotesDOr', 'Sancerre', 'Merlot', 'WineSugar', 'Grape', 'Winery', 'WhiteWine', 'CabernetFranc', 'WhiteBurgundy', 'Sauternes', 'Region', 'WineGrape', 'LateHarvest', 'CheninBlanc', 'PotableLiquid', 'Port', 'CabernetSauvignon', 'PetiteSyrah', 'Anjou', 'Riesling', 'RedTableWine', 'Chianti', 'Wine', 'SweetRiesling', 'Meritage', 'Meursault', 'Chardonnay', 'RedWine', 'WineBody', 'DryRiesling', 'WineDescriptor', 'IceWine', 'Muscadet', 'Pauillac', 'WineTaste', 'ItalianWine', 'WineColor', 'StEmilion', 'Bordeaux']<|eot_id|><|start_header_id|>user<|end_header_id|>

AlsaceRegion<|eot_id|><|start_header_id|>assistant<|end_header_id|>

Here is the ranked list of classes that AlsaceRegion belongs to:

1. Region
2. WineRegion
3. FrenchWineRegion
4. EuropeanWineRegion<|eot_id|>
2024-10-30 19:02:43,382 [INFO] root predict:predict 29:: <|begin_of_text|><|begin_of_text|><|start_header_id|>system<|end_header_id|>

You are a helpful assistant that responds with a ranked list of classes that a user input belongs to. Generate a list of the top 4 most likely classes. Do not generate a list of less than 4 classes. Do not provide any other information other than the list.
Create the ranked list considering only the provided classes
---
Classes: ['Margaux', 'PinotNoir', 'SauvignonBlanc', 'Semillon', 'VintageYear', 'Beaujolais', 'WineFlavor', 'Zinfandel', 'DessertWine', 'CotesDOr', 'Sancerre', 'Merlot', 'WineSugar', 'Grape', 'Winery', 'WhiteWine', 'CabernetFranc', 'WhiteBurgundy', 'Sauternes', 'Region', 'WineGrape', 'LateHarvest', 'CheninBlanc', 'PotableLiquid', 'Port', 'CabernetSauvignon', 'PetiteSyrah', 'Anjou', 'Riesling', 'RedTableWine', 'Chianti', 'Wine', 'SweetRiesling', 'Meritage', 'Meursault', 'Chardonnay', 'RedWine', 'WineBody', 'DryRiesling', 'WineDescriptor', 'IceWine', 'Muscadet', 'Pauillac', 'WineTaste', 'ItalianWine', 'WineColor', 'StEmilion', 'Bordeaux']<|eot_id|><|start_header_id|>user<|end_header_id|>

AnjouRegion<|eot_id|><|start_header_id|>assistant<|end_header_id|>

1. Region
2. Anjou
3. Bordeaux
4. ItalianWine<|eot_id|>
2024-10-30 19:02:44,673 [INFO] root predict:predict 29:: <|begin_of_text|><|begin_of_text|><|start_header_id|>system<|end_header_id|>

You are a helpful assistant that responds with a ranked list of classes that a user input belongs to. Generate a list of the top 4 most likely classes. Do not generate a list of less than 4 classes. Do not provide any other information other than the list.
Create the ranked list considering only the provided classes
---
Classes: ['Margaux', 'PinotNoir', 'SauvignonBlanc', 'Semillon', 'VintageYear', 'Beaujolais', 'WineFlavor', 'Zinfandel', 'DessertWine', 'CotesDOr', 'Sancerre', 'Merlot', 'WineSugar', 'Grape', 'Winery', 'WhiteWine', 'CabernetFranc', 'WhiteBurgundy', 'Sauternes', 'Region', 'WineGrape', 'LateHarvest', 'CheninBlanc', 'PotableLiquid', 'Port', 'CabernetSauvignon', 'PetiteSyrah', 'Anjou', 'Riesling', 'RedTableWine', 'Chianti', 'Wine', 'SweetRiesling', 'Meritage', 'Meursault', 'Chardonnay', 'RedWine', 'WineBody', 'DryRiesling', 'WineDescriptor', 'IceWine', 'Muscadet', 'Pauillac', 'WineTaste', 'ItalianWine', 'WineColor', 'StEmilion', 'Bordeaux']<|eot_id|><|start_header_id|>user<|end_header_id|>

ArroyoGrandeRegion<|eot_id|><|start_header_id|>assistant<|end_header_id|>

1. Region
2. WineRegion<|eot_id|>
2024-10-30 19:02:46,627 [INFO] root predict:predict 29:: <|begin_of_text|><|begin_of_text|><|start_header_id|>system<|end_header_id|>

You are a helpful assistant that responds with a ranked list of classes that a user input belongs to. Generate a list of the top 4 most likely classes. Do not generate a list of less than 4 classes. Do not provide any other information other than the list.
Create the ranked list considering only the provided classes
---
Classes: ['Margaux', 'PinotNoir', 'SauvignonBlanc', 'Semillon', 'VintageYear', 'Beaujolais', 'WineFlavor', 'Zinfandel', 'DessertWine', 'CotesDOr', 'Sancerre', 'Merlot', 'WineSugar', 'Grape', 'Winery', 'WhiteWine', 'CabernetFranc', 'WhiteBurgundy', 'Sauternes', 'Region', 'WineGrape', 'LateHarvest', 'CheninBlanc', 'PotableLiquid', 'Port', 'CabernetSauvignon', 'PetiteSyrah', 'Anjou', 'Riesling', 'RedTableWine', 'Chianti', 'Wine', 'SweetRiesling', 'Meritage', 'Meursault', 'Chardonnay', 'RedWine', 'WineBody', 'DryRiesling', 'WineDescriptor', 'IceWine', 'Muscadet', 'Pauillac', 'WineTaste', 'ItalianWine', 'WineColor', 'StEmilion', 'Bordeaux']<|eot_id|><|start_header_id|>user<|end_header_id|>

AustralianRegion<|eot_id|><|start_header_id|>assistant<|end_header_id|>

1. Region
2. Wine
3. Bordeaux
4. RedWine<|eot_id|>
2024-10-30 19:02:48,943 [INFO] root predict:predict 29:: <|begin_of_text|><|begin_of_text|><|start_header_id|>system<|end_header_id|>

You are a helpful assistant that responds with a ranked list of classes that a user input belongs to. Generate a list of the top 4 most likely classes. Do not generate a list of less than 4 classes. Do not provide any other information other than the list.
Create the ranked list considering only the provided classes
---
Classes: ['Margaux', 'PinotNoir', 'SauvignonBlanc', 'Semillon', 'VintageYear', 'Beaujolais', 'WineFlavor', 'Zinfandel', 'DessertWine', 'CotesDOr', 'Sancerre', 'Merlot', 'WineSugar', 'Grape', 'Winery', 'WhiteWine', 'CabernetFranc', 'WhiteBurgundy', 'Sauternes', 'Region', 'WineGrape', 'LateHarvest', 'CheninBlanc', 'PotableLiquid', 'Port', 'CabernetSauvignon', 'PetiteSyrah', 'Anjou', 'Riesling', 'RedTableWine', 'Chianti', 'Wine', 'SweetRiesling', 'Meritage', 'Meursault', 'Chardonnay', 'RedWine', 'WineBody', 'DryRiesling', 'WineDescriptor', 'IceWine', 'Muscadet', 'Pauillac', 'WineTaste', 'ItalianWine', 'WineColor', 'StEmilion', 'Bordeaux']<|eot_id|><|start_header_id|>user<|end_header_id|>

Bancroft<|eot_id|><|start_header_id|>assistant<|end_header_id|>

1. Wine
2. WineRegion (Pauillac)
3. WineClass (Bordeaux)<|eot_id|>
2024-10-30 19:02:51,267 [INFO] root predict:predict 29:: <|begin_of_text|><|begin_of_text|><|start_header_id|>system<|end_header_id|>

You are a helpful assistant that responds with a ranked list of classes that a user input belongs to. Generate a list of the top 4 most likely classes. Do not generate a list of less than 4 classes. Do not provide any other information other than the list.
Create the ranked list considering only the provided classes
---
Classes: ['Margaux', 'PinotNoir', 'SauvignonBlanc', 'Semillon', 'VintageYear', 'Beaujolais', 'WineFlavor', 'Zinfandel', 'DessertWine', 'CotesDOr', 'Sancerre', 'Merlot', 'WineSugar', 'Grape', 'Winery', 'WhiteWine', 'CabernetFranc', 'WhiteBurgundy', 'Sauternes', 'Region', 'WineGrape', 'LateHarvest', 'CheninBlanc', 'PotableLiquid', 'Port', 'CabernetSauvignon', 'PetiteSyrah', 'Anjou', 'Riesling', 'RedTableWine', 'Chianti', 'Wine', 'SweetRiesling', 'Meritage', 'Meursault', 'Chardonnay', 'RedWine', 'WineBody', 'DryRiesling', 'WineDescriptor', 'IceWine', 'Muscadet', 'Pauillac', 'WineTaste', 'ItalianWine', 'WineColor', 'StEmilion', 'Bordeaux']<|eot_id|><|start_header_id|>user<|end_header_id|>

BancroftChardonnay<|eot_id|><|start_header_id|>assistant<|end_header_id|>

1. Chardonnay
2. Wine
3. RedWine
4. WhiteWine<|eot_id|>
2024-10-30 19:02:52,712 [INFO] root predict:predict 29:: <|begin_of_text|><|begin_of_text|><|start_header_id|>system<|end_header_id|>

You are a helpful assistant that responds with a ranked list of classes that a user input belongs to. Generate a list of the top 4 most likely classes. Do not generate a list of less than 4 classes. Do not provide any other information other than the list.
Create the ranked list considering only the provided classes
---
Classes: ['Margaux', 'PinotNoir', 'SauvignonBlanc', 'Semillon', 'VintageYear', 'Beaujolais', 'WineFlavor', 'Zinfandel', 'DessertWine', 'CotesDOr', 'Sancerre', 'Merlot', 'WineSugar', 'Grape', 'Winery', 'WhiteWine', 'CabernetFranc', 'WhiteBurgundy', 'Sauternes', 'Region', 'WineGrape', 'LateHarvest', 'CheninBlanc', 'PotableLiquid', 'Port', 'CabernetSauvignon', 'PetiteSyrah', 'Anjou', 'Riesling', 'RedTableWine', 'Chianti', 'Wine', 'SweetRiesling', 'Meritage', 'Meursault', 'Chardonnay', 'RedWine', 'WineBody', 'DryRiesling', 'WineDescriptor', 'IceWine', 'Muscadet', 'Pauillac', 'WineTaste', 'ItalianWine', 'WineColor', 'StEmilion', 'Bordeaux']<|eot_id|><|start_header_id|>user<|end_header_id|>

BeaujolaisRegion<|eot_id|><|start_header_id|>assistant<|end_header_id|>

1. Beaujolais
2. Region<|eot_id|>
2024-10-30 19:02:55,032 [INFO] root predict:predict 29:: <|begin_of_text|><|begin_of_text|><|start_header_id|>system<|end_header_id|>

You are a helpful assistant that responds with a ranked list of classes that a user input belongs to. Generate a list of the top 4 most likely classes. Do not generate a list of less than 4 classes. Do not provide any other information other than the list.
Create the ranked list considering only the provided classes
---
Classes: ['Margaux', 'PinotNoir', 'SauvignonBlanc', 'Semillon', 'VintageYear', 'Beaujolais', 'WineFlavor', 'Zinfandel', 'DessertWine', 'CotesDOr', 'Sancerre', 'Merlot', 'WineSugar', 'Grape', 'Winery', 'WhiteWine', 'CabernetFranc', 'WhiteBurgundy', 'Sauternes', 'Region', 'WineGrape', 'LateHarvest', 'CheninBlanc', 'PotableLiquid', 'Port', 'CabernetSauvignon', 'PetiteSyrah', 'Anjou', 'Riesling', 'RedTableWine', 'Chianti', 'Wine', 'SweetRiesling', 'Meritage', 'Meursault', 'Chardonnay', 'RedWine', 'WineBody', 'DryRiesling', 'WineDescriptor', 'IceWine', 'Muscadet', 'Pauillac', 'WineTaste', 'ItalianWine', 'WineColor', 'StEmilion', 'Bordeaux']<|eot_id|><|start_header_id|>user<|end_header_id|>

Beringer<|eot_id|><|start_header_id|>assistant<|end_header_id|>

1. Meritage
2. CabernetSauvignon
3. Bordeaux
4. StEmilion<|eot_id|>
2024-10-30 19:02:56,990 [INFO] root predict:predict 29:: <|begin_of_text|><|begin_of_text|><|start_header_id|>system<|end_header_id|>

You are a helpful assistant that responds with a ranked list of classes that a user input belongs to. Generate a list of the top 4 most likely classes. Do not generate a list of less than 4 classes. Do not provide any other information other than the list.
Create the ranked list considering only the provided classes
---
Classes: ['Margaux', 'PinotNoir', 'SauvignonBlanc', 'Semillon', 'VintageYear', 'Beaujolais', 'WineFlavor', 'Zinfandel', 'DessertWine', 'CotesDOr', 'Sancerre', 'Merlot', 'WineSugar', 'Grape', 'Winery', 'WhiteWine', 'CabernetFranc', 'WhiteBurgundy', 'Sauternes', 'Region', 'WineGrape', 'LateHarvest', 'CheninBlanc', 'PotableLiquid', 'Port', 'CabernetSauvignon', 'PetiteSyrah', 'Anjou', 'Riesling', 'RedTableWine', 'Chianti', 'Wine', 'SweetRiesling', 'Meritage', 'Meursault', 'Chardonnay', 'RedWine', 'WineBody', 'DryRiesling', 'WineDescriptor', 'IceWine', 'Muscadet', 'Pauillac', 'WineTaste', 'ItalianWine', 'WineColor', 'StEmilion', 'Bordeaux']<|eot_id|><|start_header_id|>user<|end_header_id|>

BordeauxRegion<|eot_id|><|start_header_id|>assistant<|end_header_id|>

1. Bordeaux
2. Region
3. Bordeaux
4. StEmilion<|eot_id|>
2024-10-30 19:02:59,464 [INFO] root predict:predict 29:: <|begin_of_text|><|begin_of_text|><|start_header_id|>system<|end_header_id|>

You are a helpful assistant that responds with a ranked list of classes that a user input belongs to. Generate a list of the top 4 most likely classes. Do not generate a list of less than 4 classes. Do not provide any other information other than the list.
Create the ranked list considering only the provided classes
---
Classes: ['Margaux', 'PinotNoir', 'SauvignonBlanc', 'Semillon', 'VintageYear', 'Beaujolais', 'WineFlavor', 'Zinfandel', 'DessertWine', 'CotesDOr', 'Sancerre', 'Merlot', 'WineSugar', 'Grape', 'Winery', 'WhiteWine', 'CabernetFranc', 'WhiteBurgundy', 'Sauternes', 'Region', 'WineGrape', 'LateHarvest', 'CheninBlanc', 'PotableLiquid', 'Port', 'CabernetSauvignon', 'PetiteSyrah', 'Anjou', 'Riesling', 'RedTableWine', 'Chianti', 'Wine', 'SweetRiesling', 'Meritage', 'Meursault', 'Chardonnay', 'RedWine', 'WineBody', 'DryRiesling', 'WineDescriptor', 'IceWine', 'Muscadet', 'Pauillac', 'WineTaste', 'ItalianWine', 'WineColor', 'StEmilion', 'Bordeaux']<|eot_id|><|start_header_id|>user<|end_header_id|>

BourgogneRegion<|eot_id|><|start_header_id|>assistant<|end_header_id|>

1. CotesDOr
2. WhiteBurgundy
3. Meursault
4. Meritage<|eot_id|>
2024-10-30 19:03:01,722 [INFO] root predict:predict 29:: <|begin_of_text|><|begin_of_text|><|start_header_id|>system<|end_header_id|>

You are a helpful assistant that responds with a ranked list of classes that a user input belongs to. Generate a list of the top 4 most likely classes. Do not generate a list of less than 4 classes. Do not provide any other information other than the list.
Create the ranked list considering only the provided classes
---
Classes: ['Margaux', 'PinotNoir', 'SauvignonBlanc', 'Semillon', 'VintageYear', 'Beaujolais', 'WineFlavor', 'Zinfandel', 'DessertWine', 'CotesDOr', 'Sancerre', 'Merlot', 'WineSugar', 'Grape', 'Winery', 'WhiteWine', 'CabernetFranc', 'WhiteBurgundy', 'Sauternes', 'Region', 'WineGrape', 'LateHarvest', 'CheninBlanc', 'PotableLiquid', 'Port', 'CabernetSauvignon', 'PetiteSyrah', 'Anjou', 'Riesling', 'RedTableWine', 'Chianti', 'Wine', 'SweetRiesling', 'Meritage', 'Meursault', 'Chardonnay', 'RedWine', 'WineBody', 'DryRiesling', 'WineDescriptor', 'IceWine', 'Muscadet', 'Pauillac', 'WineTaste', 'ItalianWine', 'WineColor', 'StEmilion', 'Bordeaux']<|eot_id|><|start_header_id|>user<|end_header_id|>

CabernetFrancGrape<|eot_id|><|start_header_id|>assistant<|end_header_id|>

1. WineGrape
2. Grape
3. RedWine
4. CabernetFranc<|eot_id|>
2024-10-30 19:03:03,832 [INFO] root predict:predict 29:: <|begin_of_text|><|begin_of_text|><|start_header_id|>system<|end_header_id|>

You are a helpful assistant that responds with a ranked list of classes that a user input belongs to. Generate a list of the top 4 most likely classes. Do not generate a list of less than 4 classes. Do not provide any other information other than the list.
Create the ranked list considering only the provided classes
---
Classes: ['Margaux', 'PinotNoir', 'SauvignonBlanc', 'Semillon', 'VintageYear', 'Beaujolais', 'WineFlavor', 'Zinfandel', 'DessertWine', 'CotesDOr', 'Sancerre', 'Merlot', 'WineSugar', 'Grape', 'Winery', 'WhiteWine', 'CabernetFranc', 'WhiteBurgundy', 'Sauternes', 'Region', 'WineGrape', 'LateHarvest', 'CheninBlanc', 'PotableLiquid', 'Port', 'CabernetSauvignon', 'PetiteSyrah', 'Anjou', 'Riesling', 'RedTableWine', 'Chianti', 'Wine', 'SweetRiesling', 'Meritage', 'Meursault', 'Chardonnay', 'RedWine', 'WineBody', 'DryRiesling', 'WineDescriptor', 'IceWine', 'Muscadet', 'Pauillac', 'WineTaste', 'ItalianWine', 'WineColor', 'StEmilion', 'Bordeaux']<|eot_id|><|start_header_id|>user<|end_header_id|>

CabernetSauvignonGrape<|eot_id|><|start_header_id|>assistant<|end_header_id|>

1. WineGrape
2. Grape
3. Wine
4. RedWine<|eot_id|>
2024-10-30 19:03:05,868 [INFO] root predict:predict 29:: <|begin_of_text|><|begin_of_text|><|start_header_id|>system<|end_header_id|>

You are a helpful assistant that responds with a ranked list of classes that a user input belongs to. Generate a list of the top 4 most likely classes. Do not generate a list of less than 4 classes. Do not provide any other information other than the list.
Create the ranked list considering only the provided classes
---
Classes: ['Margaux', 'PinotNoir', 'SauvignonBlanc', 'Semillon', 'VintageYear', 'Beaujolais', 'WineFlavor', 'Zinfandel', 'DessertWine', 'CotesDOr', 'Sancerre', 'Merlot', 'WineSugar', 'Grape', 'Winery', 'WhiteWine', 'CabernetFranc', 'WhiteBurgundy', 'Sauternes', 'Region', 'WineGrape', 'LateHarvest', 'CheninBlanc', 'PotableLiquid', 'Port', 'CabernetSauvignon', 'PetiteSyrah', 'Anjou', 'Riesling', 'RedTableWine', 'Chianti', 'Wine', 'SweetRiesling', 'Meritage', 'Meursault', 'Chardonnay', 'RedWine', 'WineBody', 'DryRiesling', 'WineDescriptor', 'IceWine', 'Muscadet', 'Pauillac', 'WineTaste', 'ItalianWine', 'WineColor', 'StEmilion', 'Bordeaux']<|eot_id|><|start_header_id|>user<|end_header_id|>

CaliforniaRegion<|eot_id|><|start_header_id|>assistant<|end_header_id|>

1. WineRegion
2. Region
3. Bordeaux
4. ItalianWine<|eot_id|>
2024-10-30 19:03:07,910 [INFO] root predict:predict 29:: <|begin_of_text|><|begin_of_text|><|start_header_id|>system<|end_header_id|>

You are a helpful assistant that responds with a ranked list of classes that a user input belongs to. Generate a list of the top 4 most likely classes. Do not generate a list of less than 4 classes. Do not provide any other information other than the list.
Create the ranked list considering only the provided classes
---
Classes: ['Margaux', 'PinotNoir', 'SauvignonBlanc', 'Semillon', 'VintageYear', 'Beaujolais', 'WineFlavor', 'Zinfandel', 'DessertWine', 'CotesDOr', 'Sancerre', 'Merlot', 'WineSugar', 'Grape', 'Winery', 'WhiteWine', 'CabernetFranc', 'WhiteBurgundy', 'Sauternes', 'Region', 'WineGrape', 'LateHarvest', 'CheninBlanc', 'PotableLiquid', 'Port', 'CabernetSauvignon', 'PetiteSyrah', 'Anjou', 'Riesling', 'RedTableWine', 'Chianti', 'Wine', 'SweetRiesling', 'Meritage', 'Meursault', 'Chardonnay', 'RedWine', 'WineBody', 'DryRiesling', 'WineDescriptor', 'IceWine', 'Muscadet', 'Pauillac', 'WineTaste', 'ItalianWine', 'WineColor', 'StEmilion', 'Bordeaux']<|eot_id|><|start_header_id|>user<|end_header_id|>

CentralCoastRegion<|eot_id|><|start_header_id|>assistant<|end_header_id|>

1. WineRegion
2. Region
3. Bordeaux
4. ItalianWine<|eot_id|>
2024-10-30 19:03:09,877 [INFO] root predict:predict 29:: <|begin_of_text|><|begin_of_text|><|start_header_id|>system<|end_header_id|>

You are a helpful assistant that responds with a ranked list of classes that a user input belongs to. Generate a list of the top 4 most likely classes. Do not generate a list of less than 4 classes. Do not provide any other information other than the list.
Create the ranked list considering only the provided classes
---
Classes: ['Margaux', 'PinotNoir', 'SauvignonBlanc', 'Semillon', 'VintageYear', 'Beaujolais', 'WineFlavor', 'Zinfandel', 'DessertWine', 'CotesDOr', 'Sancerre', 'Merlot', 'WineSugar', 'Grape', 'Winery', 'WhiteWine', 'CabernetFranc', 'WhiteBurgundy', 'Sauternes', 'Region', 'WineGrape', 'LateHarvest', 'CheninBlanc', 'PotableLiquid', 'Port', 'CabernetSauvignon', 'PetiteSyrah', 'Anjou', 'Riesling', 'RedTableWine', 'Chianti', 'Wine', 'SweetRiesling', 'Meritage', 'Meursault', 'Chardonnay', 'RedWine', 'WineBody', 'DryRiesling', 'WineDescriptor', 'IceWine', 'Muscadet', 'Pauillac', 'WineTaste', 'ItalianWine', 'WineColor', 'StEmilion', 'Bordeaux']<|eot_id|><|start_header_id|>user<|end_header_id|>

CentralTexasRegion<|eot_id|><|start_header_id|>assistant<|end_header_id|>

1. Region
2. Bordeaux
3. Wine
4. RedWine<|eot_id|>
2024-10-30 19:03:12,062 [INFO] root predict:predict 29:: <|begin_of_text|><|begin_of_text|><|start_header_id|>system<|end_header_id|>

You are a helpful assistant that responds with a ranked list of classes that a user input belongs to. Generate a list of the top 4 most likely classes. Do not generate a list of less than 4 classes. Do not provide any other information other than the list.
Create the ranked list considering only the provided classes
---
Classes: ['Margaux', 'PinotNoir', 'SauvignonBlanc', 'Semillon', 'VintageYear', 'Beaujolais', 'WineFlavor', 'Zinfandel', 'DessertWine', 'CotesDOr', 'Sancerre', 'Merlot', 'WineSugar', 'Grape', 'Winery', 'WhiteWine', 'CabernetFranc', 'WhiteBurgundy', 'Sauternes', 'Region', 'WineGrape', 'LateHarvest', 'CheninBlanc', 'PotableLiquid', 'Port', 'CabernetSauvignon', 'PetiteSyrah', 'Anjou', 'Riesling', 'RedTableWine', 'Chianti', 'Wine', 'SweetRiesling', 'Meritage', 'Meursault', 'Chardonnay', 'RedWine', 'WineBody', 'DryRiesling', 'WineDescriptor', 'IceWine', 'Muscadet', 'Pauillac', 'WineTaste', 'ItalianWine', 'WineColor', 'StEmilion', 'Bordeaux']<|eot_id|><|start_header_id|>user<|end_header_id|>

ChardonnayGrape<|eot_id|><|start_header_id|>assistant<|end_header_id|>

1. Chardonnay
2. Grape
3. Wine
4. WhiteWine<|eot_id|>
2024-10-30 19:03:14,111 [INFO] root predict:predict 29:: <|begin_of_text|><|begin_of_text|><|start_header_id|>system<|end_header_id|>

You are a helpful assistant that responds with a ranked list of classes that a user input belongs to. Generate a list of the top 4 most likely classes. Do not generate a list of less than 4 classes. Do not provide any other information other than the list.
Create the ranked list considering only the provided classes
---
Classes: ['Margaux', 'PinotNoir', 'SauvignonBlanc', 'Semillon', 'VintageYear', 'Beaujolais', 'WineFlavor', 'Zinfandel', 'DessertWine', 'CotesDOr', 'Sancerre', 'Merlot', 'WineSugar', 'Grape', 'Winery', 'WhiteWine', 'CabernetFranc', 'WhiteBurgundy', 'Sauternes', 'Region', 'WineGrape', 'LateHarvest', 'CheninBlanc', 'PotableLiquid', 'Port', 'CabernetSauvignon', 'PetiteSyrah', 'Anjou', 'Riesling', 'RedTableWine', 'Chianti', 'Wine', 'SweetRiesling', 'Meritage', 'Meursault', 'Chardonnay', 'RedWine', 'WineBody', 'DryRiesling', 'WineDescriptor', 'IceWine', 'Muscadet', 'Pauillac', 'WineTaste', 'ItalianWine', 'WineColor', 'StEmilion', 'Bordeaux']<|eot_id|><|start_header_id|>user<|end_header_id|>

ChateauChevalBlanc<|eot_id|><|start_header_id|>assistant<|end_header_id|>

1. Bordeaux
2. RedWine
3. Wine
4. Chateau<|eot_id|>
2024-10-30 19:03:17,860 [INFO] root predict:predict 29:: <|begin_of_text|><|begin_of_text|><|start_header_id|>system<|end_header_id|>

You are a helpful assistant that responds with a ranked list of classes that a user input belongs to. Generate a list of the top 4 most likely classes. Do not generate a list of less than 4 classes. Do not provide any other information other than the list.
Create the ranked list considering only the provided classes
---
Classes: ['Margaux', 'PinotNoir', 'SauvignonBlanc', 'Semillon', 'VintageYear', 'Beaujolais', 'WineFlavor', 'Zinfandel', 'DessertWine', 'CotesDOr', 'Sancerre', 'Merlot', 'WineSugar', 'Grape', 'Winery', 'WhiteWine', 'CabernetFranc', 'WhiteBurgundy', 'Sauternes', 'Region', 'WineGrape', 'LateHarvest', 'CheninBlanc', 'PotableLiquid', 'Port', 'CabernetSauvignon', 'PetiteSyrah', 'Anjou', 'Riesling', 'RedTableWine', 'Chianti', 'Wine', 'SweetRiesling', 'Meritage', 'Meursault', 'Chardonnay', 'RedWine', 'WineBody', 'DryRiesling', 'WineDescriptor', 'IceWine', 'Muscadet', 'Pauillac', 'WineTaste', 'ItalianWine', 'WineColor', 'StEmilion', 'Bordeaux']<|eot_id|><|start_header_id|>user<|end_header_id|>

ChateauChevalBlancStEmilion<|eot_id|><|start_header_id|>assistant<|end_header_id|>

Here is the ranked list of classes that "ChateauChevalBlancStEmilion" belongs to:

1. Bordeaux
2. StEmilion
3. RedWine
4. Wine<|eot_id|>
2024-10-30 19:03:19,829 [INFO] root predict:predict 29:: <|begin_of_text|><|begin_of_text|><|start_header_id|>system<|end_header_id|>

You are a helpful assistant that responds with a ranked list of classes that a user input belongs to. Generate a list of the top 4 most likely classes. Do not generate a list of less than 4 classes. Do not provide any other information other than the list.
Create the ranked list considering only the provided classes
---
Classes: ['Margaux', 'PinotNoir', 'SauvignonBlanc', 'Semillon', 'VintageYear', 'Beaujolais', 'WineFlavor', 'Zinfandel', 'DessertWine', 'CotesDOr', 'Sancerre', 'Merlot', 'WineSugar', 'Grape', 'Winery', 'WhiteWine', 'CabernetFranc', 'WhiteBurgundy', 'Sauternes', 'Region', 'WineGrape', 'LateHarvest', 'CheninBlanc', 'PotableLiquid', 'Port', 'CabernetSauvignon', 'PetiteSyrah', 'Anjou', 'Riesling', 'RedTableWine', 'Chianti', 'Wine', 'SweetRiesling', 'Meritage', 'Meursault', 'Chardonnay', 'RedWine', 'WineBody', 'DryRiesling', 'WineDescriptor', 'IceWine', 'Muscadet', 'Pauillac', 'WineTaste', 'ItalianWine', 'WineColor', 'StEmilion', 'Bordeaux']<|eot_id|><|start_header_id|>user<|end_header_id|>

ChateauDYchem<|eot_id|><|start_header_id|>assistant<|end_header_id|>

1. Bordeaux
2. Wine
3. RedWine
4. Region<|eot_id|>
2024-10-30 19:03:22,165 [INFO] root predict:predict 29:: <|begin_of_text|><|begin_of_text|><|start_header_id|>system<|end_header_id|>

You are a helpful assistant that responds with a ranked list of classes that a user input belongs to. Generate a list of the top 4 most likely classes. Do not generate a list of less than 4 classes. Do not provide any other information other than the list.
Create the ranked list considering only the provided classes
---
Classes: ['Margaux', 'PinotNoir', 'SauvignonBlanc', 'Semillon', 'VintageYear', 'Beaujolais', 'WineFlavor', 'Zinfandel', 'DessertWine', 'CotesDOr', 'Sancerre', 'Merlot', 'WineSugar', 'Grape', 'Winery', 'WhiteWine', 'CabernetFranc', 'WhiteBurgundy', 'Sauternes', 'Region', 'WineGrape', 'LateHarvest', 'CheninBlanc', 'PotableLiquid', 'Port', 'CabernetSauvignon', 'PetiteSyrah', 'Anjou', 'Riesling', 'RedTableWine', 'Chianti', 'Wine', 'SweetRiesling', 'Meritage', 'Meursault', 'Chardonnay', 'RedWine', 'WineBody', 'DryRiesling', 'WineDescriptor', 'IceWine', 'Muscadet', 'Pauillac', 'WineTaste', 'ItalianWine', 'WineColor', 'StEmilion', 'Bordeaux']<|eot_id|><|start_header_id|>user<|end_header_id|>

ChateauDYchemSauterne<|eot_id|><|start_header_id|>assistant<|end_header_id|>

1. Sauternes
2. Wine
3. DessertWine
4. Sauternes<|eot_id|>
2024-10-30 19:03:24,580 [INFO] root predict:predict 29:: <|begin_of_text|><|begin_of_text|><|start_header_id|>system<|end_header_id|>

You are a helpful assistant that responds with a ranked list of classes that a user input belongs to. Generate a list of the top 4 most likely classes. Do not generate a list of less than 4 classes. Do not provide any other information other than the list.
Create the ranked list considering only the provided classes
---
Classes: ['Margaux', 'PinotNoir', 'SauvignonBlanc', 'Semillon', 'VintageYear', 'Beaujolais', 'WineFlavor', 'Zinfandel', 'DessertWine', 'CotesDOr', 'Sancerre', 'Merlot', 'WineSugar', 'Grape', 'Winery', 'WhiteWine', 'CabernetFranc', 'WhiteBurgundy', 'Sauternes', 'Region', 'WineGrape', 'LateHarvest', 'CheninBlanc', 'PotableLiquid', 'Port', 'CabernetSauvignon', 'PetiteSyrah', 'Anjou', 'Riesling', 'RedTableWine', 'Chianti', 'Wine', 'SweetRiesling', 'Meritage', 'Meursault', 'Chardonnay', 'RedWine', 'WineBody', 'DryRiesling', 'WineDescriptor', 'IceWine', 'Muscadet', 'Pauillac', 'WineTaste', 'ItalianWine', 'WineColor', 'StEmilion', 'Bordeaux']<|eot_id|><|start_header_id|>user<|end_header_id|>

ChateauDeMeursault<|eot_id|><|start_header_id|>assistant<|end_header_id|>

1. Chardonnay
2. Meursault
3. WhiteBurgundy
4. Wine<|eot_id|>
2024-10-30 19:03:27,517 [INFO] root predict:predict 29:: <|begin_of_text|><|begin_of_text|><|start_header_id|>system<|end_header_id|>

You are a helpful assistant that responds with a ranked list of classes that a user input belongs to. Generate a list of the top 4 most likely classes. Do not generate a list of less than 4 classes. Do not provide any other information other than the list.
Create the ranked list considering only the provided classes
---
Classes: ['Margaux', 'PinotNoir', 'SauvignonBlanc', 'Semillon', 'VintageYear', 'Beaujolais', 'WineFlavor', 'Zinfandel', 'DessertWine', 'CotesDOr', 'Sancerre', 'Merlot', 'WineSugar', 'Grape', 'Winery', 'WhiteWine', 'CabernetFranc', 'WhiteBurgundy', 'Sauternes', 'Region', 'WineGrape', 'LateHarvest', 'CheninBlanc', 'PotableLiquid', 'Port', 'CabernetSauvignon', 'PetiteSyrah', 'Anjou', 'Riesling', 'RedTableWine', 'Chianti', 'Wine', 'SweetRiesling', 'Meritage', 'Meursault', 'Chardonnay', 'RedWine', 'WineBody', 'DryRiesling', 'WineDescriptor', 'IceWine', 'Muscadet', 'Pauillac', 'WineTaste', 'ItalianWine', 'WineColor', 'StEmilion', 'Bordeaux']<|eot_id|><|start_header_id|>user<|end_header_id|>

ChateauDeMeursaultMeursault<|eot_id|><|start_header_id|>assistant<|end_header_id|>

Here is the ranked list of classes:

1. WhiteWine
2. Chardonnay
3. Bordeaux
4. Meursault<|eot_id|>
2024-10-30 19:03:29,789 [INFO] root predict:predict 29:: <|begin_of_text|><|begin_of_text|><|start_header_id|>system<|end_header_id|>

You are a helpful assistant that responds with a ranked list of classes that a user input belongs to. Generate a list of the top 4 most likely classes. Do not generate a list of less than 4 classes. Do not provide any other information other than the list.
Create the ranked list considering only the provided classes
---
Classes: ['Margaux', 'PinotNoir', 'SauvignonBlanc', 'Semillon', 'VintageYear', 'Beaujolais', 'WineFlavor', 'Zinfandel', 'DessertWine', 'CotesDOr', 'Sancerre', 'Merlot', 'WineSugar', 'Grape', 'Winery', 'WhiteWine', 'CabernetFranc', 'WhiteBurgundy', 'Sauternes', 'Region', 'WineGrape', 'LateHarvest', 'CheninBlanc', 'PotableLiquid', 'Port', 'CabernetSauvignon', 'PetiteSyrah', 'Anjou', 'Riesling', 'RedTableWine', 'Chianti', 'Wine', 'SweetRiesling', 'Meritage', 'Meursault', 'Chardonnay', 'RedWine', 'WineBody', 'DryRiesling', 'WineDescriptor', 'IceWine', 'Muscadet', 'Pauillac', 'WineTaste', 'ItalianWine', 'WineColor', 'StEmilion', 'Bordeaux']<|eot_id|><|start_header_id|>user<|end_header_id|>

ChateauLafiteRothschild<|eot_id|><|start_header_id|>assistant<|end_header_id|>

1. Bordeaux
2. RedWine
3. CabernetSauvignon
4. Wine<|eot_id|>
2024-10-30 19:03:31,911 [INFO] root predict:predict 29:: <|begin_of_text|><|begin_of_text|><|start_header_id|>system<|end_header_id|>

You are a helpful assistant that responds with a ranked list of classes that a user input belongs to. Generate a list of the top 4 most likely classes. Do not generate a list of less than 4 classes. Do not provide any other information other than the list.
Create the ranked list considering only the provided classes
---
Classes: ['Margaux', 'PinotNoir', 'SauvignonBlanc', 'Semillon', 'VintageYear', 'Beaujolais', 'WineFlavor', 'Zinfandel', 'DessertWine', 'CotesDOr', 'Sancerre', 'Merlot', 'WineSugar', 'Grape', 'Winery', 'WhiteWine', 'CabernetFranc', 'WhiteBurgundy', 'Sauternes', 'Region', 'WineGrape', 'LateHarvest', 'CheninBlanc', 'PotableLiquid', 'Port', 'CabernetSauvignon', 'PetiteSyrah', 'Anjou', 'Riesling', 'RedTableWine', 'Chianti', 'Wine', 'SweetRiesling', 'Meritage', 'Meursault', 'Chardonnay', 'RedWine', 'WineBody', 'DryRiesling', 'WineDescriptor', 'IceWine', 'Muscadet', 'Pauillac', 'WineTaste', 'ItalianWine', 'WineColor', 'StEmilion', 'Bordeaux']<|eot_id|><|start_header_id|>user<|end_header_id|>

ChateauLafiteRothschildPauillac<|eot_id|><|start_header_id|>assistant<|end_header_id|>

1. Bordeaux
2. Pauillac
3. Wine
4. RedWine<|eot_id|>
2024-10-30 19:03:33,885 [INFO] root predict:predict 29:: <|begin_of_text|><|begin_of_text|><|start_header_id|>system<|end_header_id|>

You are a helpful assistant that responds with a ranked list of classes that a user input belongs to. Generate a list of the top 4 most likely classes. Do not generate a list of less than 4 classes. Do not provide any other information other than the list.
Create the ranked list considering only the provided classes
---
Classes: ['Margaux', 'PinotNoir', 'SauvignonBlanc', 'Semillon', 'VintageYear', 'Beaujolais', 'WineFlavor', 'Zinfandel', 'DessertWine', 'CotesDOr', 'Sancerre', 'Merlot', 'WineSugar', 'Grape', 'Winery', 'WhiteWine', 'CabernetFranc', 'WhiteBurgundy', 'Sauternes', 'Region', 'WineGrape', 'LateHarvest', 'CheninBlanc', 'PotableLiquid', 'Port', 'CabernetSauvignon', 'PetiteSyrah', 'Anjou', 'Riesling', 'RedTableWine', 'Chianti', 'Wine', 'SweetRiesling', 'Meritage', 'Meursault', 'Chardonnay', 'RedWine', 'WineBody', 'DryRiesling', 'WineDescriptor', 'IceWine', 'Muscadet', 'Pauillac', 'WineTaste', 'ItalianWine', 'WineColor', 'StEmilion', 'Bordeaux']<|eot_id|><|start_header_id|>user<|end_header_id|>

ChateauMargaux<|eot_id|><|start_header_id|>assistant<|end_header_id|>

1. Margaux
2. Bordeaux
3. Chateau
4. Wine<|eot_id|>
2024-10-30 19:03:35,927 [INFO] root predict:predict 29:: <|begin_of_text|><|begin_of_text|><|start_header_id|>system<|end_header_id|>

You are a helpful assistant that responds with a ranked list of classes that a user input belongs to. Generate a list of the top 4 most likely classes. Do not generate a list of less than 4 classes. Do not provide any other information other than the list.
Create the ranked list considering only the provided classes
---
Classes: ['Margaux', 'PinotNoir', 'SauvignonBlanc', 'Semillon', 'VintageYear', 'Beaujolais', 'WineFlavor', 'Zinfandel', 'DessertWine', 'CotesDOr', 'Sancerre', 'Merlot', 'WineSugar', 'Grape', 'Winery', 'WhiteWine', 'CabernetFranc', 'WhiteBurgundy', 'Sauternes', 'Region', 'WineGrape', 'LateHarvest', 'CheninBlanc', 'PotableLiquid', 'Port', 'CabernetSauvignon', 'PetiteSyrah', 'Anjou', 'Riesling', 'RedTableWine', 'Chianti', 'Wine', 'SweetRiesling', 'Meritage', 'Meursault', 'Chardonnay', 'RedWine', 'WineBody', 'DryRiesling', 'WineDescriptor', 'IceWine', 'Muscadet', 'Pauillac', 'WineTaste', 'ItalianWine', 'WineColor', 'StEmilion', 'Bordeaux']<|eot_id|><|start_header_id|>user<|end_header_id|>

ChateauMargauxWinery<|eot_id|><|start_header_id|>assistant<|end_header_id|>

1. Chateau
2. Winery
3. Margaux
4. Bordeaux<|eot_id|>
2024-10-30 19:03:38,343 [INFO] root predict:predict 29:: <|begin_of_text|><|begin_of_text|><|start_header_id|>system<|end_header_id|>

You are a helpful assistant that responds with a ranked list of classes that a user input belongs to. Generate a list of the top 4 most likely classes. Do not generate a list of less than 4 classes. Do not provide any other information other than the list.
Create the ranked list considering only the provided classes
---
Classes: ['Margaux', 'PinotNoir', 'SauvignonBlanc', 'Semillon', 'VintageYear', 'Beaujolais', 'WineFlavor', 'Zinfandel', 'DessertWine', 'CotesDOr', 'Sancerre', 'Merlot', 'WineSugar', 'Grape', 'Winery', 'WhiteWine', 'CabernetFranc', 'WhiteBurgundy', 'Sauternes', 'Region', 'WineGrape', 'LateHarvest', 'CheninBlanc', 'PotableLiquid', 'Port', 'CabernetSauvignon', 'PetiteSyrah', 'Anjou', 'Riesling', 'RedTableWine', 'Chianti', 'Wine', 'SweetRiesling', 'Meritage', 'Meursault', 'Chardonnay', 'RedWine', 'WineBody', 'DryRiesling', 'WineDescriptor', 'IceWine', 'Muscadet', 'Pauillac', 'WineTaste', 'ItalianWine', 'WineColor', 'StEmilion', 'Bordeaux']<|eot_id|><|start_header_id|>user<|end_header_id|>

ChateauMorgon<|eot_id|><|start_header_id|>assistant<|end_header_id|>

1. Beaujolais
2. CotesDOr
3. StEmilion
4. Bordeaux<|eot_id|>
2024-10-30 19:03:40,687 [INFO] root predict:predict 29:: <|begin_of_text|><|begin_of_text|><|start_header_id|>system<|end_header_id|>

You are a helpful assistant that responds with a ranked list of classes that a user input belongs to. Generate a list of the top 4 most likely classes. Do not generate a list of less than 4 classes. Do not provide any other information other than the list.
Create the ranked list considering only the provided classes
---
Classes: ['Margaux', 'PinotNoir', 'SauvignonBlanc', 'Semillon', 'VintageYear', 'Beaujolais', 'WineFlavor', 'Zinfandel', 'DessertWine', 'CotesDOr', 'Sancerre', 'Merlot', 'WineSugar', 'Grape', 'Winery', 'WhiteWine', 'CabernetFranc', 'WhiteBurgundy', 'Sauternes', 'Region', 'WineGrape', 'LateHarvest', 'CheninBlanc', 'PotableLiquid', 'Port', 'CabernetSauvignon', 'PetiteSyrah', 'Anjou', 'Riesling', 'RedTableWine', 'Chianti', 'Wine', 'SweetRiesling', 'Meritage', 'Meursault', 'Chardonnay', 'RedWine', 'WineBody', 'DryRiesling', 'WineDescriptor', 'IceWine', 'Muscadet', 'Pauillac', 'WineTaste', 'ItalianWine', 'WineColor', 'StEmilion', 'Bordeaux']<|eot_id|><|start_header_id|>user<|end_header_id|>

ChateauMorgonBeaujolais<|eot_id|><|start_header_id|>assistant<|end_header_id|>

1. Beaujolais
2. Wine
3. RedWine
4. FrenchWine<|eot_id|>
2024-10-30 19:03:43,028 [INFO] root predict:predict 29:: <|begin_of_text|><|begin_of_text|><|start_header_id|>system<|end_header_id|>

You are a helpful assistant that responds with a ranked list of classes that a user input belongs to. Generate a list of the top 4 most likely classes. Do not generate a list of less than 4 classes. Do not provide any other information other than the list.
Create the ranked list considering only the provided classes
---
Classes: ['Margaux', 'PinotNoir', 'SauvignonBlanc', 'Semillon', 'VintageYear', 'Beaujolais', 'WineFlavor', 'Zinfandel', 'DessertWine', 'CotesDOr', 'Sancerre', 'Merlot', 'WineSugar', 'Grape', 'Winery', 'WhiteWine', 'CabernetFranc', 'WhiteBurgundy', 'Sauternes', 'Region', 'WineGrape', 'LateHarvest', 'CheninBlanc', 'PotableLiquid', 'Port', 'CabernetSauvignon', 'PetiteSyrah', 'Anjou', 'Riesling', 'RedTableWine', 'Chianti', 'Wine', 'SweetRiesling', 'Meritage', 'Meursault', 'Chardonnay', 'RedWine', 'WineBody', 'DryRiesling', 'WineDescriptor', 'IceWine', 'Muscadet', 'Pauillac', 'WineTaste', 'ItalianWine', 'WineColor', 'StEmilion', 'Bordeaux']<|eot_id|><|start_header_id|>user<|end_header_id|>

CheninBlancGrape<|eot_id|><|start_header_id|>assistant<|end_header_id|>

1. CheninBlanc
2. Grape
3. WineGrape
4. WhiteWine<|eot_id|>
2024-10-30 19:03:45,377 [INFO] root predict:predict 29:: <|begin_of_text|><|begin_of_text|><|start_header_id|>system<|end_header_id|>

You are a helpful assistant that responds with a ranked list of classes that a user input belongs to. Generate a list of the top 4 most likely classes. Do not generate a list of less than 4 classes. Do not provide any other information other than the list.
Create the ranked list considering only the provided classes
---
Classes: ['Margaux', 'PinotNoir', 'SauvignonBlanc', 'Semillon', 'VintageYear', 'Beaujolais', 'WineFlavor', 'Zinfandel', 'DessertWine', 'CotesDOr', 'Sancerre', 'Merlot', 'WineSugar', 'Grape', 'Winery', 'WhiteWine', 'CabernetFranc', 'WhiteBurgundy', 'Sauternes', 'Region', 'WineGrape', 'LateHarvest', 'CheninBlanc', 'PotableLiquid', 'Port', 'CabernetSauvignon', 'PetiteSyrah', 'Anjou', 'Riesling', 'RedTableWine', 'Chianti', 'Wine', 'SweetRiesling', 'Meritage', 'Meursault', 'Chardonnay', 'RedWine', 'WineBody', 'DryRiesling', 'WineDescriptor', 'IceWine', 'Muscadet', 'Pauillac', 'WineTaste', 'ItalianWine', 'WineColor', 'StEmilion', 'Bordeaux']<|eot_id|><|start_header_id|>user<|end_header_id|>

ChiantiClassico<|eot_id|><|start_header_id|>assistant<|end_header_id|>

1. Chianti
2. ItalianWine
3. RedTableWine
4. Wine<|eot_id|>
2024-10-30 19:03:47,646 [INFO] root predict:predict 29:: <|begin_of_text|><|begin_of_text|><|start_header_id|>system<|end_header_id|>

You are a helpful assistant that responds with a ranked list of classes that a user input belongs to. Generate a list of the top 4 most likely classes. Do not generate a list of less than 4 classes. Do not provide any other information other than the list.
Create the ranked list considering only the provided classes
---
Classes: ['Margaux', 'PinotNoir', 'SauvignonBlanc', 'Semillon', 'VintageYear', 'Beaujolais', 'WineFlavor', 'Zinfandel', 'DessertWine', 'CotesDOr', 'Sancerre', 'Merlot', 'WineSugar', 'Grape', 'Winery', 'WhiteWine', 'CabernetFranc', 'WhiteBurgundy', 'Sauternes', 'Region', 'WineGrape', 'LateHarvest', 'CheninBlanc', 'PotableLiquid', 'Port', 'CabernetSauvignon', 'PetiteSyrah', 'Anjou', 'Riesling', 'RedTableWine', 'Chianti', 'Wine', 'SweetRiesling', 'Meritage', 'Meursault', 'Chardonnay', 'RedWine', 'WineBody', 'DryRiesling', 'WineDescriptor', 'IceWine', 'Muscadet', 'Pauillac', 'WineTaste', 'ItalianWine', 'WineColor', 'StEmilion', 'Bordeaux']<|eot_id|><|start_header_id|>user<|end_header_id|>

ChiantiRegion<|eot_id|><|start_header_id|>assistant<|end_header_id|>

1. Region
2. ItalianWine
3. Chianti
4. RedWine<|eot_id|>
2024-10-30 19:03:49,994 [INFO] root predict:predict 29:: <|begin_of_text|><|begin_of_text|><|start_header_id|>system<|end_header_id|>

You are a helpful assistant that responds with a ranked list of classes that a user input belongs to. Generate a list of the top 4 most likely classes. Do not generate a list of less than 4 classes. Do not provide any other information other than the list.
Create the ranked list considering only the provided classes
---
Classes: ['Margaux', 'PinotNoir', 'SauvignonBlanc', 'Semillon', 'VintageYear', 'Beaujolais', 'WineFlavor', 'Zinfandel', 'DessertWine', 'CotesDOr', 'Sancerre', 'Merlot', 'WineSugar', 'Grape', 'Winery', 'WhiteWine', 'CabernetFranc', 'WhiteBurgundy', 'Sauternes', 'Region', 'WineGrape', 'LateHarvest', 'CheninBlanc', 'PotableLiquid', 'Port', 'CabernetSauvignon', 'PetiteSyrah', 'Anjou', 'Riesling', 'RedTableWine', 'Chianti', 'Wine', 'SweetRiesling', 'Meritage', 'Meursault', 'Chardonnay', 'RedWine', 'WineBody', 'DryRiesling', 'WineDescriptor', 'IceWine', 'Muscadet', 'Pauillac', 'WineTaste', 'ItalianWine', 'WineColor', 'StEmilion', 'Bordeaux']<|eot_id|><|start_header_id|>user<|end_header_id|>

ClosDeLaPoussie<|eot_id|><|start_header_id|>assistant<|end_header_id|>

1. CotesDOr
2. Bordeaux
3. StEmilion
4. Pauillac<|eot_id|>
2024-10-30 19:03:53,162 [INFO] root predict:predict 29:: <|begin_of_text|><|begin_of_text|><|start_header_id|>system<|end_header_id|>

You are a helpful assistant that responds with a ranked list of classes that a user input belongs to. Generate a list of the top 4 most likely classes. Do not generate a list of less than 4 classes. Do not provide any other information other than the list.
Create the ranked list considering only the provided classes
---
Classes: ['Margaux', 'PinotNoir', 'SauvignonBlanc', 'Semillon', 'VintageYear', 'Beaujolais', 'WineFlavor', 'Zinfandel', 'DessertWine', 'CotesDOr', 'Sancerre', 'Merlot', 'WineSugar', 'Grape', 'Winery', 'WhiteWine', 'CabernetFranc', 'WhiteBurgundy', 'Sauternes', 'Region', 'WineGrape', 'LateHarvest', 'CheninBlanc', 'PotableLiquid', 'Port', 'CabernetSauvignon', 'PetiteSyrah', 'Anjou', 'Riesling', 'RedTableWine', 'Chianti', 'Wine', 'SweetRiesling', 'Meritage', 'Meursault', 'Chardonnay', 'RedWine', 'WineBody', 'DryRiesling', 'WineDescriptor', 'IceWine', 'Muscadet', 'Pauillac', 'WineTaste', 'ItalianWine', 'WineColor', 'StEmilion', 'Bordeaux']<|eot_id|><|start_header_id|>user<|end_header_id|>

ClosDeLaPoussieSancerre<|eot_id|><|start_header_id|>assistant<|end_header_id|>

Here is the ranked list of classes that the input belongs to:

1. Sancerre
2. WhiteWine
3. Wine
4. WineRegion<|eot_id|>
2024-10-30 19:03:55,582 [INFO] root predict:predict 29:: <|begin_of_text|><|begin_of_text|><|start_header_id|>system<|end_header_id|>

You are a helpful assistant that responds with a ranked list of classes that a user input belongs to. Generate a list of the top 4 most likely classes. Do not generate a list of less than 4 classes. Do not provide any other information other than the list.
Create the ranked list considering only the provided classes
---
Classes: ['Margaux', 'PinotNoir', 'SauvignonBlanc', 'Semillon', 'VintageYear', 'Beaujolais', 'WineFlavor', 'Zinfandel', 'DessertWine', 'CotesDOr', 'Sancerre', 'Merlot', 'WineSugar', 'Grape', 'Winery', 'WhiteWine', 'CabernetFranc', 'WhiteBurgundy', 'Sauternes', 'Region', 'WineGrape', 'LateHarvest', 'CheninBlanc', 'PotableLiquid', 'Port', 'CabernetSauvignon', 'PetiteSyrah', 'Anjou', 'Riesling', 'RedTableWine', 'Chianti', 'Wine', 'SweetRiesling', 'Meritage', 'Meursault', 'Chardonnay', 'RedWine', 'WineBody', 'DryRiesling', 'WineDescriptor', 'IceWine', 'Muscadet', 'Pauillac', 'WineTaste', 'ItalianWine', 'WineColor', 'StEmilion', 'Bordeaux']<|eot_id|><|start_header_id|>user<|end_header_id|>

ClosDeVougeot<|eot_id|><|start_header_id|>assistant<|end_header_id|>

1. CotesDOr
2. WhiteBurgundy
3. Meursault
4. Bordeaux<|eot_id|>
2024-10-30 19:03:58,826 [INFO] root predict:predict 29:: <|begin_of_text|><|begin_of_text|><|start_header_id|>system<|end_header_id|>

You are a helpful assistant that responds with a ranked list of classes that a user input belongs to. Generate a list of the top 4 most likely classes. Do not generate a list of less than 4 classes. Do not provide any other information other than the list.
Create the ranked list considering only the provided classes
---
Classes: ['Margaux', 'PinotNoir', 'SauvignonBlanc', 'Semillon', 'VintageYear', 'Beaujolais', 'WineFlavor', 'Zinfandel', 'DessertWine', 'CotesDOr', 'Sancerre', 'Merlot', 'WineSugar', 'Grape', 'Winery', 'WhiteWine', 'CabernetFranc', 'WhiteBurgundy', 'Sauternes', 'Region', 'WineGrape', 'LateHarvest', 'CheninBlanc', 'PotableLiquid', 'Port', 'CabernetSauvignon', 'PetiteSyrah', 'Anjou', 'Riesling', 'RedTableWine', 'Chianti', 'Wine', 'SweetRiesling', 'Meritage', 'Meursault', 'Chardonnay', 'RedWine', 'WineBody', 'DryRiesling', 'WineDescriptor', 'IceWine', 'Muscadet', 'Pauillac', 'WineTaste', 'ItalianWine', 'WineColor', 'StEmilion', 'Bordeaux']<|eot_id|><|start_header_id|>user<|end_header_id|>

ClosDeVougeotCotesDOr<|eot_id|><|start_header_id|>assistant<|end_header_id|>

Here is the ranked list of classes that the input belongs to:

1. CotesDOr
2. Region
3. RedTableWine
4. Bordeaux<|eot_id|>
2024-10-30 19:04:00,879 [INFO] root predict:predict 29:: <|begin_of_text|><|begin_of_text|><|start_header_id|>system<|end_header_id|>

You are a helpful assistant that responds with a ranked list of classes that a user input belongs to. Generate a list of the top 4 most likely classes. Do not generate a list of less than 4 classes. Do not provide any other information other than the list.
Create the ranked list considering only the provided classes
---
Classes: ['Margaux', 'PinotNoir', 'SauvignonBlanc', 'Semillon', 'VintageYear', 'Beaujolais', 'WineFlavor', 'Zinfandel', 'DessertWine', 'CotesDOr', 'Sancerre', 'Merlot', 'WineSugar', 'Grape', 'Winery', 'WhiteWine', 'CabernetFranc', 'WhiteBurgundy', 'Sauternes', 'Region', 'WineGrape', 'LateHarvest', 'CheninBlanc', 'PotableLiquid', 'Port', 'CabernetSauvignon', 'PetiteSyrah', 'Anjou', 'Riesling', 'RedTableWine', 'Chianti', 'Wine', 'SweetRiesling', 'Meritage', 'Meursault', 'Chardonnay', 'RedWine', 'WineBody', 'DryRiesling', 'WineDescriptor', 'IceWine', 'Muscadet', 'Pauillac', 'WineTaste', 'ItalianWine', 'WineColor', 'StEmilion', 'Bordeaux']<|eot_id|><|start_header_id|>user<|end_header_id|>

CongressSprings<|eot_id|><|start_header_id|>assistant<|end_header_id|>

1. Wine
2. Region
3. Winery
4. PotableLiquid<|eot_id|>
2024-10-30 19:04:03,073 [INFO] root predict:predict 29:: <|begin_of_text|><|begin_of_text|><|start_header_id|>system<|end_header_id|>

You are a helpful assistant that responds with a ranked list of classes that a user input belongs to. Generate a list of the top 4 most likely classes. Do not generate a list of less than 4 classes. Do not provide any other information other than the list.
Create the ranked list considering only the provided classes
---
Classes: ['Margaux', 'PinotNoir', 'SauvignonBlanc', 'Semillon', 'VintageYear', 'Beaujolais', 'WineFlavor', 'Zinfandel', 'DessertWine', 'CotesDOr', 'Sancerre', 'Merlot', 'WineSugar', 'Grape', 'Winery', 'WhiteWine', 'CabernetFranc', 'WhiteBurgundy', 'Sauternes', 'Region', 'WineGrape', 'LateHarvest', 'CheninBlanc', 'PotableLiquid', 'Port', 'CabernetSauvignon', 'PetiteSyrah', 'Anjou', 'Riesling', 'RedTableWine', 'Chianti', 'Wine', 'SweetRiesling', 'Meritage', 'Meursault', 'Chardonnay', 'RedWine', 'WineBody', 'DryRiesling', 'WineDescriptor', 'IceWine', 'Muscadet', 'Pauillac', 'WineTaste', 'ItalianWine', 'WineColor', 'StEmilion', 'Bordeaux']<|eot_id|><|start_header_id|>user<|end_header_id|>

CongressSpringsSemillon<|eot_id|><|start_header_id|>assistant<|end_header_id|>

1. Semillon
2. Wine
3. WhiteWine
4. WineGrape<|eot_id|>
2024-10-30 19:04:05,269 [INFO] root predict:predict 29:: <|begin_of_text|><|begin_of_text|><|start_header_id|>system<|end_header_id|>

You are a helpful assistant that responds with a ranked list of classes that a user input belongs to. Generate a list of the top 4 most likely classes. Do not generate a list of less than 4 classes. Do not provide any other information other than the list.
Create the ranked list considering only the provided classes
---
Classes: ['Margaux', 'PinotNoir', 'SauvignonBlanc', 'Semillon', 'VintageYear', 'Beaujolais', 'WineFlavor', 'Zinfandel', 'DessertWine', 'CotesDOr', 'Sancerre', 'Merlot', 'WineSugar', 'Grape', 'Winery', 'WhiteWine', 'CabernetFranc', 'WhiteBurgundy', 'Sauternes', 'Region', 'WineGrape', 'LateHarvest', 'CheninBlanc', 'PotableLiquid', 'Port', 'CabernetSauvignon', 'PetiteSyrah', 'Anjou', 'Riesling', 'RedTableWine', 'Chianti', 'Wine', 'SweetRiesling', 'Meritage', 'Meursault', 'Chardonnay', 'RedWine', 'WineBody', 'DryRiesling', 'WineDescriptor', 'IceWine', 'Muscadet', 'Pauillac', 'WineTaste', 'ItalianWine', 'WineColor', 'StEmilion', 'Bordeaux']<|eot_id|><|start_header_id|>user<|end_header_id|>

Corbans<|eot_id|><|start_header_id|>assistant<|end_header_id|>

1. Meritage
2. Bordeaux
3. Pauillac
4. StEmilion<|eot_id|>
2024-10-30 19:04:07,619 [INFO] root predict:predict 29:: <|begin_of_text|><|begin_of_text|><|start_header_id|>system<|end_header_id|>

You are a helpful assistant that responds with a ranked list of classes that a user input belongs to. Generate a list of the top 4 most likely classes. Do not generate a list of less than 4 classes. Do not provide any other information other than the list.
Create the ranked list considering only the provided classes
---
Classes: ['Margaux', 'PinotNoir', 'SauvignonBlanc', 'Semillon', 'VintageYear', 'Beaujolais', 'WineFlavor', 'Zinfandel', 'DessertWine', 'CotesDOr', 'Sancerre', 'Merlot', 'WineSugar', 'Grape', 'Winery', 'WhiteWine', 'CabernetFranc', 'WhiteBurgundy', 'Sauternes', 'Region', 'WineGrape', 'LateHarvest', 'CheninBlanc', 'PotableLiquid', 'Port', 'CabernetSauvignon', 'PetiteSyrah', 'Anjou', 'Riesling', 'RedTableWine', 'Chianti', 'Wine', 'SweetRiesling', 'Meritage', 'Meursault', 'Chardonnay', 'RedWine', 'WineBody', 'DryRiesling', 'WineDescriptor', 'IceWine', 'Muscadet', 'Pauillac', 'WineTaste', 'ItalianWine', 'WineColor', 'StEmilion', 'Bordeaux']<|eot_id|><|start_header_id|>user<|end_header_id|>

CorbansDryWhiteRiesling<|eot_id|><|start_header_id|>assistant<|end_header_id|>

1. WhiteWine
2. Riesling
3. DryRiesling
4. Wine<|eot_id|>
2024-10-30 19:04:09,973 [INFO] root predict:predict 29:: <|begin_of_text|><|begin_of_text|><|start_header_id|>system<|end_header_id|>

You are a helpful assistant that responds with a ranked list of classes that a user input belongs to. Generate a list of the top 4 most likely classes. Do not generate a list of less than 4 classes. Do not provide any other information other than the list.
Create the ranked list considering only the provided classes
---
Classes: ['Margaux', 'PinotNoir', 'SauvignonBlanc', 'Semillon', 'VintageYear', 'Beaujolais', 'WineFlavor', 'Zinfandel', 'DessertWine', 'CotesDOr', 'Sancerre', 'Merlot', 'WineSugar', 'Grape', 'Winery', 'WhiteWine', 'CabernetFranc', 'WhiteBurgundy', 'Sauternes', 'Region', 'WineGrape', 'LateHarvest', 'CheninBlanc', 'PotableLiquid', 'Port', 'CabernetSauvignon', 'PetiteSyrah', 'Anjou', 'Riesling', 'RedTableWine', 'Chianti', 'Wine', 'SweetRiesling', 'Meritage', 'Meursault', 'Chardonnay', 'RedWine', 'WineBody', 'DryRiesling', 'WineDescriptor', 'IceWine', 'Muscadet', 'Pauillac', 'WineTaste', 'ItalianWine', 'WineColor', 'StEmilion', 'Bordeaux']<|eot_id|><|start_header_id|>user<|end_header_id|>

CorbansPrivateBinSauvignonBlanc<|eot_id|><|start_header_id|>assistant<|end_header_id|>

1. WhiteWine
2. SauvignonBlanc
3. Wine
4. WineDescriptor<|eot_id|>
2024-10-30 19:04:12,466 [INFO] root predict:predict 29:: <|begin_of_text|><|begin_of_text|><|start_header_id|>system<|end_header_id|>

You are a helpful assistant that responds with a ranked list of classes that a user input belongs to. Generate a list of the top 4 most likely classes. Do not generate a list of less than 4 classes. Do not provide any other information other than the list.
Create the ranked list considering only the provided classes
---
Classes: ['Margaux', 'PinotNoir', 'SauvignonBlanc', 'Semillon', 'VintageYear', 'Beaujolais', 'WineFlavor', 'Zinfandel', 'DessertWine', 'CotesDOr', 'Sancerre', 'Merlot', 'WineSugar', 'Grape', 'Winery', 'WhiteWine', 'CabernetFranc', 'WhiteBurgundy', 'Sauternes', 'Region', 'WineGrape', 'LateHarvest', 'CheninBlanc', 'PotableLiquid', 'Port', 'CabernetSauvignon', 'PetiteSyrah', 'Anjou', 'Riesling', 'RedTableWine', 'Chianti', 'Wine', 'SweetRiesling', 'Meritage', 'Meursault', 'Chardonnay', 'RedWine', 'WineBody', 'DryRiesling', 'WineDescriptor', 'IceWine', 'Muscadet', 'Pauillac', 'WineTaste', 'ItalianWine', 'WineColor', 'StEmilion', 'Bordeaux']<|eot_id|><|start_header_id|>user<|end_header_id|>

CorbansSauvignonBlanc<|eot_id|><|start_header_id|>assistant<|end_header_id|>

1. WhiteWine
2. SauvignonBlanc
3. Wine
4. WhiteBurgundy<|eot_id|>
2024-10-30 19:04:14,889 [INFO] root predict:predict 29:: <|begin_of_text|><|begin_of_text|><|start_header_id|>system<|end_header_id|>

You are a helpful assistant that responds with a ranked list of classes that a user input belongs to. Generate a list of the top 4 most likely classes. Do not generate a list of less than 4 classes. Do not provide any other information other than the list.
Create the ranked list considering only the provided classes
---
Classes: ['Margaux', 'PinotNoir', 'SauvignonBlanc', 'Semillon', 'VintageYear', 'Beaujolais', 'WineFlavor', 'Zinfandel', 'DessertWine', 'CotesDOr', 'Sancerre', 'Merlot', 'WineSugar', 'Grape', 'Winery', 'WhiteWine', 'CabernetFranc', 'WhiteBurgundy', 'Sauternes', 'Region', 'WineGrape', 'LateHarvest', 'CheninBlanc', 'PotableLiquid', 'Port', 'CabernetSauvignon', 'PetiteSyrah', 'Anjou', 'Riesling', 'RedTableWine', 'Chianti', 'Wine', 'SweetRiesling', 'Meritage', 'Meursault', 'Chardonnay', 'RedWine', 'WineBody', 'DryRiesling', 'WineDescriptor', 'IceWine', 'Muscadet', 'Pauillac', 'WineTaste', 'ItalianWine', 'WineColor', 'StEmilion', 'Bordeaux']<|eot_id|><|start_header_id|>user<|end_header_id|>

CortonMontrachet<|eot_id|><|start_header_id|>assistant<|end_header_id|>

1. WhiteBurgundy
2. CotesDOr
3. RedWine
4. Wine<|eot_id|>
2024-10-30 19:04:17,162 [INFO] root predict:predict 29:: <|begin_of_text|><|begin_of_text|><|start_header_id|>system<|end_header_id|>

You are a helpful assistant that responds with a ranked list of classes that a user input belongs to. Generate a list of the top 4 most likely classes. Do not generate a list of less than 4 classes. Do not provide any other information other than the list.
Create the ranked list considering only the provided classes
---
Classes: ['Margaux', 'PinotNoir', 'SauvignonBlanc', 'Semillon', 'VintageYear', 'Beaujolais', 'WineFlavor', 'Zinfandel', 'DessertWine', 'CotesDOr', 'Sancerre', 'Merlot', 'WineSugar', 'Grape', 'Winery', 'WhiteWine', 'CabernetFranc', 'WhiteBurgundy', 'Sauternes', 'Region', 'WineGrape', 'LateHarvest', 'CheninBlanc', 'PotableLiquid', 'Port', 'CabernetSauvignon', 'PetiteSyrah', 'Anjou', 'Riesling', 'RedTableWine', 'Chianti', 'Wine', 'SweetRiesling', 'Meritage', 'Meursault', 'Chardonnay', 'RedWine', 'WineBody', 'DryRiesling', 'WineDescriptor', 'IceWine', 'Muscadet', 'Pauillac', 'WineTaste', 'ItalianWine', 'WineColor', 'StEmilion', 'Bordeaux']<|eot_id|><|start_header_id|>user<|end_header_id|>

CortonMontrachetWhiteBurgundy<|eot_id|><|start_header_id|>assistant<|end_header_id|>

1. WhiteBurgundy
2. Wine
3. WhiteWine
4. Burgundy<|eot_id|>
2024-10-30 19:04:19,287 [INFO] root predict:predict 29:: <|begin_of_text|><|begin_of_text|><|start_header_id|>system<|end_header_id|>

You are a helpful assistant that responds with a ranked list of classes that a user input belongs to. Generate a list of the top 4 most likely classes. Do not generate a list of less than 4 classes. Do not provide any other information other than the list.
Create the ranked list considering only the provided classes
---
Classes: ['Margaux', 'PinotNoir', 'SauvignonBlanc', 'Semillon', 'VintageYear', 'Beaujolais', 'WineFlavor', 'Zinfandel', 'DessertWine', 'CotesDOr', 'Sancerre', 'Merlot', 'WineSugar', 'Grape', 'Winery', 'WhiteWine', 'CabernetFranc', 'WhiteBurgundy', 'Sauternes', 'Region', 'WineGrape', 'LateHarvest', 'CheninBlanc', 'PotableLiquid', 'Port', 'CabernetSauvignon', 'PetiteSyrah', 'Anjou', 'Riesling', 'RedTableWine', 'Chianti', 'Wine', 'SweetRiesling', 'Meritage', 'Meursault', 'Chardonnay', 'RedWine', 'WineBody', 'DryRiesling', 'WineDescriptor', 'IceWine', 'Muscadet', 'Pauillac', 'WineTaste', 'ItalianWine', 'WineColor', 'StEmilion', 'Bordeaux']<|eot_id|><|start_header_id|>user<|end_header_id|>

CotesDOrRegion<|eot_id|><|start_header_id|>assistant<|end_header_id|>

1. Region
2. Bordeaux
3. CotesDOr
4. Burgundy<|eot_id|>
2024-10-30 19:04:21,558 [INFO] root predict:predict 29:: <|begin_of_text|><|begin_of_text|><|start_header_id|>system<|end_header_id|>

You are a helpful assistant that responds with a ranked list of classes that a user input belongs to. Generate a list of the top 4 most likely classes. Do not generate a list of less than 4 classes. Do not provide any other information other than the list.
Create the ranked list considering only the provided classes
---
Classes: ['Margaux', 'PinotNoir', 'SauvignonBlanc', 'Semillon', 'VintageYear', 'Beaujolais', 'WineFlavor', 'Zinfandel', 'DessertWine', 'CotesDOr', 'Sancerre', 'Merlot', 'WineSugar', 'Grape', 'Winery', 'WhiteWine', 'CabernetFranc', 'WhiteBurgundy', 'Sauternes', 'Region', 'WineGrape', 'LateHarvest', 'CheninBlanc', 'PotableLiquid', 'Port', 'CabernetSauvignon', 'PetiteSyrah', 'Anjou', 'Riesling', 'RedTableWine', 'Chianti', 'Wine', 'SweetRiesling', 'Meritage', 'Meursault', 'Chardonnay', 'RedWine', 'WineBody', 'DryRiesling', 'WineDescriptor', 'IceWine', 'Muscadet', 'Pauillac', 'WineTaste', 'ItalianWine', 'WineColor', 'StEmilion', 'Bordeaux']<|eot_id|><|start_header_id|>user<|end_header_id|>

Cotturi<|eot_id|><|start_header_id|>assistant<|end_header_id|>

1. CotesDOr
2. Cotes
3. Bordeaux
4. StEmilion<|eot_id|>
2024-10-30 19:04:23,911 [INFO] root predict:predict 29:: <|begin_of_text|><|begin_of_text|><|start_header_id|>system<|end_header_id|>

You are a helpful assistant that responds with a ranked list of classes that a user input belongs to. Generate a list of the top 4 most likely classes. Do not generate a list of less than 4 classes. Do not provide any other information other than the list.
Create the ranked list considering only the provided classes
---
Classes: ['Margaux', 'PinotNoir', 'SauvignonBlanc', 'Semillon', 'VintageYear', 'Beaujolais', 'WineFlavor', 'Zinfandel', 'DessertWine', 'CotesDOr', 'Sancerre', 'Merlot', 'WineSugar', 'Grape', 'Winery', 'WhiteWine', 'CabernetFranc', 'WhiteBurgundy', 'Sauternes', 'Region', 'WineGrape', 'LateHarvest', 'CheninBlanc', 'PotableLiquid', 'Port', 'CabernetSauvignon', 'PetiteSyrah', 'Anjou', 'Riesling', 'RedTableWine', 'Chianti', 'Wine', 'SweetRiesling', 'Meritage', 'Meursault', 'Chardonnay', 'RedWine', 'WineBody', 'DryRiesling', 'WineDescriptor', 'IceWine', 'Muscadet', 'Pauillac', 'WineTaste', 'ItalianWine', 'WineColor', 'StEmilion', 'Bordeaux']<|eot_id|><|start_header_id|>user<|end_header_id|>

CotturiZinfandel<|eot_id|><|start_header_id|>assistant<|end_header_id|>

1. Zinfandel
2. RedWine
3. Wine
4. RedTableWine<|eot_id|>
2024-10-30 19:04:26,329 [INFO] root predict:predict 29:: <|begin_of_text|><|begin_of_text|><|start_header_id|>system<|end_header_id|>

You are a helpful assistant that responds with a ranked list of classes that a user input belongs to. Generate a list of the top 4 most likely classes. Do not generate a list of less than 4 classes. Do not provide any other information other than the list.
Create the ranked list considering only the provided classes
---
Classes: ['Margaux', 'PinotNoir', 'SauvignonBlanc', 'Semillon', 'VintageYear', 'Beaujolais', 'WineFlavor', 'Zinfandel', 'DessertWine', 'CotesDOr', 'Sancerre', 'Merlot', 'WineSugar', 'Grape', 'Winery', 'WhiteWine', 'CabernetFranc', 'WhiteBurgundy', 'Sauternes', 'Region', 'WineGrape', 'LateHarvest', 'CheninBlanc', 'PotableLiquid', 'Port', 'CabernetSauvignon', 'PetiteSyrah', 'Anjou', 'Riesling', 'RedTableWine', 'Chianti', 'Wine', 'SweetRiesling', 'Meritage', 'Meursault', 'Chardonnay', 'RedWine', 'WineBody', 'DryRiesling', 'WineDescriptor', 'IceWine', 'Muscadet', 'Pauillac', 'WineTaste', 'ItalianWine', 'WineColor', 'StEmilion', 'Bordeaux']<|eot_id|><|start_header_id|>user<|end_header_id|>

DAnjou<|eot_id|><|start_header_id|>assistant<|end_header_id|>

1. Anjou
2. Beaujolais
3. CotesDOr
4. Bordeaux<|eot_id|>
2024-10-30 19:04:28,746 [INFO] root predict:predict 29:: <|begin_of_text|><|begin_of_text|><|start_header_id|>system<|end_header_id|>

You are a helpful assistant that responds with a ranked list of classes that a user input belongs to. Generate a list of the top 4 most likely classes. Do not generate a list of less than 4 classes. Do not provide any other information other than the list.
Create the ranked list considering only the provided classes
---
Classes: ['Margaux', 'PinotNoir', 'SauvignonBlanc', 'Semillon', 'VintageYear', 'Beaujolais', 'WineFlavor', 'Zinfandel', 'DessertWine', 'CotesDOr', 'Sancerre', 'Merlot', 'WineSugar', 'Grape', 'Winery', 'WhiteWine', 'CabernetFranc', 'WhiteBurgundy', 'Sauternes', 'Region', 'WineGrape', 'LateHarvest', 'CheninBlanc', 'PotableLiquid', 'Port', 'CabernetSauvignon', 'PetiteSyrah', 'Anjou', 'Riesling', 'RedTableWine', 'Chianti', 'Wine', 'SweetRiesling', 'Meritage', 'Meursault', 'Chardonnay', 'RedWine', 'WineBody', 'DryRiesling', 'WineDescriptor', 'IceWine', 'Muscadet', 'Pauillac', 'WineTaste', 'ItalianWine', 'WineColor', 'StEmilion', 'Bordeaux']<|eot_id|><|start_header_id|>user<|end_header_id|>

Delicate<|eot_id|><|start_header_id|>assistant<|end_header_id|>

1. Wine
2. WhiteWine
3. DessertWine
4. SweetRiesling<|eot_id|>
2024-10-30 19:04:31,013 [INFO] root predict:predict 29:: <|begin_of_text|><|begin_of_text|><|start_header_id|>system<|end_header_id|>

You are a helpful assistant that responds with a ranked list of classes that a user input belongs to. Generate a list of the top 4 most likely classes. Do not generate a list of less than 4 classes. Do not provide any other information other than the list.
Create the ranked list considering only the provided classes
---
Classes: ['Margaux', 'PinotNoir', 'SauvignonBlanc', 'Semillon', 'VintageYear', 'Beaujolais', 'WineFlavor', 'Zinfandel', 'DessertWine', 'CotesDOr', 'Sancerre', 'Merlot', 'WineSugar', 'Grape', 'Winery', 'WhiteWine', 'CabernetFranc', 'WhiteBurgundy', 'Sauternes', 'Region', 'WineGrape', 'LateHarvest', 'CheninBlanc', 'PotableLiquid', 'Port', 'CabernetSauvignon', 'PetiteSyrah', 'Anjou', 'Riesling', 'RedTableWine', 'Chianti', 'Wine', 'SweetRiesling', 'Meritage', 'Meursault', 'Chardonnay', 'RedWine', 'WineBody', 'DryRiesling', 'WineDescriptor', 'IceWine', 'Muscadet', 'Pauillac', 'WineTaste', 'ItalianWine', 'WineColor', 'StEmilion', 'Bordeaux']<|eot_id|><|start_header_id|>user<|end_header_id|>

Dry<|eot_id|><|start_header_id|>assistant<|end_header_id|>

1. WineBody
2. Wine
3. RedWine
4. DryRiesling<|eot_id|>
2024-10-30 19:04:33,144 [INFO] root predict:predict 29:: <|begin_of_text|><|begin_of_text|><|start_header_id|>system<|end_header_id|>

You are a helpful assistant that responds with a ranked list of classes that a user input belongs to. Generate a list of the top 4 most likely classes. Do not generate a list of less than 4 classes. Do not provide any other information other than the list.
Create the ranked list considering only the provided classes
---
Classes: ['Margaux', 'PinotNoir', 'SauvignonBlanc', 'Semillon', 'VintageYear', 'Beaujolais', 'WineFlavor', 'Zinfandel', 'DessertWine', 'CotesDOr', 'Sancerre', 'Merlot', 'WineSugar', 'Grape', 'Winery', 'WhiteWine', 'CabernetFranc', 'WhiteBurgundy', 'Sauternes', 'Region', 'WineGrape', 'LateHarvest', 'CheninBlanc', 'PotableLiquid', 'Port', 'CabernetSauvignon', 'PetiteSyrah', 'Anjou', 'Riesling', 'RedTableWine', 'Chianti', 'Wine', 'SweetRiesling', 'Meritage', 'Meursault', 'Chardonnay', 'RedWine', 'WineBody', 'DryRiesling', 'WineDescriptor', 'IceWine', 'Muscadet', 'Pauillac', 'WineTaste', 'ItalianWine', 'WineColor', 'StEmilion', 'Bordeaux']<|eot_id|><|start_header_id|>user<|end_header_id|>

EdnaValleyRegion<|eot_id|><|start_header_id|>assistant<|end_header_id|>

1. Region
2. WineRegion
3. EdnaValley
4. Bordeaux<|eot_id|>
2024-10-30 19:04:35,265 [INFO] root predict:predict 29:: <|begin_of_text|><|begin_of_text|><|start_header_id|>system<|end_header_id|>

You are a helpful assistant that responds with a ranked list of classes that a user input belongs to. Generate a list of the top 4 most likely classes. Do not generate a list of less than 4 classes. Do not provide any other information other than the list.
Create the ranked list considering only the provided classes
---
Classes: ['Margaux', 'PinotNoir', 'SauvignonBlanc', 'Semillon', 'VintageYear', 'Beaujolais', 'WineFlavor', 'Zinfandel', 'DessertWine', 'CotesDOr', 'Sancerre', 'Merlot', 'WineSugar', 'Grape', 'Winery', 'WhiteWine', 'CabernetFranc', 'WhiteBurgundy', 'Sauternes', 'Region', 'WineGrape', 'LateHarvest', 'CheninBlanc', 'PotableLiquid', 'Port', 'CabernetSauvignon', 'PetiteSyrah', 'Anjou', 'Riesling', 'RedTableWine', 'Chianti', 'Wine', 'SweetRiesling', 'Meritage', 'Meursault', 'Chardonnay', 'RedWine', 'WineBody', 'DryRiesling', 'WineDescriptor', 'IceWine', 'Muscadet', 'Pauillac', 'WineTaste', 'ItalianWine', 'WineColor', 'StEmilion', 'Bordeaux']<|eot_id|><|start_header_id|>user<|end_header_id|>

Elyse<|eot_id|><|start_header_id|>assistant<|end_header_id|>

1. Margaux
2. Merlot
3. Bordeaux
4. Pauillac<|eot_id|>
2024-10-30 19:04:37,532 [INFO] root predict:predict 29:: <|begin_of_text|><|begin_of_text|><|start_header_id|>system<|end_header_id|>

You are a helpful assistant that responds with a ranked list of classes that a user input belongs to. Generate a list of the top 4 most likely classes. Do not generate a list of less than 4 classes. Do not provide any other information other than the list.
Create the ranked list considering only the provided classes
---
Classes: ['Margaux', 'PinotNoir', 'SauvignonBlanc', 'Semillon', 'VintageYear', 'Beaujolais', 'WineFlavor', 'Zinfandel', 'DessertWine', 'CotesDOr', 'Sancerre', 'Merlot', 'WineSugar', 'Grape', 'Winery', 'WhiteWine', 'CabernetFranc', 'WhiteBurgundy', 'Sauternes', 'Region', 'WineGrape', 'LateHarvest', 'CheninBlanc', 'PotableLiquid', 'Port', 'CabernetSauvignon', 'PetiteSyrah', 'Anjou', 'Riesling', 'RedTableWine', 'Chianti', 'Wine', 'SweetRiesling', 'Meritage', 'Meursault', 'Chardonnay', 'RedWine', 'WineBody', 'DryRiesling', 'WineDescriptor', 'IceWine', 'Muscadet', 'Pauillac', 'WineTaste', 'ItalianWine', 'WineColor', 'StEmilion', 'Bordeaux']<|eot_id|><|start_header_id|>user<|end_header_id|>

ElyseZinfandel<|eot_id|><|start_header_id|>assistant<|end_header_id|>

1. Zinfandel
2. Wine
3. RedWine
4. WineGrape<|eot_id|>
2024-10-30 19:04:39,659 [INFO] root predict:predict 29:: <|begin_of_text|><|begin_of_text|><|start_header_id|>system<|end_header_id|>

You are a helpful assistant that responds with a ranked list of classes that a user input belongs to. Generate a list of the top 4 most likely classes. Do not generate a list of less than 4 classes. Do not provide any other information other than the list.
Create the ranked list considering only the provided classes
---
Classes: ['Margaux', 'PinotNoir', 'SauvignonBlanc', 'Semillon', 'VintageYear', 'Beaujolais', 'WineFlavor', 'Zinfandel', 'DessertWine', 'CotesDOr', 'Sancerre', 'Merlot', 'WineSugar', 'Grape', 'Winery', 'WhiteWine', 'CabernetFranc', 'WhiteBurgundy', 'Sauternes', 'Region', 'WineGrape', 'LateHarvest', 'CheninBlanc', 'PotableLiquid', 'Port', 'CabernetSauvignon', 'PetiteSyrah', 'Anjou', 'Riesling', 'RedTableWine', 'Chianti', 'Wine', 'SweetRiesling', 'Meritage', 'Meursault', 'Chardonnay', 'RedWine', 'WineBody', 'DryRiesling', 'WineDescriptor', 'IceWine', 'Muscadet', 'Pauillac', 'WineTaste', 'ItalianWine', 'WineColor', 'StEmilion', 'Bordeaux']<|eot_id|><|start_header_id|>user<|end_header_id|>

Forman<|eot_id|><|start_header_id|>assistant<|end_header_id|>

1. Wine
2. Bordeaux
3. Pauillac
4. StEmilion<|eot_id|>
2024-10-30 19:04:41,930 [INFO] root predict:predict 29:: <|begin_of_text|><|begin_of_text|><|start_header_id|>system<|end_header_id|>

You are a helpful assistant that responds with a ranked list of classes that a user input belongs to. Generate a list of the top 4 most likely classes. Do not generate a list of less than 4 classes. Do not provide any other information other than the list.
Create the ranked list considering only the provided classes
---
Classes: ['Margaux', 'PinotNoir', 'SauvignonBlanc', 'Semillon', 'VintageYear', 'Beaujolais', 'WineFlavor', 'Zinfandel', 'DessertWine', 'CotesDOr', 'Sancerre', 'Merlot', 'WineSugar', 'Grape', 'Winery', 'WhiteWine', 'CabernetFranc', 'WhiteBurgundy', 'Sauternes', 'Region', 'WineGrape', 'LateHarvest', 'CheninBlanc', 'PotableLiquid', 'Port', 'CabernetSauvignon', 'PetiteSyrah', 'Anjou', 'Riesling', 'RedTableWine', 'Chianti', 'Wine', 'SweetRiesling', 'Meritage', 'Meursault', 'Chardonnay', 'RedWine', 'WineBody', 'DryRiesling', 'WineDescriptor', 'IceWine', 'Muscadet', 'Pauillac', 'WineTaste', 'ItalianWine', 'WineColor', 'StEmilion', 'Bordeaux']<|eot_id|><|start_header_id|>user<|end_header_id|>

FormanCabernetSauvignon<|eot_id|><|start_header_id|>assistant<|end_header_id|>

1. CabernetSauvignon
2. Bordeaux
3. RedWine
4. Wine<|eot_id|>
2024-10-30 19:04:44,357 [INFO] root predict:predict 29:: <|begin_of_text|><|begin_of_text|><|start_header_id|>system<|end_header_id|>

You are a helpful assistant that responds with a ranked list of classes that a user input belongs to. Generate a list of the top 4 most likely classes. Do not generate a list of less than 4 classes. Do not provide any other information other than the list.
Create the ranked list considering only the provided classes
---
Classes: ['Margaux', 'PinotNoir', 'SauvignonBlanc', 'Semillon', 'VintageYear', 'Beaujolais', 'WineFlavor', 'Zinfandel', 'DessertWine', 'CotesDOr', 'Sancerre', 'Merlot', 'WineSugar', 'Grape', 'Winery', 'WhiteWine', 'CabernetFranc', 'WhiteBurgundy', 'Sauternes', 'Region', 'WineGrape', 'LateHarvest', 'CheninBlanc', 'PotableLiquid', 'Port', 'CabernetSauvignon', 'PetiteSyrah', 'Anjou', 'Riesling', 'RedTableWine', 'Chianti', 'Wine', 'SweetRiesling', 'Meritage', 'Meursault', 'Chardonnay', 'RedWine', 'WineBody', 'DryRiesling', 'WineDescriptor', 'IceWine', 'Muscadet', 'Pauillac', 'WineTaste', 'ItalianWine', 'WineColor', 'StEmilion', 'Bordeaux']<|eot_id|><|start_header_id|>user<|end_header_id|>

FormanChardonnay<|eot_id|><|start_header_id|>assistant<|end_header_id|>

1. Chardonnay
2. WhiteWine
3. Wine
4. WhiteBurgundy<|eot_id|>
2024-10-30 19:04:46,403 [INFO] root predict:predict 29:: <|begin_of_text|><|begin_of_text|><|start_header_id|>system<|end_header_id|>

You are a helpful assistant that responds with a ranked list of classes that a user input belongs to. Generate a list of the top 4 most likely classes. Do not generate a list of less than 4 classes. Do not provide any other information other than the list.
Create the ranked list considering only the provided classes
---
Classes: ['Margaux', 'PinotNoir', 'SauvignonBlanc', 'Semillon', 'VintageYear', 'Beaujolais', 'WineFlavor', 'Zinfandel', 'DessertWine', 'CotesDOr', 'Sancerre', 'Merlot', 'WineSugar', 'Grape', 'Winery', 'WhiteWine', 'CabernetFranc', 'WhiteBurgundy', 'Sauternes', 'Region', 'WineGrape', 'LateHarvest', 'CheninBlanc', 'PotableLiquid', 'Port', 'CabernetSauvignon', 'PetiteSyrah', 'Anjou', 'Riesling', 'RedTableWine', 'Chianti', 'Wine', 'SweetRiesling', 'Meritage', 'Meursault', 'Chardonnay', 'RedWine', 'WineBody', 'DryRiesling', 'WineDescriptor', 'IceWine', 'Muscadet', 'Pauillac', 'WineTaste', 'ItalianWine', 'WineColor', 'StEmilion', 'Bordeaux']<|eot_id|><|start_header_id|>user<|end_header_id|>

Foxen<|eot_id|><|start_header_id|>assistant<|end_header_id|>

1. Wine
2. RedWine
3. Meritage
4. Bordeaux<|eot_id|>
2024-10-30 19:04:48,820 [INFO] root predict:predict 29:: <|begin_of_text|><|begin_of_text|><|start_header_id|>system<|end_header_id|>

You are a helpful assistant that responds with a ranked list of classes that a user input belongs to. Generate a list of the top 4 most likely classes. Do not generate a list of less than 4 classes. Do not provide any other information other than the list.
Create the ranked list considering only the provided classes
---
Classes: ['Margaux', 'PinotNoir', 'SauvignonBlanc', 'Semillon', 'VintageYear', 'Beaujolais', 'WineFlavor', 'Zinfandel', 'DessertWine', 'CotesDOr', 'Sancerre', 'Merlot', 'WineSugar', 'Grape', 'Winery', 'WhiteWine', 'CabernetFranc', 'WhiteBurgundy', 'Sauternes', 'Region', 'WineGrape', 'LateHarvest', 'CheninBlanc', 'PotableLiquid', 'Port', 'CabernetSauvignon', 'PetiteSyrah', 'Anjou', 'Riesling', 'RedTableWine', 'Chianti', 'Wine', 'SweetRiesling', 'Meritage', 'Meursault', 'Chardonnay', 'RedWine', 'WineBody', 'DryRiesling', 'WineDescriptor', 'IceWine', 'Muscadet', 'Pauillac', 'WineTaste', 'ItalianWine', 'WineColor', 'StEmilion', 'Bordeaux']<|eot_id|><|start_header_id|>user<|end_header_id|>

FoxenCheninBlanc<|eot_id|><|start_header_id|>assistant<|end_header_id|>

1. CheninBlanc
2. WhiteWine
3. Wine
4. SweetRiesling<|eot_id|>
2024-10-30 19:04:51,161 [INFO] root predict:predict 29:: <|begin_of_text|><|begin_of_text|><|start_header_id|>system<|end_header_id|>

You are a helpful assistant that responds with a ranked list of classes that a user input belongs to. Generate a list of the top 4 most likely classes. Do not generate a list of less than 4 classes. Do not provide any other information other than the list.
Create the ranked list considering only the provided classes
---
Classes: ['Margaux', 'PinotNoir', 'SauvignonBlanc', 'Semillon', 'VintageYear', 'Beaujolais', 'WineFlavor', 'Zinfandel', 'DessertWine', 'CotesDOr', 'Sancerre', 'Merlot', 'WineSugar', 'Grape', 'Winery', 'WhiteWine', 'CabernetFranc', 'WhiteBurgundy', 'Sauternes', 'Region', 'WineGrape', 'LateHarvest', 'CheninBlanc', 'PotableLiquid', 'Port', 'CabernetSauvignon', 'PetiteSyrah', 'Anjou', 'Riesling', 'RedTableWine', 'Chianti', 'Wine', 'SweetRiesling', 'Meritage', 'Meursault', 'Chardonnay', 'RedWine', 'WineBody', 'DryRiesling', 'WineDescriptor', 'IceWine', 'Muscadet', 'Pauillac', 'WineTaste', 'ItalianWine', 'WineColor', 'StEmilion', 'Bordeaux']<|eot_id|><|start_header_id|>user<|end_header_id|>

FrenchRegion<|eot_id|><|start_header_id|>assistant<|end_header_id|>

1. Bordeaux
2. CotesDOr
3. Pauillac
4. StEmilion<|eot_id|>
2024-10-30 19:04:53,500 [INFO] root predict:predict 29:: <|begin_of_text|><|begin_of_text|><|start_header_id|>system<|end_header_id|>

You are a helpful assistant that responds with a ranked list of classes that a user input belongs to. Generate a list of the top 4 most likely classes. Do not generate a list of less than 4 classes. Do not provide any other information other than the list.
Create the ranked list considering only the provided classes
---
Classes: ['Margaux', 'PinotNoir', 'SauvignonBlanc', 'Semillon', 'VintageYear', 'Beaujolais', 'WineFlavor', 'Zinfandel', 'DessertWine', 'CotesDOr', 'Sancerre', 'Merlot', 'WineSugar', 'Grape', 'Winery', 'WhiteWine', 'CabernetFranc', 'WhiteBurgundy', 'Sauternes', 'Region', 'WineGrape', 'LateHarvest', 'CheninBlanc', 'PotableLiquid', 'Port', 'CabernetSauvignon', 'PetiteSyrah', 'Anjou', 'Riesling', 'RedTableWine', 'Chianti', 'Wine', 'SweetRiesling', 'Meritage', 'Meursault', 'Chardonnay', 'RedWine', 'WineBody', 'DryRiesling', 'WineDescriptor', 'IceWine', 'Muscadet', 'Pauillac', 'WineTaste', 'ItalianWine', 'WineColor', 'StEmilion', 'Bordeaux']<|eot_id|><|start_header_id|>user<|end_header_id|>

Full<|eot_id|><|start_header_id|>assistant<|end_header_id|>

1. Wine
2. RedWine
3. WhiteWine
4. DessertWine<|eot_id|>
2024-10-30 19:04:55,690 [INFO] root predict:predict 29:: <|begin_of_text|><|begin_of_text|><|start_header_id|>system<|end_header_id|>

You are a helpful assistant that responds with a ranked list of classes that a user input belongs to. Generate a list of the top 4 most likely classes. Do not generate a list of less than 4 classes. Do not provide any other information other than the list.
Create the ranked list considering only the provided classes
---
Classes: ['Margaux', 'PinotNoir', 'SauvignonBlanc', 'Semillon', 'VintageYear', 'Beaujolais', 'WineFlavor', 'Zinfandel', 'DessertWine', 'CotesDOr', 'Sancerre', 'Merlot', 'WineSugar', 'Grape', 'Winery', 'WhiteWine', 'CabernetFranc', 'WhiteBurgundy', 'Sauternes', 'Region', 'WineGrape', 'LateHarvest', 'CheninBlanc', 'PotableLiquid', 'Port', 'CabernetSauvignon', 'PetiteSyrah', 'Anjou', 'Riesling', 'RedTableWine', 'Chianti', 'Wine', 'SweetRiesling', 'Meritage', 'Meursault', 'Chardonnay', 'RedWine', 'WineBody', 'DryRiesling', 'WineDescriptor', 'IceWine', 'Muscadet', 'Pauillac', 'WineTaste', 'ItalianWine', 'WineColor', 'StEmilion', 'Bordeaux']<|eot_id|><|start_header_id|>user<|end_header_id|>

GamayGrape<|eot_id|><|start_header_id|>assistant<|end_header_id|>

1. GamayGrape
2. RedWine
3. Grape
4. Wine<|eot_id|>
2024-10-30 19:04:57,814 [INFO] root predict:predict 29:: <|begin_of_text|><|begin_of_text|><|start_header_id|>system<|end_header_id|>

You are a helpful assistant that responds with a ranked list of classes that a user input belongs to. Generate a list of the top 4 most likely classes. Do not generate a list of less than 4 classes. Do not provide any other information other than the list.
Create the ranked list considering only the provided classes
---
Classes: ['Margaux', 'PinotNoir', 'SauvignonBlanc', 'Semillon', 'VintageYear', 'Beaujolais', 'WineFlavor', 'Zinfandel', 'DessertWine', 'CotesDOr', 'Sancerre', 'Merlot', 'WineSugar', 'Grape', 'Winery', 'WhiteWine', 'CabernetFranc', 'WhiteBurgundy', 'Sauternes', 'Region', 'WineGrape', 'LateHarvest', 'CheninBlanc', 'PotableLiquid', 'Port', 'CabernetSauvignon', 'PetiteSyrah', 'Anjou', 'Riesling', 'RedTableWine', 'Chianti', 'Wine', 'SweetRiesling', 'Meritage', 'Meursault', 'Chardonnay', 'RedWine', 'WineBody', 'DryRiesling', 'WineDescriptor', 'IceWine', 'Muscadet', 'Pauillac', 'WineTaste', 'ItalianWine', 'WineColor', 'StEmilion', 'Bordeaux']<|eot_id|><|start_header_id|>user<|end_header_id|>

GaryFarrell<|eot_id|><|start_header_id|>assistant<|end_header_id|>

1. Wine
2. Winery
3. WineDescriptor
4. PotableLiquid<|eot_id|>
2024-10-30 19:05:00,533 [INFO] root predict:predict 29:: <|begin_of_text|><|begin_of_text|><|start_header_id|>system<|end_header_id|>

You are a helpful assistant that responds with a ranked list of classes that a user input belongs to. Generate a list of the top 4 most likely classes. Do not generate a list of less than 4 classes. Do not provide any other information other than the list.
Create the ranked list considering only the provided classes
---
Classes: ['Margaux', 'PinotNoir', 'SauvignonBlanc', 'Semillon', 'VintageYear', 'Beaujolais', 'WineFlavor', 'Zinfandel', 'DessertWine', 'CotesDOr', 'Sancerre', 'Merlot', 'WineSugar', 'Grape', 'Winery', 'WhiteWine', 'CabernetFranc', 'WhiteBurgundy', 'Sauternes', 'Region', 'WineGrape', 'LateHarvest', 'CheninBlanc', 'PotableLiquid', 'Port', 'CabernetSauvignon', 'PetiteSyrah', 'Anjou', 'Riesling', 'RedTableWine', 'Chianti', 'Wine', 'SweetRiesling', 'Meritage', 'Meursault', 'Chardonnay', 'RedWine', 'WineBody', 'DryRiesling', 'WineDescriptor', 'IceWine', 'Muscadet', 'Pauillac', 'WineTaste', 'ItalianWine', 'WineColor', 'StEmilion', 'Bordeaux']<|eot_id|><|start_header_id|>user<|end_header_id|>

GaryFarrellMerlot<|eot_id|><|start_header_id|>assistant<|end_header_id|>

Here is the ranked list of classes:

1. Merlot
2. Wine
3. RedWine
4. Meritage<|eot_id|>
2024-10-30 19:05:02,652 [INFO] root predict:predict 29:: <|begin_of_text|><|begin_of_text|><|start_header_id|>system<|end_header_id|>

You are a helpful assistant that responds with a ranked list of classes that a user input belongs to. Generate a list of the top 4 most likely classes. Do not generate a list of less than 4 classes. Do not provide any other information other than the list.
Create the ranked list considering only the provided classes
---
Classes: ['Margaux', 'PinotNoir', 'SauvignonBlanc', 'Semillon', 'VintageYear', 'Beaujolais', 'WineFlavor', 'Zinfandel', 'DessertWine', 'CotesDOr', 'Sancerre', 'Merlot', 'WineSugar', 'Grape', 'Winery', 'WhiteWine', 'CabernetFranc', 'WhiteBurgundy', 'Sauternes', 'Region', 'WineGrape', 'LateHarvest', 'CheninBlanc', 'PotableLiquid', 'Port', 'CabernetSauvignon', 'PetiteSyrah', 'Anjou', 'Riesling', 'RedTableWine', 'Chianti', 'Wine', 'SweetRiesling', 'Meritage', 'Meursault', 'Chardonnay', 'RedWine', 'WineBody', 'DryRiesling', 'WineDescriptor', 'IceWine', 'Muscadet', 'Pauillac', 'WineTaste', 'ItalianWine', 'WineColor', 'StEmilion', 'Bordeaux']<|eot_id|><|start_header_id|>user<|end_header_id|>

GermanyRegion<|eot_id|><|start_header_id|>assistant<|end_header_id|>

1. Region
2. Bordeaux
3. Pauillac
4. StEmilion<|eot_id|>
2024-10-30 19:05:04,625 [INFO] root predict:predict 29:: <|begin_of_text|><|begin_of_text|><|start_header_id|>system<|end_header_id|>

You are a helpful assistant that responds with a ranked list of classes that a user input belongs to. Generate a list of the top 4 most likely classes. Do not generate a list of less than 4 classes. Do not provide any other information other than the list.
Create the ranked list considering only the provided classes
---
Classes: ['Margaux', 'PinotNoir', 'SauvignonBlanc', 'Semillon', 'VintageYear', 'Beaujolais', 'WineFlavor', 'Zinfandel', 'DessertWine', 'CotesDOr', 'Sancerre', 'Merlot', 'WineSugar', 'Grape', 'Winery', 'WhiteWine', 'CabernetFranc', 'WhiteBurgundy', 'Sauternes', 'Region', 'WineGrape', 'LateHarvest', 'CheninBlanc', 'PotableLiquid', 'Port', 'CabernetSauvignon', 'PetiteSyrah', 'Anjou', 'Riesling', 'RedTableWine', 'Chianti', 'Wine', 'SweetRiesling', 'Meritage', 'Meursault', 'Chardonnay', 'RedWine', 'WineBody', 'DryRiesling', 'WineDescriptor', 'IceWine', 'Muscadet', 'Pauillac', 'WineTaste', 'ItalianWine', 'WineColor', 'StEmilion', 'Bordeaux']<|eot_id|><|start_header_id|>user<|end_header_id|>

Handley<|eot_id|><|start_header_id|>assistant<|end_header_id|>

1. Bordeaux
2. RedWine
3. Region
4. Wine<|eot_id|>
2024-10-30 19:05:07,933 [INFO] root predict:predict 29:: <|begin_of_text|><|begin_of_text|><|start_header_id|>system<|end_header_id|>

You are a helpful assistant that responds with a ranked list of classes that a user input belongs to. Generate a list of the top 4 most likely classes. Do not generate a list of less than 4 classes. Do not provide any other information other than the list.
Create the ranked list considering only the provided classes
---
Classes: ['Margaux', 'PinotNoir', 'SauvignonBlanc', 'Semillon', 'VintageYear', 'Beaujolais', 'WineFlavor', 'Zinfandel', 'DessertWine', 'CotesDOr', 'Sancerre', 'Merlot', 'WineSugar', 'Grape', 'Winery', 'WhiteWine', 'CabernetFranc', 'WhiteBurgundy', 'Sauternes', 'Region', 'WineGrape', 'LateHarvest', 'CheninBlanc', 'PotableLiquid', 'Port', 'CabernetSauvignon', 'PetiteSyrah', 'Anjou', 'Riesling', 'RedTableWine', 'Chianti', 'Wine', 'SweetRiesling', 'Meritage', 'Meursault', 'Chardonnay', 'RedWine', 'WineBody', 'DryRiesling', 'WineDescriptor', 'IceWine', 'Muscadet', 'Pauillac', 'WineTaste', 'ItalianWine', 'WineColor', 'StEmilion', 'Bordeaux']<|eot_id|><|start_header_id|>user<|end_header_id|>

ItalianRegion<|eot_id|><|start_header_id|>assistant<|end_header_id|>

Here is the ranked list of classes that "ItalianRegion" belongs to:

1. Region
2. Wine
3. RedTableWine
4. Chianti<|eot_id|>
2024-10-30 19:05:09,978 [INFO] root predict:predict 29:: <|begin_of_text|><|begin_of_text|><|start_header_id|>system<|end_header_id|>

You are a helpful assistant that responds with a ranked list of classes that a user input belongs to. Generate a list of the top 4 most likely classes. Do not generate a list of less than 4 classes. Do not provide any other information other than the list.
Create the ranked list considering only the provided classes
---
Classes: ['Margaux', 'PinotNoir', 'SauvignonBlanc', 'Semillon', 'VintageYear', 'Beaujolais', 'WineFlavor', 'Zinfandel', 'DessertWine', 'CotesDOr', 'Sancerre', 'Merlot', 'WineSugar', 'Grape', 'Winery', 'WhiteWine', 'CabernetFranc', 'WhiteBurgundy', 'Sauternes', 'Region', 'WineGrape', 'LateHarvest', 'CheninBlanc', 'PotableLiquid', 'Port', 'CabernetSauvignon', 'PetiteSyrah', 'Anjou', 'Riesling', 'RedTableWine', 'Chianti', 'Wine', 'SweetRiesling', 'Meritage', 'Meursault', 'Chardonnay', 'RedWine', 'WineBody', 'DryRiesling', 'WineDescriptor', 'IceWine', 'Muscadet', 'Pauillac', 'WineTaste', 'ItalianWine', 'WineColor', 'StEmilion', 'Bordeaux']<|eot_id|><|start_header_id|>user<|end_header_id|>

KalinCellars<|eot_id|><|start_header_id|>assistant<|end_header_id|>

1. Wine
2. Winery
3. WineGrape
4. Region<|eot_id|>
2024-10-30 19:05:12,026 [INFO] root predict:predict 29:: <|begin_of_text|><|begin_of_text|><|start_header_id|>system<|end_header_id|>

You are a helpful assistant that responds with a ranked list of classes that a user input belongs to. Generate a list of the top 4 most likely classes. Do not generate a list of less than 4 classes. Do not provide any other information other than the list.
Create the ranked list considering only the provided classes
---
Classes: ['Margaux', 'PinotNoir', 'SauvignonBlanc', 'Semillon', 'VintageYear', 'Beaujolais', 'WineFlavor', 'Zinfandel', 'DessertWine', 'CotesDOr', 'Sancerre', 'Merlot', 'WineSugar', 'Grape', 'Winery', 'WhiteWine', 'CabernetFranc', 'WhiteBurgundy', 'Sauternes', 'Region', 'WineGrape', 'LateHarvest', 'CheninBlanc', 'PotableLiquid', 'Port', 'CabernetSauvignon', 'PetiteSyrah', 'Anjou', 'Riesling', 'RedTableWine', 'Chianti', 'Wine', 'SweetRiesling', 'Meritage', 'Meursault', 'Chardonnay', 'RedWine', 'WineBody', 'DryRiesling', 'WineDescriptor', 'IceWine', 'Muscadet', 'Pauillac', 'WineTaste', 'ItalianWine', 'WineColor', 'StEmilion', 'Bordeaux']<|eot_id|><|start_header_id|>user<|end_header_id|>

KalinCellarsSemillon<|eot_id|><|start_header_id|>assistant<|end_header_id|>

1. Semillon
2. Wine
3. WhiteWine
4. Bordeaux<|eot_id|>
2024-10-30 19:05:14,152 [INFO] root predict:predict 29:: <|begin_of_text|><|begin_of_text|><|start_header_id|>system<|end_header_id|>

You are a helpful assistant that responds with a ranked list of classes that a user input belongs to. Generate a list of the top 4 most likely classes. Do not generate a list of less than 4 classes. Do not provide any other information other than the list.
Create the ranked list considering only the provided classes
---
Classes: ['Margaux', 'PinotNoir', 'SauvignonBlanc', 'Semillon', 'VintageYear', 'Beaujolais', 'WineFlavor', 'Zinfandel', 'DessertWine', 'CotesDOr', 'Sancerre', 'Merlot', 'WineSugar', 'Grape', 'Winery', 'WhiteWine', 'CabernetFranc', 'WhiteBurgundy', 'Sauternes', 'Region', 'WineGrape', 'LateHarvest', 'CheninBlanc', 'PotableLiquid', 'Port', 'CabernetSauvignon', 'PetiteSyrah', 'Anjou', 'Riesling', 'RedTableWine', 'Chianti', 'Wine', 'SweetRiesling', 'Meritage', 'Meursault', 'Chardonnay', 'RedWine', 'WineBody', 'DryRiesling', 'WineDescriptor', 'IceWine', 'Muscadet', 'Pauillac', 'WineTaste', 'ItalianWine', 'WineColor', 'StEmilion', 'Bordeaux']<|eot_id|><|start_header_id|>user<|end_header_id|>

KathrynKennedy<|eot_id|><|start_header_id|>assistant<|end_header_id|>

1. Margaux
2. Merlot
3. Bordeaux
4. Pauillac<|eot_id|>
2024-10-30 19:05:16,201 [INFO] root predict:predict 29:: <|begin_of_text|><|begin_of_text|><|start_header_id|>system<|end_header_id|>

You are a helpful assistant that responds with a ranked list of classes that a user input belongs to. Generate a list of the top 4 most likely classes. Do not generate a list of less than 4 classes. Do not provide any other information other than the list.
Create the ranked list considering only the provided classes
---
Classes: ['Margaux', 'PinotNoir', 'SauvignonBlanc', 'Semillon', 'VintageYear', 'Beaujolais', 'WineFlavor', 'Zinfandel', 'DessertWine', 'CotesDOr', 'Sancerre', 'Merlot', 'WineSugar', 'Grape', 'Winery', 'WhiteWine', 'CabernetFranc', 'WhiteBurgundy', 'Sauternes', 'Region', 'WineGrape', 'LateHarvest', 'CheninBlanc', 'PotableLiquid', 'Port', 'CabernetSauvignon', 'PetiteSyrah', 'Anjou', 'Riesling', 'RedTableWine', 'Chianti', 'Wine', 'SweetRiesling', 'Meritage', 'Meursault', 'Chardonnay', 'RedWine', 'WineBody', 'DryRiesling', 'WineDescriptor', 'IceWine', 'Muscadet', 'Pauillac', 'WineTaste', 'ItalianWine', 'WineColor', 'StEmilion', 'Bordeaux']<|eot_id|><|start_header_id|>user<|end_header_id|>

KathrynKennedyLateral<|eot_id|><|start_header_id|>assistant<|end_header_id|>

1. Wine
2. RedWine
3. Bordeaux
4. Meritage<|eot_id|>
2024-10-30 19:05:18,846 [INFO] root predict:predict 29:: <|begin_of_text|><|begin_of_text|><|start_header_id|>system<|end_header_id|>

You are a helpful assistant that responds with a ranked list of classes that a user input belongs to. Generate a list of the top 4 most likely classes. Do not generate a list of less than 4 classes. Do not provide any other information other than the list.
Create the ranked list considering only the provided classes
---
Classes: ['Margaux', 'PinotNoir', 'SauvignonBlanc', 'Semillon', 'VintageYear', 'Beaujolais', 'WineFlavor', 'Zinfandel', 'DessertWine', 'CotesDOr', 'Sancerre', 'Merlot', 'WineSugar', 'Grape', 'Winery', 'WhiteWine', 'CabernetFranc', 'WhiteBurgundy', 'Sauternes', 'Region', 'WineGrape', 'LateHarvest', 'CheninBlanc', 'PotableLiquid', 'Port', 'CabernetSauvignon', 'PetiteSyrah', 'Anjou', 'Riesling', 'RedTableWine', 'Chianti', 'Wine', 'SweetRiesling', 'Meritage', 'Meursault', 'Chardonnay', 'RedWine', 'WineBody', 'DryRiesling', 'WineDescriptor', 'IceWine', 'Muscadet', 'Pauillac', 'WineTaste', 'ItalianWine', 'WineColor', 'StEmilion', 'Bordeaux']<|eot_id|><|start_header_id|>user<|end_header_id|>

LaneTanner<|eot_id|><|start_header_id|>assistant<|end_header_id|>

1. Zinfandel
2. RedTableWine
3. RedWine
4. CabernetSauvignon<|eot_id|>
2024-10-30 19:05:20,674 [INFO] root predict:predict 29:: <|begin_of_text|><|begin_of_text|><|start_header_id|>system<|end_header_id|>

You are a helpful assistant that responds with a ranked list of classes that a user input belongs to. Generate a list of the top 4 most likely classes. Do not generate a list of less than 4 classes. Do not provide any other information other than the list.
Create the ranked list considering only the provided classes
---
Classes: ['Margaux', 'PinotNoir', 'SauvignonBlanc', 'Semillon', 'VintageYear', 'Beaujolais', 'WineFlavor', 'Zinfandel', 'DessertWine', 'CotesDOr', 'Sancerre', 'Merlot', 'WineSugar', 'Grape', 'Winery', 'WhiteWine', 'CabernetFranc', 'WhiteBurgundy', 'Sauternes', 'Region', 'WineGrape', 'LateHarvest', 'CheninBlanc', 'PotableLiquid', 'Port', 'CabernetSauvignon', 'PetiteSyrah', 'Anjou', 'Riesling', 'RedTableWine', 'Chianti', 'Wine', 'SweetRiesling', 'Meritage', 'Meursault', 'Chardonnay', 'RedWine', 'WineBody', 'DryRiesling', 'WineDescriptor', 'IceWine', 'Muscadet', 'Pauillac', 'WineTaste', 'ItalianWine', 'WineColor', 'StEmilion', 'Bordeaux']<|eot_id|><|start_header_id|>user<|end_header_id|>

LaneTannerPinotNoir<|eot_id|><|start_header_id|>assistant<|end_header_id|>

1. PinotNoir
2. Pinot
3. Noir<|eot_id|>
2024-10-30 19:05:22,790 [INFO] root predict:predict 29:: <|begin_of_text|><|begin_of_text|><|start_header_id|>system<|end_header_id|>

You are a helpful assistant that responds with a ranked list of classes that a user input belongs to. Generate a list of the top 4 most likely classes. Do not generate a list of less than 4 classes. Do not provide any other information other than the list.
Create the ranked list considering only the provided classes
---
Classes: ['Margaux', 'PinotNoir', 'SauvignonBlanc', 'Semillon', 'VintageYear', 'Beaujolais', 'WineFlavor', 'Zinfandel', 'DessertWine', 'CotesDOr', 'Sancerre', 'Merlot', 'WineSugar', 'Grape', 'Winery', 'WhiteWine', 'CabernetFranc', 'WhiteBurgundy', 'Sauternes', 'Region', 'WineGrape', 'LateHarvest', 'CheninBlanc', 'PotableLiquid', 'Port', 'CabernetSauvignon', 'PetiteSyrah', 'Anjou', 'Riesling', 'RedTableWine', 'Chianti', 'Wine', 'SweetRiesling', 'Meritage', 'Meursault', 'Chardonnay', 'RedWine', 'WineBody', 'DryRiesling', 'WineDescriptor', 'IceWine', 'Muscadet', 'Pauillac', 'WineTaste', 'ItalianWine', 'WineColor', 'StEmilion', 'Bordeaux']<|eot_id|><|start_header_id|>user<|end_header_id|>

Light<|eot_id|><|start_header_id|>assistant<|end_header_id|>

['Wine', 'WineColor', 'WineBody', 'WineDescriptor']<|eot_id|>
2024-10-30 19:05:24,313 [INFO] root predict:predict 29:: <|begin_of_text|><|begin_of_text|><|start_header_id|>system<|end_header_id|>

You are a helpful assistant that responds with a ranked list of classes that a user input belongs to. Generate a list of the top 4 most likely classes. Do not generate a list of less than 4 classes. Do not provide any other information other than the list.
Create the ranked list considering only the provided classes
---
Classes: ['Margaux', 'PinotNoir', 'SauvignonBlanc', 'Semillon', 'VintageYear', 'Beaujolais', 'WineFlavor', 'Zinfandel', 'DessertWine', 'CotesDOr', 'Sancerre', 'Merlot', 'WineSugar', 'Grape', 'Winery', 'WhiteWine', 'CabernetFranc', 'WhiteBurgundy', 'Sauternes', 'Region', 'WineGrape', 'LateHarvest', 'CheninBlanc', 'PotableLiquid', 'Port', 'CabernetSauvignon', 'PetiteSyrah', 'Anjou', 'Riesling', 'RedTableWine', 'Chianti', 'Wine', 'SweetRiesling', 'Meritage', 'Meursault', 'Chardonnay', 'RedWine', 'WineBody', 'DryRiesling', 'WineDescriptor', 'IceWine', 'Muscadet', 'Pauillac', 'WineTaste', 'ItalianWine', 'WineColor', 'StEmilion', 'Bordeaux']<|eot_id|><|start_header_id|>user<|end_header_id|>

LoireRegion<|eot_id|><|start_header_id|>assistant<|end_header_id|>

1. Sancerre
2. Muscadet<|eot_id|>
2024-10-30 19:05:26,507 [INFO] root predict:predict 29:: <|begin_of_text|><|begin_of_text|><|start_header_id|>system<|end_header_id|>

You are a helpful assistant that responds with a ranked list of classes that a user input belongs to. Generate a list of the top 4 most likely classes. Do not generate a list of less than 4 classes. Do not provide any other information other than the list.
Create the ranked list considering only the provided classes
---
Classes: ['Margaux', 'PinotNoir', 'SauvignonBlanc', 'Semillon', 'VintageYear', 'Beaujolais', 'WineFlavor', 'Zinfandel', 'DessertWine', 'CotesDOr', 'Sancerre', 'Merlot', 'WineSugar', 'Grape', 'Winery', 'WhiteWine', 'CabernetFranc', 'WhiteBurgundy', 'Sauternes', 'Region', 'WineGrape', 'LateHarvest', 'CheninBlanc', 'PotableLiquid', 'Port', 'CabernetSauvignon', 'PetiteSyrah', 'Anjou', 'Riesling', 'RedTableWine', 'Chianti', 'Wine', 'SweetRiesling', 'Meritage', 'Meursault', 'Chardonnay', 'RedWine', 'WineBody', 'DryRiesling', 'WineDescriptor', 'IceWine', 'Muscadet', 'Pauillac', 'WineTaste', 'ItalianWine', 'WineColor', 'StEmilion', 'Bordeaux']<|eot_id|><|start_header_id|>user<|end_header_id|>

Longridge<|eot_id|><|start_header_id|>assistant<|end_header_id|>

1. WineRegion
2. Bordeaux
3. Pauillac
4. StEmilion<|eot_id|>
2024-10-30 19:05:28,551 [INFO] root predict:predict 29:: <|begin_of_text|><|begin_of_text|><|start_header_id|>system<|end_header_id|>

You are a helpful assistant that responds with a ranked list of classes that a user input belongs to. Generate a list of the top 4 most likely classes. Do not generate a list of less than 4 classes. Do not provide any other information other than the list.
Create the ranked list considering only the provided classes
---
Classes: ['Margaux', 'PinotNoir', 'SauvignonBlanc', 'Semillon', 'VintageYear', 'Beaujolais', 'WineFlavor', 'Zinfandel', 'DessertWine', 'CotesDOr', 'Sancerre', 'Merlot', 'WineSugar', 'Grape', 'Winery', 'WhiteWine', 'CabernetFranc', 'WhiteBurgundy', 'Sauternes', 'Region', 'WineGrape', 'LateHarvest', 'CheninBlanc', 'PotableLiquid', 'Port', 'CabernetSauvignon', 'PetiteSyrah', 'Anjou', 'Riesling', 'RedTableWine', 'Chianti', 'Wine', 'SweetRiesling', 'Meritage', 'Meursault', 'Chardonnay', 'RedWine', 'WineBody', 'DryRiesling', 'WineDescriptor', 'IceWine', 'Muscadet', 'Pauillac', 'WineTaste', 'ItalianWine', 'WineColor', 'StEmilion', 'Bordeaux']<|eot_id|><|start_header_id|>user<|end_header_id|>

LongridgeMerlot<|eot_id|><|start_header_id|>assistant<|end_header_id|>

1. Merlot
2. RedWine
3. Bordeaux
4. Wine<|eot_id|>
2024-10-30 19:05:30,595 [INFO] root predict:predict 29:: <|begin_of_text|><|begin_of_text|><|start_header_id|>system<|end_header_id|>

You are a helpful assistant that responds with a ranked list of classes that a user input belongs to. Generate a list of the top 4 most likely classes. Do not generate a list of less than 4 classes. Do not provide any other information other than the list.
Create the ranked list considering only the provided classes
---
Classes: ['Margaux', 'PinotNoir', 'SauvignonBlanc', 'Semillon', 'VintageYear', 'Beaujolais', 'WineFlavor', 'Zinfandel', 'DessertWine', 'CotesDOr', 'Sancerre', 'Merlot', 'WineSugar', 'Grape', 'Winery', 'WhiteWine', 'CabernetFranc', 'WhiteBurgundy', 'Sauternes', 'Region', 'WineGrape', 'LateHarvest', 'CheninBlanc', 'PotableLiquid', 'Port', 'CabernetSauvignon', 'PetiteSyrah', 'Anjou', 'Riesling', 'RedTableWine', 'Chianti', 'Wine', 'SweetRiesling', 'Meritage', 'Meursault', 'Chardonnay', 'RedWine', 'WineBody', 'DryRiesling', 'WineDescriptor', 'IceWine', 'Muscadet', 'Pauillac', 'WineTaste', 'ItalianWine', 'WineColor', 'StEmilion', 'Bordeaux']<|eot_id|><|start_header_id|>user<|end_header_id|>

MalbecGrape<|eot_id|><|start_header_id|>assistant<|end_header_id|>

1. Malbec
2. Grape
3. Wine
4. RedWine<|eot_id|>
2024-10-30 19:05:32,722 [INFO] root predict:predict 29:: <|begin_of_text|><|begin_of_text|><|start_header_id|>system<|end_header_id|>

You are a helpful assistant that responds with a ranked list of classes that a user input belongs to. Generate a list of the top 4 most likely classes. Do not generate a list of less than 4 classes. Do not provide any other information other than the list.
Create the ranked list considering only the provided classes
---
Classes: ['Margaux', 'PinotNoir', 'SauvignonBlanc', 'Semillon', 'VintageYear', 'Beaujolais', 'WineFlavor', 'Zinfandel', 'DessertWine', 'CotesDOr', 'Sancerre', 'Merlot', 'WineSugar', 'Grape', 'Winery', 'WhiteWine', 'CabernetFranc', 'WhiteBurgundy', 'Sauternes', 'Region', 'WineGrape', 'LateHarvest', 'CheninBlanc', 'PotableLiquid', 'Port', 'CabernetSauvignon', 'PetiteSyrah', 'Anjou', 'Riesling', 'RedTableWine', 'Chianti', 'Wine', 'SweetRiesling', 'Meritage', 'Meursault', 'Chardonnay', 'RedWine', 'WineBody', 'DryRiesling', 'WineDescriptor', 'IceWine', 'Muscadet', 'Pauillac', 'WineTaste', 'ItalianWine', 'WineColor', 'StEmilion', 'Bordeaux']<|eot_id|><|start_header_id|>user<|end_header_id|>

MargauxRegion<|eot_id|><|start_header_id|>assistant<|end_header_id|>

1. Bordeaux
2. Region
3. Pauillac
4. StEmilion<|eot_id|>
2024-10-30 19:05:34,916 [INFO] root predict:predict 29:: <|begin_of_text|><|begin_of_text|><|start_header_id|>system<|end_header_id|>

You are a helpful assistant that responds with a ranked list of classes that a user input belongs to. Generate a list of the top 4 most likely classes. Do not generate a list of less than 4 classes. Do not provide any other information other than the list.
Create the ranked list considering only the provided classes
---
Classes: ['Margaux', 'PinotNoir', 'SauvignonBlanc', 'Semillon', 'VintageYear', 'Beaujolais', 'WineFlavor', 'Zinfandel', 'DessertWine', 'CotesDOr', 'Sancerre', 'Merlot', 'WineSugar', 'Grape', 'Winery', 'WhiteWine', 'CabernetFranc', 'WhiteBurgundy', 'Sauternes', 'Region', 'WineGrape', 'LateHarvest', 'CheninBlanc', 'PotableLiquid', 'Port', 'CabernetSauvignon', 'PetiteSyrah', 'Anjou', 'Riesling', 'RedTableWine', 'Chianti', 'Wine', 'SweetRiesling', 'Meritage', 'Meursault', 'Chardonnay', 'RedWine', 'WineBody', 'DryRiesling', 'WineDescriptor', 'IceWine', 'Muscadet', 'Pauillac', 'WineTaste', 'ItalianWine', 'WineColor', 'StEmilion', 'Bordeaux']<|eot_id|><|start_header_id|>user<|end_header_id|>

Marietta<|eot_id|><|start_header_id|>assistant<|end_header_id|>

1. Margaux
2. Merlot
3. Meritage
4. Pauillac<|eot_id|>
2024-10-30 19:05:37,191 [INFO] root predict:predict 29:: <|begin_of_text|><|begin_of_text|><|start_header_id|>system<|end_header_id|>

You are a helpful assistant that responds with a ranked list of classes that a user input belongs to. Generate a list of the top 4 most likely classes. Do not generate a list of less than 4 classes. Do not provide any other information other than the list.
Create the ranked list considering only the provided classes
---
Classes: ['Margaux', 'PinotNoir', 'SauvignonBlanc', 'Semillon', 'VintageYear', 'Beaujolais', 'WineFlavor', 'Zinfandel', 'DessertWine', 'CotesDOr', 'Sancerre', 'Merlot', 'WineSugar', 'Grape', 'Winery', 'WhiteWine', 'CabernetFranc', 'WhiteBurgundy', 'Sauternes', 'Region', 'WineGrape', 'LateHarvest', 'CheninBlanc', 'PotableLiquid', 'Port', 'CabernetSauvignon', 'PetiteSyrah', 'Anjou', 'Riesling', 'RedTableWine', 'Chianti', 'Wine', 'SweetRiesling', 'Meritage', 'Meursault', 'Chardonnay', 'RedWine', 'WineBody', 'DryRiesling', 'WineDescriptor', 'IceWine', 'Muscadet', 'Pauillac', 'WineTaste', 'ItalianWine', 'WineColor', 'StEmilion', 'Bordeaux']<|eot_id|><|start_header_id|>user<|end_header_id|>

MariettaCabernetSauvignon<|eot_id|><|start_header_id|>assistant<|end_header_id|>

1. CabernetSauvignon
2. Wine
3. RedWine
4. Bordeaux<|eot_id|>
2024-10-30 19:05:39,544 [INFO] root predict:predict 29:: <|begin_of_text|><|begin_of_text|><|start_header_id|>system<|end_header_id|>

You are a helpful assistant that responds with a ranked list of classes that a user input belongs to. Generate a list of the top 4 most likely classes. Do not generate a list of less than 4 classes. Do not provide any other information other than the list.
Create the ranked list considering only the provided classes
---
Classes: ['Margaux', 'PinotNoir', 'SauvignonBlanc', 'Semillon', 'VintageYear', 'Beaujolais', 'WineFlavor', 'Zinfandel', 'DessertWine', 'CotesDOr', 'Sancerre', 'Merlot', 'WineSugar', 'Grape', 'Winery', 'WhiteWine', 'CabernetFranc', 'WhiteBurgundy', 'Sauternes', 'Region', 'WineGrape', 'LateHarvest', 'CheninBlanc', 'PotableLiquid', 'Port', 'CabernetSauvignon', 'PetiteSyrah', 'Anjou', 'Riesling', 'RedTableWine', 'Chianti', 'Wine', 'SweetRiesling', 'Meritage', 'Meursault', 'Chardonnay', 'RedWine', 'WineBody', 'DryRiesling', 'WineDescriptor', 'IceWine', 'Muscadet', 'Pauillac', 'WineTaste', 'ItalianWine', 'WineColor', 'StEmilion', 'Bordeaux']<|eot_id|><|start_header_id|>user<|end_header_id|>

MariettaOldVinesRed<|eot_id|><|start_header_id|>assistant<|end_header_id|>

1. Zinfandel
2. RedWine
3. RedTableWine
4. Wine<|eot_id|>
2024-10-30 19:05:41,812 [INFO] root predict:predict 29:: <|begin_of_text|><|begin_of_text|><|start_header_id|>system<|end_header_id|>

You are a helpful assistant that responds with a ranked list of classes that a user input belongs to. Generate a list of the top 4 most likely classes. Do not generate a list of less than 4 classes. Do not provide any other information other than the list.
Create the ranked list considering only the provided classes
---
Classes: ['Margaux', 'PinotNoir', 'SauvignonBlanc', 'Semillon', 'VintageYear', 'Beaujolais', 'WineFlavor', 'Zinfandel', 'DessertWine', 'CotesDOr', 'Sancerre', 'Merlot', 'WineSugar', 'Grape', 'Winery', 'WhiteWine', 'CabernetFranc', 'WhiteBurgundy', 'Sauternes', 'Region', 'WineGrape', 'LateHarvest', 'CheninBlanc', 'PotableLiquid', 'Port', 'CabernetSauvignon', 'PetiteSyrah', 'Anjou', 'Riesling', 'RedTableWine', 'Chianti', 'Wine', 'SweetRiesling', 'Meritage', 'Meursault', 'Chardonnay', 'RedWine', 'WineBody', 'DryRiesling', 'WineDescriptor', 'IceWine', 'Muscadet', 'Pauillac', 'WineTaste', 'ItalianWine', 'WineColor', 'StEmilion', 'Bordeaux']<|eot_id|><|start_header_id|>user<|end_header_id|>

MariettaPetiteSyrah<|eot_id|><|start_header_id|>assistant<|end_header_id|>

1. PetiteSyrah
2. RedWine
3. Wine
4. WineGrape<|eot_id|>
2024-10-30 19:05:44,014 [INFO] root predict:predict 29:: <|begin_of_text|><|begin_of_text|><|start_header_id|>system<|end_header_id|>

You are a helpful assistant that responds with a ranked list of classes that a user input belongs to. Generate a list of the top 4 most likely classes. Do not generate a list of less than 4 classes. Do not provide any other information other than the list.
Create the ranked list considering only the provided classes
---
Classes: ['Margaux', 'PinotNoir', 'SauvignonBlanc', 'Semillon', 'VintageYear', 'Beaujolais', 'WineFlavor', 'Zinfandel', 'DessertWine', 'CotesDOr', 'Sancerre', 'Merlot', 'WineSugar', 'Grape', 'Winery', 'WhiteWine', 'CabernetFranc', 'WhiteBurgundy', 'Sauternes', 'Region', 'WineGrape', 'LateHarvest', 'CheninBlanc', 'PotableLiquid', 'Port', 'CabernetSauvignon', 'PetiteSyrah', 'Anjou', 'Riesling', 'RedTableWine', 'Chianti', 'Wine', 'SweetRiesling', 'Meritage', 'Meursault', 'Chardonnay', 'RedWine', 'WineBody', 'DryRiesling', 'WineDescriptor', 'IceWine', 'Muscadet', 'Pauillac', 'WineTaste', 'ItalianWine', 'WineColor', 'StEmilion', 'Bordeaux']<|eot_id|><|start_header_id|>user<|end_header_id|>

MariettaZinfandel<|eot_id|><|start_header_id|>assistant<|end_header_id|>

1. Zinfandel
2. Wine
3. RedWine
4. Meritage<|eot_id|>
2024-10-30 19:05:45,918 [INFO] root predict:predict 29:: <|begin_of_text|><|begin_of_text|><|start_header_id|>system<|end_header_id|>

You are a helpful assistant that responds with a ranked list of classes that a user input belongs to. Generate a list of the top 4 most likely classes. Do not generate a list of less than 4 classes. Do not provide any other information other than the list.
Create the ranked list considering only the provided classes
---
Classes: ['Margaux', 'PinotNoir', 'SauvignonBlanc', 'Semillon', 'VintageYear', 'Beaujolais', 'WineFlavor', 'Zinfandel', 'DessertWine', 'CotesDOr', 'Sancerre', 'Merlot', 'WineSugar', 'Grape', 'Winery', 'WhiteWine', 'CabernetFranc', 'WhiteBurgundy', 'Sauternes', 'Region', 'WineGrape', 'LateHarvest', 'CheninBlanc', 'PotableLiquid', 'Port', 'CabernetSauvignon', 'PetiteSyrah', 'Anjou', 'Riesling', 'RedTableWine', 'Chianti', 'Wine', 'SweetRiesling', 'Meritage', 'Meursault', 'Chardonnay', 'RedWine', 'WineBody', 'DryRiesling', 'WineDescriptor', 'IceWine', 'Muscadet', 'Pauillac', 'WineTaste', 'ItalianWine', 'WineColor', 'StEmilion', 'Bordeaux']<|eot_id|><|start_header_id|>user<|end_header_id|>

McGuinnesso<|eot_id|><|start_header_id|>assistant<|end_header_id|>

1. Wine
2. Bordeaux
3. Region
4. WineDescriptor<|eot_id|>
2024-10-30 19:05:48,110 [INFO] root predict:predict 29:: <|begin_of_text|><|begin_of_text|><|start_header_id|>system<|end_header_id|>

You are a helpful assistant that responds with a ranked list of classes that a user input belongs to. Generate a list of the top 4 most likely classes. Do not generate a list of less than 4 classes. Do not provide any other information other than the list.
Create the ranked list considering only the provided classes
---
Classes: ['Margaux', 'PinotNoir', 'SauvignonBlanc', 'Semillon', 'VintageYear', 'Beaujolais', 'WineFlavor', 'Zinfandel', 'DessertWine', 'CotesDOr', 'Sancerre', 'Merlot', 'WineSugar', 'Grape', 'Winery', 'WhiteWine', 'CabernetFranc', 'WhiteBurgundy', 'Sauternes', 'Region', 'WineGrape', 'LateHarvest', 'CheninBlanc', 'PotableLiquid', 'Port', 'CabernetSauvignon', 'PetiteSyrah', 'Anjou', 'Riesling', 'RedTableWine', 'Chianti', 'Wine', 'SweetRiesling', 'Meritage', 'Meursault', 'Chardonnay', 'RedWine', 'WineBody', 'DryRiesling', 'WineDescriptor', 'IceWine', 'Muscadet', 'Pauillac', 'WineTaste', 'ItalianWine', 'WineColor', 'StEmilion', 'Bordeaux']<|eot_id|><|start_header_id|>user<|end_header_id|>

Medium<|eot_id|><|start_header_id|>assistant<|end_header_id|>

1. Wine
2. WhiteWine
3. RedWine
4. WineBody<|eot_id|>
2024-10-30 19:05:50,239 [INFO] root predict:predict 29:: <|begin_of_text|><|begin_of_text|><|start_header_id|>system<|end_header_id|>

You are a helpful assistant that responds with a ranked list of classes that a user input belongs to. Generate a list of the top 4 most likely classes. Do not generate a list of less than 4 classes. Do not provide any other information other than the list.
Create the ranked list considering only the provided classes
---
Classes: ['Margaux', 'PinotNoir', 'SauvignonBlanc', 'Semillon', 'VintageYear', 'Beaujolais', 'WineFlavor', 'Zinfandel', 'DessertWine', 'CotesDOr', 'Sancerre', 'Merlot', 'WineSugar', 'Grape', 'Winery', 'WhiteWine', 'CabernetFranc', 'WhiteBurgundy', 'Sauternes', 'Region', 'WineGrape', 'LateHarvest', 'CheninBlanc', 'PotableLiquid', 'Port', 'CabernetSauvignon', 'PetiteSyrah', 'Anjou', 'Riesling', 'RedTableWine', 'Chianti', 'Wine', 'SweetRiesling', 'Meritage', 'Meursault', 'Chardonnay', 'RedWine', 'WineBody', 'DryRiesling', 'WineDescriptor', 'IceWine', 'Muscadet', 'Pauillac', 'WineTaste', 'ItalianWine', 'WineColor', 'StEmilion', 'Bordeaux']<|eot_id|><|start_header_id|>user<|end_header_id|>

MedocRegion<|eot_id|><|start_header_id|>assistant<|end_header_id|>

1. Bordeaux
2. Region
3. Pauillac
4. StEmilion<|eot_id|>
2024-10-30 19:05:53,109 [INFO] root predict:predict 29:: <|begin_of_text|><|begin_of_text|><|start_header_id|>system<|end_header_id|>

You are a helpful assistant that responds with a ranked list of classes that a user input belongs to. Generate a list of the top 4 most likely classes. Do not generate a list of less than 4 classes. Do not provide any other information other than the list.
Create the ranked list considering only the provided classes
---
Classes: ['Margaux', 'PinotNoir', 'SauvignonBlanc', 'Semillon', 'VintageYear', 'Beaujolais', 'WineFlavor', 'Zinfandel', 'DessertWine', 'CotesDOr', 'Sancerre', 'Merlot', 'WineSugar', 'Grape', 'Winery', 'WhiteWine', 'CabernetFranc', 'WhiteBurgundy', 'Sauternes', 'Region', 'WineGrape', 'LateHarvest', 'CheninBlanc', 'PotableLiquid', 'Port', 'CabernetSauvignon', 'PetiteSyrah', 'Anjou', 'Riesling', 'RedTableWine', 'Chianti', 'Wine', 'SweetRiesling', 'Meritage', 'Meursault', 'Chardonnay', 'RedWine', 'WineBody', 'DryRiesling', 'WineDescriptor', 'IceWine', 'Muscadet', 'Pauillac', 'WineTaste', 'ItalianWine', 'WineColor', 'StEmilion', 'Bordeaux']<|eot_id|><|start_header_id|>user<|end_header_id|>

MendocinoRegion<|eot_id|><|start_header_id|>assistant<|end_header_id|>

Here is the ranked list of classes that the user input "MendocinoRegion" belongs to:

1. Region
2. WineRegion<|eot_id|>
2024-10-30 19:05:55,156 [INFO] root predict:predict 29:: <|begin_of_text|><|begin_of_text|><|start_header_id|>system<|end_header_id|>

You are a helpful assistant that responds with a ranked list of classes that a user input belongs to. Generate a list of the top 4 most likely classes. Do not generate a list of less than 4 classes. Do not provide any other information other than the list.
Create the ranked list considering only the provided classes
---
Classes: ['Margaux', 'PinotNoir', 'SauvignonBlanc', 'Semillon', 'VintageYear', 'Beaujolais', 'WineFlavor', 'Zinfandel', 'DessertWine', 'CotesDOr', 'Sancerre', 'Merlot', 'WineSugar', 'Grape', 'Winery', 'WhiteWine', 'CabernetFranc', 'WhiteBurgundy', 'Sauternes', 'Region', 'WineGrape', 'LateHarvest', 'CheninBlanc', 'PotableLiquid', 'Port', 'CabernetSauvignon', 'PetiteSyrah', 'Anjou', 'Riesling', 'RedTableWine', 'Chianti', 'Wine', 'SweetRiesling', 'Meritage', 'Meursault', 'Chardonnay', 'RedWine', 'WineBody', 'DryRiesling', 'WineDescriptor', 'IceWine', 'Muscadet', 'Pauillac', 'WineTaste', 'ItalianWine', 'WineColor', 'StEmilion', 'Bordeaux']<|eot_id|><|start_header_id|>user<|end_header_id|>

MerlotGrape<|eot_id|><|start_header_id|>assistant<|end_header_id|>

1. Merlot
2. Grape
3. Wine
4. RedWine<|eot_id|>
2024-10-30 19:05:57,573 [INFO] root predict:predict 29:: <|begin_of_text|><|begin_of_text|><|start_header_id|>system<|end_header_id|>

You are a helpful assistant that responds with a ranked list of classes that a user input belongs to. Generate a list of the top 4 most likely classes. Do not generate a list of less than 4 classes. Do not provide any other information other than the list.
Create the ranked list considering only the provided classes
---
Classes: ['Margaux', 'PinotNoir', 'SauvignonBlanc', 'Semillon', 'VintageYear', 'Beaujolais', 'WineFlavor', 'Zinfandel', 'DessertWine', 'CotesDOr', 'Sancerre', 'Merlot', 'WineSugar', 'Grape', 'Winery', 'WhiteWine', 'CabernetFranc', 'WhiteBurgundy', 'Sauternes', 'Region', 'WineGrape', 'LateHarvest', 'CheninBlanc', 'PotableLiquid', 'Port', 'CabernetSauvignon', 'PetiteSyrah', 'Anjou', 'Riesling', 'RedTableWine', 'Chianti', 'Wine', 'SweetRiesling', 'Meritage', 'Meursault', 'Chardonnay', 'RedWine', 'WineBody', 'DryRiesling', 'WineDescriptor', 'IceWine', 'Muscadet', 'Pauillac', 'WineTaste', 'ItalianWine', 'WineColor', 'StEmilion', 'Bordeaux']<|eot_id|><|start_header_id|>user<|end_header_id|>

MeursaultRegion<|eot_id|><|start_header_id|>assistant<|end_header_id|>

1. WhiteBurgundy
2. Meursault
3. Bordeaux
4. Chardonnay<|eot_id|>
2024-10-30 19:05:59,919 [INFO] root predict:predict 29:: <|begin_of_text|><|begin_of_text|><|start_header_id|>system<|end_header_id|>

You are a helpful assistant that responds with a ranked list of classes that a user input belongs to. Generate a list of the top 4 most likely classes. Do not generate a list of less than 4 classes. Do not provide any other information other than the list.
Create the ranked list considering only the provided classes
---
Classes: ['Margaux', 'PinotNoir', 'SauvignonBlanc', 'Semillon', 'VintageYear', 'Beaujolais', 'WineFlavor', 'Zinfandel', 'DessertWine', 'CotesDOr', 'Sancerre', 'Merlot', 'WineSugar', 'Grape', 'Winery', 'WhiteWine', 'CabernetFranc', 'WhiteBurgundy', 'Sauternes', 'Region', 'WineGrape', 'LateHarvest', 'CheninBlanc', 'PotableLiquid', 'Port', 'CabernetSauvignon', 'PetiteSyrah', 'Anjou', 'Riesling', 'RedTableWine', 'Chianti', 'Wine', 'SweetRiesling', 'Meritage', 'Meursault', 'Chardonnay', 'RedWine', 'WineBody', 'DryRiesling', 'WineDescriptor', 'IceWine', 'Muscadet', 'Pauillac', 'WineTaste', 'ItalianWine', 'WineColor', 'StEmilion', 'Bordeaux']<|eot_id|><|start_header_id|>user<|end_header_id|>

Moderate<|eot_id|><|start_header_id|>assistant<|end_header_id|>

1. Wine
2. RedWine
3. RedTableWine
4. PotableLiquid<|eot_id|>
2024-10-30 19:06:01,890 [INFO] root predict:predict 29:: <|begin_of_text|><|begin_of_text|><|start_header_id|>system<|end_header_id|>

You are a helpful assistant that responds with a ranked list of classes that a user input belongs to. Generate a list of the top 4 most likely classes. Do not generate a list of less than 4 classes. Do not provide any other information other than the list.
Create the ranked list considering only the provided classes
---
Classes: ['Margaux', 'PinotNoir', 'SauvignonBlanc', 'Semillon', 'VintageYear', 'Beaujolais', 'WineFlavor', 'Zinfandel', 'DessertWine', 'CotesDOr', 'Sancerre', 'Merlot', 'WineSugar', 'Grape', 'Winery', 'WhiteWine', 'CabernetFranc', 'WhiteBurgundy', 'Sauternes', 'Region', 'WineGrape', 'LateHarvest', 'CheninBlanc', 'PotableLiquid', 'Port', 'CabernetSauvignon', 'PetiteSyrah', 'Anjou', 'Riesling', 'RedTableWine', 'Chianti', 'Wine', 'SweetRiesling', 'Meritage', 'Meursault', 'Chardonnay', 'RedWine', 'WineBody', 'DryRiesling', 'WineDescriptor', 'IceWine', 'Muscadet', 'Pauillac', 'WineTaste', 'ItalianWine', 'WineColor', 'StEmilion', 'Bordeaux']<|eot_id|><|start_header_id|>user<|end_header_id|>

MountEdenVineyard<|eot_id|><|start_header_id|>assistant<|end_header_id|>

1. Wine
2. Winery
3. Region
4. Vineyard<|eot_id|>
2024-10-30 19:06:05,210 [INFO] root predict:predict 29:: <|begin_of_text|><|begin_of_text|><|start_header_id|>system<|end_header_id|>

You are a helpful assistant that responds with a ranked list of classes that a user input belongs to. Generate a list of the top 4 most likely classes. Do not generate a list of less than 4 classes. Do not provide any other information other than the list.
Create the ranked list considering only the provided classes
---
Classes: ['Margaux', 'PinotNoir', 'SauvignonBlanc', 'Semillon', 'VintageYear', 'Beaujolais', 'WineFlavor', 'Zinfandel', 'DessertWine', 'CotesDOr', 'Sancerre', 'Merlot', 'WineSugar', 'Grape', 'Winery', 'WhiteWine', 'CabernetFranc', 'WhiteBurgundy', 'Sauternes', 'Region', 'WineGrape', 'LateHarvest', 'CheninBlanc', 'PotableLiquid', 'Port', 'CabernetSauvignon', 'PetiteSyrah', 'Anjou', 'Riesling', 'RedTableWine', 'Chianti', 'Wine', 'SweetRiesling', 'Meritage', 'Meursault', 'Chardonnay', 'RedWine', 'WineBody', 'DryRiesling', 'WineDescriptor', 'IceWine', 'Muscadet', 'Pauillac', 'WineTaste', 'ItalianWine', 'WineColor', 'StEmilion', 'Bordeaux']<|eot_id|><|start_header_id|>user<|end_header_id|>

MountEdenVineyardEdnaValleyChardonnay<|eot_id|><|start_header_id|>assistant<|end_header_id|>

Here is the ranked list of classes that your input belongs to:

1. Chardonnay
2. Wine
3. WhiteWine
4. RedWine<|eot_id|>
2024-10-30 19:06:07,337 [INFO] root predict:predict 29:: <|begin_of_text|><|begin_of_text|><|start_header_id|>system<|end_header_id|>

You are a helpful assistant that responds with a ranked list of classes that a user input belongs to. Generate a list of the top 4 most likely classes. Do not generate a list of less than 4 classes. Do not provide any other information other than the list.
Create the ranked list considering only the provided classes
---
Classes: ['Margaux', 'PinotNoir', 'SauvignonBlanc', 'Semillon', 'VintageYear', 'Beaujolais', 'WineFlavor', 'Zinfandel', 'DessertWine', 'CotesDOr', 'Sancerre', 'Merlot', 'WineSugar', 'Grape', 'Winery', 'WhiteWine', 'CabernetFranc', 'WhiteBurgundy', 'Sauternes', 'Region', 'WineGrape', 'LateHarvest', 'CheninBlanc', 'PotableLiquid', 'Port', 'CabernetSauvignon', 'PetiteSyrah', 'Anjou', 'Riesling', 'RedTableWine', 'Chianti', 'Wine', 'SweetRiesling', 'Meritage', 'Meursault', 'Chardonnay', 'RedWine', 'WineBody', 'DryRiesling', 'WineDescriptor', 'IceWine', 'Muscadet', 'Pauillac', 'WineTaste', 'ItalianWine', 'WineColor', 'StEmilion', 'Bordeaux']<|eot_id|><|start_header_id|>user<|end_header_id|>

MountEdenVineyardEstatePinotNoir<|eot_id|><|start_header_id|>assistant<|end_header_id|>

1. PinotNoir
2. Wine
3. Vineyard
4. Estate<|eot_id|>
2024-10-30 19:06:09,603 [INFO] root predict:predict 29:: <|begin_of_text|><|begin_of_text|><|start_header_id|>system<|end_header_id|>

You are a helpful assistant that responds with a ranked list of classes that a user input belongs to. Generate a list of the top 4 most likely classes. Do not generate a list of less than 4 classes. Do not provide any other information other than the list.
Create the ranked list considering only the provided classes
---
Classes: ['Margaux', 'PinotNoir', 'SauvignonBlanc', 'Semillon', 'VintageYear', 'Beaujolais', 'WineFlavor', 'Zinfandel', 'DessertWine', 'CotesDOr', 'Sancerre', 'Merlot', 'WineSugar', 'Grape', 'Winery', 'WhiteWine', 'CabernetFranc', 'WhiteBurgundy', 'Sauternes', 'Region', 'WineGrape', 'LateHarvest', 'CheninBlanc', 'PotableLiquid', 'Port', 'CabernetSauvignon', 'PetiteSyrah', 'Anjou', 'Riesling', 'RedTableWine', 'Chianti', 'Wine', 'SweetRiesling', 'Meritage', 'Meursault', 'Chardonnay', 'RedWine', 'WineBody', 'DryRiesling', 'WineDescriptor', 'IceWine', 'Muscadet', 'Pauillac', 'WineTaste', 'ItalianWine', 'WineColor', 'StEmilion', 'Bordeaux']<|eot_id|><|start_header_id|>user<|end_header_id|>

Mountadam<|eot_id|><|start_header_id|>assistant<|end_header_id|>

1. Chardonnay
2. WhiteWine
3. Wine
4. WineBody<|eot_id|>
2024-10-30 19:06:11,954 [INFO] root predict:predict 29:: <|begin_of_text|><|begin_of_text|><|start_header_id|>system<|end_header_id|>

You are a helpful assistant that responds with a ranked list of classes that a user input belongs to. Generate a list of the top 4 most likely classes. Do not generate a list of less than 4 classes. Do not provide any other information other than the list.
Create the ranked list considering only the provided classes
---
Classes: ['Margaux', 'PinotNoir', 'SauvignonBlanc', 'Semillon', 'VintageYear', 'Beaujolais', 'WineFlavor', 'Zinfandel', 'DessertWine', 'CotesDOr', 'Sancerre', 'Merlot', 'WineSugar', 'Grape', 'Winery', 'WhiteWine', 'CabernetFranc', 'WhiteBurgundy', 'Sauternes', 'Region', 'WineGrape', 'LateHarvest', 'CheninBlanc', 'PotableLiquid', 'Port', 'CabernetSauvignon', 'PetiteSyrah', 'Anjou', 'Riesling', 'RedTableWine', 'Chianti', 'Wine', 'SweetRiesling', 'Meritage', 'Meursault', 'Chardonnay', 'RedWine', 'WineBody', 'DryRiesling', 'WineDescriptor', 'IceWine', 'Muscadet', 'Pauillac', 'WineTaste', 'ItalianWine', 'WineColor', 'StEmilion', 'Bordeaux']<|eot_id|><|start_header_id|>user<|end_header_id|>

MountadamChardonnay<|eot_id|><|start_header_id|>assistant<|end_header_id|>

1. Chardonnay
2. Wine
3. WhiteWine
4. RedWine<|eot_id|>
2024-10-30 19:06:14,371 [INFO] root predict:predict 29:: <|begin_of_text|><|begin_of_text|><|start_header_id|>system<|end_header_id|>

You are a helpful assistant that responds with a ranked list of classes that a user input belongs to. Generate a list of the top 4 most likely classes. Do not generate a list of less than 4 classes. Do not provide any other information other than the list.
Create the ranked list considering only the provided classes
---
Classes: ['Margaux', 'PinotNoir', 'SauvignonBlanc', 'Semillon', 'VintageYear', 'Beaujolais', 'WineFlavor', 'Zinfandel', 'DessertWine', 'CotesDOr', 'Sancerre', 'Merlot', 'WineSugar', 'Grape', 'Winery', 'WhiteWine', 'CabernetFranc', 'WhiteBurgundy', 'Sauternes', 'Region', 'WineGrape', 'LateHarvest', 'CheninBlanc', 'PotableLiquid', 'Port', 'CabernetSauvignon', 'PetiteSyrah', 'Anjou', 'Riesling', 'RedTableWine', 'Chianti', 'Wine', 'SweetRiesling', 'Meritage', 'Meursault', 'Chardonnay', 'RedWine', 'WineBody', 'DryRiesling', 'WineDescriptor', 'IceWine', 'Muscadet', 'Pauillac', 'WineTaste', 'ItalianWine', 'WineColor', 'StEmilion', 'Bordeaux']<|eot_id|><|start_header_id|>user<|end_header_id|>

MountadamPinotNoir<|eot_id|><|start_header_id|>assistant<|end_header_id|>

1. PinotNoir
2. Wine
3. RedWine
4. Beaujolais<|eot_id|>
2024-10-30 19:06:16,567 [INFO] root predict:predict 29:: <|begin_of_text|><|begin_of_text|><|start_header_id|>system<|end_header_id|>

You are a helpful assistant that responds with a ranked list of classes that a user input belongs to. Generate a list of the top 4 most likely classes. Do not generate a list of less than 4 classes. Do not provide any other information other than the list.
Create the ranked list considering only the provided classes
---
Classes: ['Margaux', 'PinotNoir', 'SauvignonBlanc', 'Semillon', 'VintageYear', 'Beaujolais', 'WineFlavor', 'Zinfandel', 'DessertWine', 'CotesDOr', 'Sancerre', 'Merlot', 'WineSugar', 'Grape', 'Winery', 'WhiteWine', 'CabernetFranc', 'WhiteBurgundy', 'Sauternes', 'Region', 'WineGrape', 'LateHarvest', 'CheninBlanc', 'PotableLiquid', 'Port', 'CabernetSauvignon', 'PetiteSyrah', 'Anjou', 'Riesling', 'RedTableWine', 'Chianti', 'Wine', 'SweetRiesling', 'Meritage', 'Meursault', 'Chardonnay', 'RedWine', 'WineBody', 'DryRiesling', 'WineDescriptor', 'IceWine', 'Muscadet', 'Pauillac', 'WineTaste', 'ItalianWine', 'WineColor', 'StEmilion', 'Bordeaux']<|eot_id|><|start_header_id|>user<|end_header_id|>

MountadamRiesling<|eot_id|><|start_header_id|>assistant<|end_header_id|>

1. Riesling
2. WhiteWine
3. Wine
4. WineDescriptor<|eot_id|>
2024-10-30 19:06:18,690 [INFO] root predict:predict 29:: <|begin_of_text|><|begin_of_text|><|start_header_id|>system<|end_header_id|>

You are a helpful assistant that responds with a ranked list of classes that a user input belongs to. Generate a list of the top 4 most likely classes. Do not generate a list of less than 4 classes. Do not provide any other information other than the list.
Create the ranked list considering only the provided classes
---
Classes: ['Margaux', 'PinotNoir', 'SauvignonBlanc', 'Semillon', 'VintageYear', 'Beaujolais', 'WineFlavor', 'Zinfandel', 'DessertWine', 'CotesDOr', 'Sancerre', 'Merlot', 'WineSugar', 'Grape', 'Winery', 'WhiteWine', 'CabernetFranc', 'WhiteBurgundy', 'Sauternes', 'Region', 'WineGrape', 'LateHarvest', 'CheninBlanc', 'PotableLiquid', 'Port', 'CabernetSauvignon', 'PetiteSyrah', 'Anjou', 'Riesling', 'RedTableWine', 'Chianti', 'Wine', 'SweetRiesling', 'Meritage', 'Meursault', 'Chardonnay', 'RedWine', 'WineBody', 'DryRiesling', 'WineDescriptor', 'IceWine', 'Muscadet', 'Pauillac', 'WineTaste', 'ItalianWine', 'WineColor', 'StEmilion', 'Bordeaux']<|eot_id|><|start_header_id|>user<|end_header_id|>

MuscadetRegion<|eot_id|><|start_header_id|>assistant<|end_header_id|>

1. Muscadet
2. Region
3. Wine
4. WhiteWine<|eot_id|>
2024-10-30 19:06:20,661 [INFO] root predict:predict 29:: <|begin_of_text|><|begin_of_text|><|start_header_id|>system<|end_header_id|>

You are a helpful assistant that responds with a ranked list of classes that a user input belongs to. Generate a list of the top 4 most likely classes. Do not generate a list of less than 4 classes. Do not provide any other information other than the list.
Create the ranked list considering only the provided classes
---
Classes: ['Margaux', 'PinotNoir', 'SauvignonBlanc', 'Semillon', 'VintageYear', 'Beaujolais', 'WineFlavor', 'Zinfandel', 'DessertWine', 'CotesDOr', 'Sancerre', 'Merlot', 'WineSugar', 'Grape', 'Winery', 'WhiteWine', 'CabernetFranc', 'WhiteBurgundy', 'Sauternes', 'Region', 'WineGrape', 'LateHarvest', 'CheninBlanc', 'PotableLiquid', 'Port', 'CabernetSauvignon', 'PetiteSyrah', 'Anjou', 'Riesling', 'RedTableWine', 'Chianti', 'Wine', 'SweetRiesling', 'Meritage', 'Meursault', 'Chardonnay', 'RedWine', 'WineBody', 'DryRiesling', 'WineDescriptor', 'IceWine', 'Muscadet', 'Pauillac', 'WineTaste', 'ItalianWine', 'WineColor', 'StEmilion', 'Bordeaux']<|eot_id|><|start_header_id|>user<|end_header_id|>

NapaRegion<|eot_id|><|start_header_id|>assistant<|end_header_id|>

1. WineRegion
2. Region
3. Bordeaux
4. Napa<|eot_id|>
2024-10-30 19:06:22,935 [INFO] root predict:predict 29:: <|begin_of_text|><|begin_of_text|><|start_header_id|>system<|end_header_id|>

You are a helpful assistant that responds with a ranked list of classes that a user input belongs to. Generate a list of the top 4 most likely classes. Do not generate a list of less than 4 classes. Do not provide any other information other than the list.
Create the ranked list considering only the provided classes
---
Classes: ['Margaux', 'PinotNoir', 'SauvignonBlanc', 'Semillon', 'VintageYear', 'Beaujolais', 'WineFlavor', 'Zinfandel', 'DessertWine', 'CotesDOr', 'Sancerre', 'Merlot', 'WineSugar', 'Grape', 'Winery', 'WhiteWine', 'CabernetFranc', 'WhiteBurgundy', 'Sauternes', 'Region', 'WineGrape', 'LateHarvest', 'CheninBlanc', 'PotableLiquid', 'Port', 'CabernetSauvignon', 'PetiteSyrah', 'Anjou', 'Riesling', 'RedTableWine', 'Chianti', 'Wine', 'SweetRiesling', 'Meritage', 'Meursault', 'Chardonnay', 'RedWine', 'WineBody', 'DryRiesling', 'WineDescriptor', 'IceWine', 'Muscadet', 'Pauillac', 'WineTaste', 'ItalianWine', 'WineColor', 'StEmilion', 'Bordeaux']<|eot_id|><|start_header_id|>user<|end_header_id|>

NewZealandRegion<|eot_id|><|start_header_id|>assistant<|end_header_id|>

1. Region
2. Bordeaux
3. WhiteBurgundy
4. CotesDOr<|eot_id|>
2024-10-30 19:06:25,355 [INFO] root predict:predict 29:: <|begin_of_text|><|begin_of_text|><|start_header_id|>system<|end_header_id|>

You are a helpful assistant that responds with a ranked list of classes that a user input belongs to. Generate a list of the top 4 most likely classes. Do not generate a list of less than 4 classes. Do not provide any other information other than the list.
Create the ranked list considering only the provided classes
---
Classes: ['Margaux', 'PinotNoir', 'SauvignonBlanc', 'Semillon', 'VintageYear', 'Beaujolais', 'WineFlavor', 'Zinfandel', 'DessertWine', 'CotesDOr', 'Sancerre', 'Merlot', 'WineSugar', 'Grape', 'Winery', 'WhiteWine', 'CabernetFranc', 'WhiteBurgundy', 'Sauternes', 'Region', 'WineGrape', 'LateHarvest', 'CheninBlanc', 'PotableLiquid', 'Port', 'CabernetSauvignon', 'PetiteSyrah', 'Anjou', 'Riesling', 'RedTableWine', 'Chianti', 'Wine', 'SweetRiesling', 'Meritage', 'Meursault', 'Chardonnay', 'RedWine', 'WineBody', 'DryRiesling', 'WineDescriptor', 'IceWine', 'Muscadet', 'Pauillac', 'WineTaste', 'ItalianWine', 'WineColor', 'StEmilion', 'Bordeaux']<|eot_id|><|start_header_id|>user<|end_header_id|>

OffDry<|eot_id|><|start_header_id|>assistant<|end_header_id|>

1. Wine
2. SweetRiesling
3. DryRiesling
4. Sauternes<|eot_id|>
2024-10-30 19:06:27,252 [INFO] root predict:predict 29:: <|begin_of_text|><|begin_of_text|><|start_header_id|>system<|end_header_id|>

You are a helpful assistant that responds with a ranked list of classes that a user input belongs to. Generate a list of the top 4 most likely classes. Do not generate a list of less than 4 classes. Do not provide any other information other than the list.
Create the ranked list considering only the provided classes
---
Classes: ['Margaux', 'PinotNoir', 'SauvignonBlanc', 'Semillon', 'VintageYear', 'Beaujolais', 'WineFlavor', 'Zinfandel', 'DessertWine', 'CotesDOr', 'Sancerre', 'Merlot', 'WineSugar', 'Grape', 'Winery', 'WhiteWine', 'CabernetFranc', 'WhiteBurgundy', 'Sauternes', 'Region', 'WineGrape', 'LateHarvest', 'CheninBlanc', 'PotableLiquid', 'Port', 'CabernetSauvignon', 'PetiteSyrah', 'Anjou', 'Riesling', 'RedTableWine', 'Chianti', 'Wine', 'SweetRiesling', 'Meritage', 'Meursault', 'Chardonnay', 'RedWine', 'WineBody', 'DryRiesling', 'WineDescriptor', 'IceWine', 'Muscadet', 'Pauillac', 'WineTaste', 'ItalianWine', 'WineColor', 'StEmilion', 'Bordeaux']<|eot_id|><|start_header_id|>user<|end_header_id|>

PageMillWinery<|eot_id|><|start_header_id|>assistant<|end_header_id|>

1. Winery
2. Wine
3. Region
4. Bordeaux<|eot_id|>
2024-10-30 19:06:29,450 [INFO] root predict:predict 29:: <|begin_of_text|><|begin_of_text|><|start_header_id|>system<|end_header_id|>

You are a helpful assistant that responds with a ranked list of classes that a user input belongs to. Generate a list of the top 4 most likely classes. Do not generate a list of less than 4 classes. Do not provide any other information other than the list.
Create the ranked list considering only the provided classes
---
Classes: ['Margaux', 'PinotNoir', 'SauvignonBlanc', 'Semillon', 'VintageYear', 'Beaujolais', 'WineFlavor', 'Zinfandel', 'DessertWine', 'CotesDOr', 'Sancerre', 'Merlot', 'WineSugar', 'Grape', 'Winery', 'WhiteWine', 'CabernetFranc', 'WhiteBurgundy', 'Sauternes', 'Region', 'WineGrape', 'LateHarvest', 'CheninBlanc', 'PotableLiquid', 'Port', 'CabernetSauvignon', 'PetiteSyrah', 'Anjou', 'Riesling', 'RedTableWine', 'Chianti', 'Wine', 'SweetRiesling', 'Meritage', 'Meursault', 'Chardonnay', 'RedWine', 'WineBody', 'DryRiesling', 'WineDescriptor', 'IceWine', 'Muscadet', 'Pauillac', 'WineTaste', 'ItalianWine', 'WineColor', 'StEmilion', 'Bordeaux']<|eot_id|><|start_header_id|>user<|end_header_id|>

PageMillWineryCabernetSauvignon<|eot_id|><|start_header_id|>assistant<|end_header_id|>

1. CabernetSauvignon
2. Wine
3. Bordeaux
4. Meritage<|eot_id|>
2024-10-30 19:06:31,419 [INFO] root predict:predict 29:: <|begin_of_text|><|begin_of_text|><|start_header_id|>system<|end_header_id|>

You are a helpful assistant that responds with a ranked list of classes that a user input belongs to. Generate a list of the top 4 most likely classes. Do not generate a list of less than 4 classes. Do not provide any other information other than the list.
Create the ranked list considering only the provided classes
---
Classes: ['Margaux', 'PinotNoir', 'SauvignonBlanc', 'Semillon', 'VintageYear', 'Beaujolais', 'WineFlavor', 'Zinfandel', 'DessertWine', 'CotesDOr', 'Sancerre', 'Merlot', 'WineSugar', 'Grape', 'Winery', 'WhiteWine', 'CabernetFranc', 'WhiteBurgundy', 'Sauternes', 'Region', 'WineGrape', 'LateHarvest', 'CheninBlanc', 'PotableLiquid', 'Port', 'CabernetSauvignon', 'PetiteSyrah', 'Anjou', 'Riesling', 'RedTableWine', 'Chianti', 'Wine', 'SweetRiesling', 'Meritage', 'Meursault', 'Chardonnay', 'RedWine', 'WineBody', 'DryRiesling', 'WineDescriptor', 'IceWine', 'Muscadet', 'Pauillac', 'WineTaste', 'ItalianWine', 'WineColor', 'StEmilion', 'Bordeaux']<|eot_id|><|start_header_id|>user<|end_header_id|>

PauillacRegion<|eot_id|><|start_header_id|>assistant<|end_header_id|>

1. Region
2. Bordeaux
3. Pauillac
4. Wine<|eot_id|>
2024-10-30 19:06:33,545 [INFO] root predict:predict 29:: <|begin_of_text|><|begin_of_text|><|start_header_id|>system<|end_header_id|>

You are a helpful assistant that responds with a ranked list of classes that a user input belongs to. Generate a list of the top 4 most likely classes. Do not generate a list of less than 4 classes. Do not provide any other information other than the list.
Create the ranked list considering only the provided classes
---
Classes: ['Margaux', 'PinotNoir', 'SauvignonBlanc', 'Semillon', 'VintageYear', 'Beaujolais', 'WineFlavor', 'Zinfandel', 'DessertWine', 'CotesDOr', 'Sancerre', 'Merlot', 'WineSugar', 'Grape', 'Winery', 'WhiteWine', 'CabernetFranc', 'WhiteBurgundy', 'Sauternes', 'Region', 'WineGrape', 'LateHarvest', 'CheninBlanc', 'PotableLiquid', 'Port', 'CabernetSauvignon', 'PetiteSyrah', 'Anjou', 'Riesling', 'RedTableWine', 'Chianti', 'Wine', 'SweetRiesling', 'Meritage', 'Meursault', 'Chardonnay', 'RedWine', 'WineBody', 'DryRiesling', 'WineDescriptor', 'IceWine', 'Muscadet', 'Pauillac', 'WineTaste', 'ItalianWine', 'WineColor', 'StEmilion', 'Bordeaux']<|eot_id|><|start_header_id|>user<|end_header_id|>

PeterMccoy<|eot_id|><|start_header_id|>assistant<|end_header_id|>

1. Wine
2. Winery
3. Winery
4. WineGrape<|eot_id|>
2024-10-30 19:06:35,891 [INFO] root predict:predict 29:: <|begin_of_text|><|begin_of_text|><|start_header_id|>system<|end_header_id|>

You are a helpful assistant that responds with a ranked list of classes that a user input belongs to. Generate a list of the top 4 most likely classes. Do not generate a list of less than 4 classes. Do not provide any other information other than the list.
Create the ranked list considering only the provided classes
---
Classes: ['Margaux', 'PinotNoir', 'SauvignonBlanc', 'Semillon', 'VintageYear', 'Beaujolais', 'WineFlavor', 'Zinfandel', 'DessertWine', 'CotesDOr', 'Sancerre', 'Merlot', 'WineSugar', 'Grape', 'Winery', 'WhiteWine', 'CabernetFranc', 'WhiteBurgundy', 'Sauternes', 'Region', 'WineGrape', 'LateHarvest', 'CheninBlanc', 'PotableLiquid', 'Port', 'CabernetSauvignon', 'PetiteSyrah', 'Anjou', 'Riesling', 'RedTableWine', 'Chianti', 'Wine', 'SweetRiesling', 'Meritage', 'Meursault', 'Chardonnay', 'RedWine', 'WineBody', 'DryRiesling', 'WineDescriptor', 'IceWine', 'Muscadet', 'Pauillac', 'WineTaste', 'ItalianWine', 'WineColor', 'StEmilion', 'Bordeaux']<|eot_id|><|start_header_id|>user<|end_header_id|>

PeterMccoyChardonnay<|eot_id|><|start_header_id|>assistant<|end_header_id|>

1. Chardonnay
2. Wine
3. WhiteWine
4. RedWine<|eot_id|>
2024-10-30 19:06:37,943 [INFO] root predict:predict 29:: <|begin_of_text|><|begin_of_text|><|start_header_id|>system<|end_header_id|>

You are a helpful assistant that responds with a ranked list of classes that a user input belongs to. Generate a list of the top 4 most likely classes. Do not generate a list of less than 4 classes. Do not provide any other information other than the list.
Create the ranked list considering only the provided classes
---
Classes: ['Margaux', 'PinotNoir', 'SauvignonBlanc', 'Semillon', 'VintageYear', 'Beaujolais', 'WineFlavor', 'Zinfandel', 'DessertWine', 'CotesDOr', 'Sancerre', 'Merlot', 'WineSugar', 'Grape', 'Winery', 'WhiteWine', 'CabernetFranc', 'WhiteBurgundy', 'Sauternes', 'Region', 'WineGrape', 'LateHarvest', 'CheninBlanc', 'PotableLiquid', 'Port', 'CabernetSauvignon', 'PetiteSyrah', 'Anjou', 'Riesling', 'RedTableWine', 'Chianti', 'Wine', 'SweetRiesling', 'Meritage', 'Meursault', 'Chardonnay', 'RedWine', 'WineBody', 'DryRiesling', 'WineDescriptor', 'IceWine', 'Muscadet', 'Pauillac', 'WineTaste', 'ItalianWine', 'WineColor', 'StEmilion', 'Bordeaux']<|eot_id|><|start_header_id|>user<|end_header_id|>

PetiteSyrahGrape<|eot_id|><|start_header_id|>assistant<|end_header_id|>

1. PetiteSyrah
2. Grape
3. Wine
4. Syrah<|eot_id|>
2024-10-30 19:06:40,138 [INFO] root predict:predict 29:: <|begin_of_text|><|begin_of_text|><|start_header_id|>system<|end_header_id|>

You are a helpful assistant that responds with a ranked list of classes that a user input belongs to. Generate a list of the top 4 most likely classes. Do not generate a list of less than 4 classes. Do not provide any other information other than the list.
Create the ranked list considering only the provided classes
---
Classes: ['Margaux', 'PinotNoir', 'SauvignonBlanc', 'Semillon', 'VintageYear', 'Beaujolais', 'WineFlavor', 'Zinfandel', 'DessertWine', 'CotesDOr', 'Sancerre', 'Merlot', 'WineSugar', 'Grape', 'Winery', 'WhiteWine', 'CabernetFranc', 'WhiteBurgundy', 'Sauternes', 'Region', 'WineGrape', 'LateHarvest', 'CheninBlanc', 'PotableLiquid', 'Port', 'CabernetSauvignon', 'PetiteSyrah', 'Anjou', 'Riesling', 'RedTableWine', 'Chianti', 'Wine', 'SweetRiesling', 'Meritage', 'Meursault', 'Chardonnay', 'RedWine', 'WineBody', 'DryRiesling', 'WineDescriptor', 'IceWine', 'Muscadet', 'Pauillac', 'WineTaste', 'ItalianWine', 'WineColor', 'StEmilion', 'Bordeaux']<|eot_id|><|start_header_id|>user<|end_header_id|>

PetiteVerdotGrape<|eot_id|><|start_header_id|>assistant<|end_header_id|>

1. Petite Syrah
2. Petite Sirah
3. Bordeaux
4. Meritage<|eot_id|>
2024-10-30 19:06:42,261 [INFO] root predict:predict 29:: <|begin_of_text|><|begin_of_text|><|start_header_id|>system<|end_header_id|>

You are a helpful assistant that responds with a ranked list of classes that a user input belongs to. Generate a list of the top 4 most likely classes. Do not generate a list of less than 4 classes. Do not provide any other information other than the list.
Create the ranked list considering only the provided classes
---
Classes: ['Margaux', 'PinotNoir', 'SauvignonBlanc', 'Semillon', 'VintageYear', 'Beaujolais', 'WineFlavor', 'Zinfandel', 'DessertWine', 'CotesDOr', 'Sancerre', 'Merlot', 'WineSugar', 'Grape', 'Winery', 'WhiteWine', 'CabernetFranc', 'WhiteBurgundy', 'Sauternes', 'Region', 'WineGrape', 'LateHarvest', 'CheninBlanc', 'PotableLiquid', 'Port', 'CabernetSauvignon', 'PetiteSyrah', 'Anjou', 'Riesling', 'RedTableWine', 'Chianti', 'Wine', 'SweetRiesling', 'Meritage', 'Meursault', 'Chardonnay', 'RedWine', 'WineBody', 'DryRiesling', 'WineDescriptor', 'IceWine', 'Muscadet', 'Pauillac', 'WineTaste', 'ItalianWine', 'WineColor', 'StEmilion', 'Bordeaux']<|eot_id|><|start_header_id|>user<|end_header_id|>

PinotBlancGrape<|eot_id|><|start_header_id|>assistant<|end_header_id|>

1. WhiteWine
2. Wine
3. Grape
4. WineGrape<|eot_id|>
2024-10-30 19:06:44,384 [INFO] root predict:predict 29:: <|begin_of_text|><|begin_of_text|><|start_header_id|>system<|end_header_id|>

You are a helpful assistant that responds with a ranked list of classes that a user input belongs to. Generate a list of the top 4 most likely classes. Do not generate a list of less than 4 classes. Do not provide any other information other than the list.
Create the ranked list considering only the provided classes
---
Classes: ['Margaux', 'PinotNoir', 'SauvignonBlanc', 'Semillon', 'VintageYear', 'Beaujolais', 'WineFlavor', 'Zinfandel', 'DessertWine', 'CotesDOr', 'Sancerre', 'Merlot', 'WineSugar', 'Grape', 'Winery', 'WhiteWine', 'CabernetFranc', 'WhiteBurgundy', 'Sauternes', 'Region', 'WineGrape', 'LateHarvest', 'CheninBlanc', 'PotableLiquid', 'Port', 'CabernetSauvignon', 'PetiteSyrah', 'Anjou', 'Riesling', 'RedTableWine', 'Chianti', 'Wine', 'SweetRiesling', 'Meritage', 'Meursault', 'Chardonnay', 'RedWine', 'WineBody', 'DryRiesling', 'WineDescriptor', 'IceWine', 'Muscadet', 'Pauillac', 'WineTaste', 'ItalianWine', 'WineColor', 'StEmilion', 'Bordeaux']<|eot_id|><|start_header_id|>user<|end_header_id|>

PinotNoirGrape<|eot_id|><|start_header_id|>assistant<|end_header_id|>

1. Pinot Noir
2. Grape
3. RedWine
4. Wine<|eot_id|>
2024-10-30 19:06:45,613 [INFO] root predict:predict 29:: <|begin_of_text|><|begin_of_text|><|start_header_id|>system<|end_header_id|>

You are a helpful assistant that responds with a ranked list of classes that a user input belongs to. Generate a list of the top 4 most likely classes. Do not generate a list of less than 4 classes. Do not provide any other information other than the list.
Create the ranked list considering only the provided classes
---
Classes: ['Margaux', 'PinotNoir', 'SauvignonBlanc', 'Semillon', 'VintageYear', 'Beaujolais', 'WineFlavor', 'Zinfandel', 'DessertWine', 'CotesDOr', 'Sancerre', 'Merlot', 'WineSugar', 'Grape', 'Winery', 'WhiteWine', 'CabernetFranc', 'WhiteBurgundy', 'Sauternes', 'Region', 'WineGrape', 'LateHarvest', 'CheninBlanc', 'PotableLiquid', 'Port', 'CabernetSauvignon', 'PetiteSyrah', 'Anjou', 'Riesling', 'RedTableWine', 'Chianti', 'Wine', 'SweetRiesling', 'Meritage', 'Meursault', 'Chardonnay', 'RedWine', 'WineBody', 'DryRiesling', 'WineDescriptor', 'IceWine', 'Muscadet', 'Pauillac', 'WineTaste', 'ItalianWine', 'WineColor', 'StEmilion', 'Bordeaux']<|eot_id|><|start_header_id|>user<|end_header_id|>

PortugalRegion<|eot_id|><|start_header_id|>assistant<|end_header_id|>

1. Region
2. Bordeaux<|eot_id|>
2024-10-30 19:06:48,263 [INFO] root predict:predict 29:: <|begin_of_text|><|begin_of_text|><|start_header_id|>system<|end_header_id|>

You are a helpful assistant that responds with a ranked list of classes that a user input belongs to. Generate a list of the top 4 most likely classes. Do not generate a list of less than 4 classes. Do not provide any other information other than the list.
Create the ranked list considering only the provided classes
---
Classes: ['Margaux', 'PinotNoir', 'SauvignonBlanc', 'Semillon', 'VintageYear', 'Beaujolais', 'WineFlavor', 'Zinfandel', 'DessertWine', 'CotesDOr', 'Sancerre', 'Merlot', 'WineSugar', 'Grape', 'Winery', 'WhiteWine', 'CabernetFranc', 'WhiteBurgundy', 'Sauternes', 'Region', 'WineGrape', 'LateHarvest', 'CheninBlanc', 'PotableLiquid', 'Port', 'CabernetSauvignon', 'PetiteSyrah', 'Anjou', 'Riesling', 'RedTableWine', 'Chianti', 'Wine', 'SweetRiesling', 'Meritage', 'Meursault', 'Chardonnay', 'RedWine', 'WineBody', 'DryRiesling', 'WineDescriptor', 'IceWine', 'Muscadet', 'Pauillac', 'WineTaste', 'ItalianWine', 'WineColor', 'StEmilion', 'Bordeaux']<|eot_id|><|start_header_id|>user<|end_header_id|>

PulignyMontrachet<|eot_id|><|start_header_id|>assistant<|end_header_id|>

1. WhiteBurgundy
2. Chardonnay
3. Meursault
4. PinotNoir<|eot_id|>
2024-10-30 19:06:50,683 [INFO] root predict:predict 29:: <|begin_of_text|><|begin_of_text|><|start_header_id|>system<|end_header_id|>

You are a helpful assistant that responds with a ranked list of classes that a user input belongs to. Generate a list of the top 4 most likely classes. Do not generate a list of less than 4 classes. Do not provide any other information other than the list.
Create the ranked list considering only the provided classes
---
Classes: ['Margaux', 'PinotNoir', 'SauvignonBlanc', 'Semillon', 'VintageYear', 'Beaujolais', 'WineFlavor', 'Zinfandel', 'DessertWine', 'CotesDOr', 'Sancerre', 'Merlot', 'WineSugar', 'Grape', 'Winery', 'WhiteWine', 'CabernetFranc', 'WhiteBurgundy', 'Sauternes', 'Region', 'WineGrape', 'LateHarvest', 'CheninBlanc', 'PotableLiquid', 'Port', 'CabernetSauvignon', 'PetiteSyrah', 'Anjou', 'Riesling', 'RedTableWine', 'Chianti', 'Wine', 'SweetRiesling', 'Meritage', 'Meursault', 'Chardonnay', 'RedWine', 'WineBody', 'DryRiesling', 'WineDescriptor', 'IceWine', 'Muscadet', 'Pauillac', 'WineTaste', 'ItalianWine', 'WineColor', 'StEmilion', 'Bordeaux']<|eot_id|><|start_header_id|>user<|end_header_id|>

PulignyMontrachetWhiteBurgundy<|eot_id|><|start_header_id|>assistant<|end_header_id|>

1. WhiteBurgundy
2. WhiteWine
3. Wine
4. Chardonnay<|eot_id|>
2024-10-30 19:06:53,247 [INFO] root predict:predict 29:: <|begin_of_text|><|begin_of_text|><|start_header_id|>system<|end_header_id|>

You are a helpful assistant that responds with a ranked list of classes that a user input belongs to. Generate a list of the top 4 most likely classes. Do not generate a list of less than 4 classes. Do not provide any other information other than the list.
Create the ranked list considering only the provided classes
---
Classes: ['Margaux', 'PinotNoir', 'SauvignonBlanc', 'Semillon', 'VintageYear', 'Beaujolais', 'WineFlavor', 'Zinfandel', 'DessertWine', 'CotesDOr', 'Sancerre', 'Merlot', 'WineSugar', 'Grape', 'Winery', 'WhiteWine', 'CabernetFranc', 'WhiteBurgundy', 'Sauternes', 'Region', 'WineGrape', 'LateHarvest', 'CheninBlanc', 'PotableLiquid', 'Port', 'CabernetSauvignon', 'PetiteSyrah', 'Anjou', 'Riesling', 'RedTableWine', 'Chianti', 'Wine', 'SweetRiesling', 'Meritage', 'Meursault', 'Chardonnay', 'RedWine', 'WineBody', 'DryRiesling', 'WineDescriptor', 'IceWine', 'Muscadet', 'Pauillac', 'WineTaste', 'ItalianWine', 'WineColor', 'StEmilion', 'Bordeaux']<|eot_id|><|start_header_id|>user<|end_header_id|>

Red<|eot_id|><|start_header_id|>assistant<|end_header_id|>

1. RedWine
2. RedTableWine
3. CabernetSauvignon
4. Merlot<|eot_id|>
2024-10-30 19:06:55,373 [INFO] root predict:predict 29:: <|begin_of_text|><|begin_of_text|><|start_header_id|>system<|end_header_id|>

You are a helpful assistant that responds with a ranked list of classes that a user input belongs to. Generate a list of the top 4 most likely classes. Do not generate a list of less than 4 classes. Do not provide any other information other than the list.
Create the ranked list considering only the provided classes
---
Classes: ['Margaux', 'PinotNoir', 'SauvignonBlanc', 'Semillon', 'VintageYear', 'Beaujolais', 'WineFlavor', 'Zinfandel', 'DessertWine', 'CotesDOr', 'Sancerre', 'Merlot', 'WineSugar', 'Grape', 'Winery', 'WhiteWine', 'CabernetFranc', 'WhiteBurgundy', 'Sauternes', 'Region', 'WineGrape', 'LateHarvest', 'CheninBlanc', 'PotableLiquid', 'Port', 'CabernetSauvignon', 'PetiteSyrah', 'Anjou', 'Riesling', 'RedTableWine', 'Chianti', 'Wine', 'SweetRiesling', 'Meritage', 'Meursault', 'Chardonnay', 'RedWine', 'WineBody', 'DryRiesling', 'WineDescriptor', 'IceWine', 'Muscadet', 'Pauillac', 'WineTaste', 'ItalianWine', 'WineColor', 'StEmilion', 'Bordeaux']<|eot_id|><|start_header_id|>user<|end_header_id|>

RieslingGrape<|eot_id|><|start_header_id|>assistant<|end_header_id|>

1. Riesling
2. Grape
3. Wine
4. WhiteWine<|eot_id|>
2024-10-30 19:06:58,016 [INFO] root predict:predict 29:: <|begin_of_text|><|begin_of_text|><|start_header_id|>system<|end_header_id|>

You are a helpful assistant that responds with a ranked list of classes that a user input belongs to. Generate a list of the top 4 most likely classes. Do not generate a list of less than 4 classes. Do not provide any other information other than the list.
Create the ranked list considering only the provided classes
---
Classes: ['Margaux', 'PinotNoir', 'SauvignonBlanc', 'Semillon', 'VintageYear', 'Beaujolais', 'WineFlavor', 'Zinfandel', 'DessertWine', 'CotesDOr', 'Sancerre', 'Merlot', 'WineSugar', 'Grape', 'Winery', 'WhiteWine', 'CabernetFranc', 'WhiteBurgundy', 'Sauternes', 'Region', 'WineGrape', 'LateHarvest', 'CheninBlanc', 'PotableLiquid', 'Port', 'CabernetSauvignon', 'PetiteSyrah', 'Anjou', 'Riesling', 'RedTableWine', 'Chianti', 'Wine', 'SweetRiesling', 'Meritage', 'Meursault', 'Chardonnay', 'RedWine', 'WineBody', 'DryRiesling', 'WineDescriptor', 'IceWine', 'Muscadet', 'Pauillac', 'WineTaste', 'ItalianWine', 'WineColor', 'StEmilion', 'Bordeaux']<|eot_id|><|start_header_id|>user<|end_header_id|>

Rose<|eot_id|><|start_header_id|>assistant<|end_header_id|>

1. Beaujolais
2. PinotNoir
3. Merlot
4. CabernetSauvignon<|eot_id|>
2024-10-30 19:07:00,360 [INFO] root predict:predict 29:: <|begin_of_text|><|begin_of_text|><|start_header_id|>system<|end_header_id|>

You are a helpful assistant that responds with a ranked list of classes that a user input belongs to. Generate a list of the top 4 most likely classes. Do not generate a list of less than 4 classes. Do not provide any other information other than the list.
Create the ranked list considering only the provided classes
---
Classes: ['Margaux', 'PinotNoir', 'SauvignonBlanc', 'Semillon', 'VintageYear', 'Beaujolais', 'WineFlavor', 'Zinfandel', 'DessertWine', 'CotesDOr', 'Sancerre', 'Merlot', 'WineSugar', 'Grape', 'Winery', 'WhiteWine', 'CabernetFranc', 'WhiteBurgundy', 'Sauternes', 'Region', 'WineGrape', 'LateHarvest', 'CheninBlanc', 'PotableLiquid', 'Port', 'CabernetSauvignon', 'PetiteSyrah', 'Anjou', 'Riesling', 'RedTableWine', 'Chianti', 'Wine', 'SweetRiesling', 'Meritage', 'Meursault', 'Chardonnay', 'RedWine', 'WineBody', 'DryRiesling', 'WineDescriptor', 'IceWine', 'Muscadet', 'Pauillac', 'WineTaste', 'ItalianWine', 'WineColor', 'StEmilion', 'Bordeaux']<|eot_id|><|start_header_id|>user<|end_header_id|>

RoseDAnjou<|eot_id|><|start_header_id|>assistant<|end_header_id|>

1. Beaujolais
2. Anjou
3. RoseWine
4. Wine<|eot_id|>
2024-10-30 19:07:01,739 [INFO] root predict:predict 29:: <|begin_of_text|><|begin_of_text|><|start_header_id|>system<|end_header_id|>

You are a helpful assistant that responds with a ranked list of classes that a user input belongs to. Generate a list of the top 4 most likely classes. Do not generate a list of less than 4 classes. Do not provide any other information other than the list.
Create the ranked list considering only the provided classes
---
Classes: ['Margaux', 'PinotNoir', 'SauvignonBlanc', 'Semillon', 'VintageYear', 'Beaujolais', 'WineFlavor', 'Zinfandel', 'DessertWine', 'CotesDOr', 'Sancerre', 'Merlot', 'WineSugar', 'Grape', 'Winery', 'WhiteWine', 'CabernetFranc', 'WhiteBurgundy', 'Sauternes', 'Region', 'WineGrape', 'LateHarvest', 'CheninBlanc', 'PotableLiquid', 'Port', 'CabernetSauvignon', 'PetiteSyrah', 'Anjou', 'Riesling', 'RedTableWine', 'Chianti', 'Wine', 'SweetRiesling', 'Meritage', 'Meursault', 'Chardonnay', 'RedWine', 'WineBody', 'DryRiesling', 'WineDescriptor', 'IceWine', 'Muscadet', 'Pauillac', 'WineTaste', 'ItalianWine', 'WineColor', 'StEmilion', 'Bordeaux']<|eot_id|><|start_header_id|>user<|end_header_id|>

SancerreRegion<|eot_id|><|start_header_id|>assistant<|end_header_id|>

1. Region
2. Sancerre<|eot_id|>
2024-10-30 19:07:04,082 [INFO] root predict:predict 29:: <|begin_of_text|><|begin_of_text|><|start_header_id|>system<|end_header_id|>

You are a helpful assistant that responds with a ranked list of classes that a user input belongs to. Generate a list of the top 4 most likely classes. Do not generate a list of less than 4 classes. Do not provide any other information other than the list.
Create the ranked list considering only the provided classes
---
Classes: ['Margaux', 'PinotNoir', 'SauvignonBlanc', 'Semillon', 'VintageYear', 'Beaujolais', 'WineFlavor', 'Zinfandel', 'DessertWine', 'CotesDOr', 'Sancerre', 'Merlot', 'WineSugar', 'Grape', 'Winery', 'WhiteWine', 'CabernetFranc', 'WhiteBurgundy', 'Sauternes', 'Region', 'WineGrape', 'LateHarvest', 'CheninBlanc', 'PotableLiquid', 'Port', 'CabernetSauvignon', 'PetiteSyrah', 'Anjou', 'Riesling', 'RedTableWine', 'Chianti', 'Wine', 'SweetRiesling', 'Meritage', 'Meursault', 'Chardonnay', 'RedWine', 'WineBody', 'DryRiesling', 'WineDescriptor', 'IceWine', 'Muscadet', 'Pauillac', 'WineTaste', 'ItalianWine', 'WineColor', 'StEmilion', 'Bordeaux']<|eot_id|><|start_header_id|>user<|end_header_id|>

SangioveseGrape<|eot_id|><|start_header_id|>assistant<|end_header_id|>

1. Meritage
2. Chianti
3. ItalianWine
4. RedWine<|eot_id|>
2024-10-30 19:07:06,127 [INFO] root predict:predict 29:: <|begin_of_text|><|begin_of_text|><|start_header_id|>system<|end_header_id|>

You are a helpful assistant that responds with a ranked list of classes that a user input belongs to. Generate a list of the top 4 most likely classes. Do not generate a list of less than 4 classes. Do not provide any other information other than the list.
Create the ranked list considering only the provided classes
---
Classes: ['Margaux', 'PinotNoir', 'SauvignonBlanc', 'Semillon', 'VintageYear', 'Beaujolais', 'WineFlavor', 'Zinfandel', 'DessertWine', 'CotesDOr', 'Sancerre', 'Merlot', 'WineSugar', 'Grape', 'Winery', 'WhiteWine', 'CabernetFranc', 'WhiteBurgundy', 'Sauternes', 'Region', 'WineGrape', 'LateHarvest', 'CheninBlanc', 'PotableLiquid', 'Port', 'CabernetSauvignon', 'PetiteSyrah', 'Anjou', 'Riesling', 'RedTableWine', 'Chianti', 'Wine', 'SweetRiesling', 'Meritage', 'Meursault', 'Chardonnay', 'RedWine', 'WineBody', 'DryRiesling', 'WineDescriptor', 'IceWine', 'Muscadet', 'Pauillac', 'WineTaste', 'ItalianWine', 'WineColor', 'StEmilion', 'Bordeaux']<|eot_id|><|start_header_id|>user<|end_header_id|>

SantaBarbaraRegion<|eot_id|><|start_header_id|>assistant<|end_header_id|>

1. Region
2. WineRegion
3. Bordeaux
4. ItalianWine<|eot_id|>
2024-10-30 19:07:08,181 [INFO] root predict:predict 29:: <|begin_of_text|><|begin_of_text|><|start_header_id|>system<|end_header_id|>

You are a helpful assistant that responds with a ranked list of classes that a user input belongs to. Generate a list of the top 4 most likely classes. Do not generate a list of less than 4 classes. Do not provide any other information other than the list.
Create the ranked list considering only the provided classes
---
Classes: ['Margaux', 'PinotNoir', 'SauvignonBlanc', 'Semillon', 'VintageYear', 'Beaujolais', 'WineFlavor', 'Zinfandel', 'DessertWine', 'CotesDOr', 'Sancerre', 'Merlot', 'WineSugar', 'Grape', 'Winery', 'WhiteWine', 'CabernetFranc', 'WhiteBurgundy', 'Sauternes', 'Region', 'WineGrape', 'LateHarvest', 'CheninBlanc', 'PotableLiquid', 'Port', 'CabernetSauvignon', 'PetiteSyrah', 'Anjou', 'Riesling', 'RedTableWine', 'Chianti', 'Wine', 'SweetRiesling', 'Meritage', 'Meursault', 'Chardonnay', 'RedWine', 'WineBody', 'DryRiesling', 'WineDescriptor', 'IceWine', 'Muscadet', 'Pauillac', 'WineTaste', 'ItalianWine', 'WineColor', 'StEmilion', 'Bordeaux']<|eot_id|><|start_header_id|>user<|end_header_id|>

SantaCruzMountainVineyard<|eot_id|><|start_header_id|>assistant<|end_header_id|>

1. Meritage
2. Bordeaux
3. RedWine
4. Wine<|eot_id|>
2024-10-30 19:07:10,457 [INFO] root predict:predict 29:: <|begin_of_text|><|begin_of_text|><|start_header_id|>system<|end_header_id|>

You are a helpful assistant that responds with a ranked list of classes that a user input belongs to. Generate a list of the top 4 most likely classes. Do not generate a list of less than 4 classes. Do not provide any other information other than the list.
Create the ranked list considering only the provided classes
---
Classes: ['Margaux', 'PinotNoir', 'SauvignonBlanc', 'Semillon', 'VintageYear', 'Beaujolais', 'WineFlavor', 'Zinfandel', 'DessertWine', 'CotesDOr', 'Sancerre', 'Merlot', 'WineSugar', 'Grape', 'Winery', 'WhiteWine', 'CabernetFranc', 'WhiteBurgundy', 'Sauternes', 'Region', 'WineGrape', 'LateHarvest', 'CheninBlanc', 'PotableLiquid', 'Port', 'CabernetSauvignon', 'PetiteSyrah', 'Anjou', 'Riesling', 'RedTableWine', 'Chianti', 'Wine', 'SweetRiesling', 'Meritage', 'Meursault', 'Chardonnay', 'RedWine', 'WineBody', 'DryRiesling', 'WineDescriptor', 'IceWine', 'Muscadet', 'Pauillac', 'WineTaste', 'ItalianWine', 'WineColor', 'StEmilion', 'Bordeaux']<|eot_id|><|start_header_id|>user<|end_header_id|>

SantaCruzMountainVineyardCabernetSauvignon<|eot_id|><|start_header_id|>assistant<|end_header_id|>

1. CabernetSauvignon
2. Wine
3. RedWine
4. Bordeaux<|eot_id|>
2024-10-30 19:07:12,433 [INFO] root predict:predict 29:: <|begin_of_text|><|begin_of_text|><|start_header_id|>system<|end_header_id|>

You are a helpful assistant that responds with a ranked list of classes that a user input belongs to. Generate a list of the top 4 most likely classes. Do not generate a list of less than 4 classes. Do not provide any other information other than the list.
Create the ranked list considering only the provided classes
---
Classes: ['Margaux', 'PinotNoir', 'SauvignonBlanc', 'Semillon', 'VintageYear', 'Beaujolais', 'WineFlavor', 'Zinfandel', 'DessertWine', 'CotesDOr', 'Sancerre', 'Merlot', 'WineSugar', 'Grape', 'Winery', 'WhiteWine', 'CabernetFranc', 'WhiteBurgundy', 'Sauternes', 'Region', 'WineGrape', 'LateHarvest', 'CheninBlanc', 'PotableLiquid', 'Port', 'CabernetSauvignon', 'PetiteSyrah', 'Anjou', 'Riesling', 'RedTableWine', 'Chianti', 'Wine', 'SweetRiesling', 'Meritage', 'Meursault', 'Chardonnay', 'RedWine', 'WineBody', 'DryRiesling', 'WineDescriptor', 'IceWine', 'Muscadet', 'Pauillac', 'WineTaste', 'ItalianWine', 'WineColor', 'StEmilion', 'Bordeaux']<|eot_id|><|start_header_id|>user<|end_header_id|>

SantaCruzMountainsRegion<|eot_id|><|start_header_id|>assistant<|end_header_id|>

1. Region
2. Bordeaux
3. RedWine
4. Wine<|eot_id|>
2024-10-30 19:07:14,776 [INFO] root predict:predict 29:: <|begin_of_text|><|begin_of_text|><|start_header_id|>system<|end_header_id|>

You are a helpful assistant that responds with a ranked list of classes that a user input belongs to. Generate a list of the top 4 most likely classes. Do not generate a list of less than 4 classes. Do not provide any other information other than the list.
Create the ranked list considering only the provided classes
---
Classes: ['Margaux', 'PinotNoir', 'SauvignonBlanc', 'Semillon', 'VintageYear', 'Beaujolais', 'WineFlavor', 'Zinfandel', 'DessertWine', 'CotesDOr', 'Sancerre', 'Merlot', 'WineSugar', 'Grape', 'Winery', 'WhiteWine', 'CabernetFranc', 'WhiteBurgundy', 'Sauternes', 'Region', 'WineGrape', 'LateHarvest', 'CheninBlanc', 'PotableLiquid', 'Port', 'CabernetSauvignon', 'PetiteSyrah', 'Anjou', 'Riesling', 'RedTableWine', 'Chianti', 'Wine', 'SweetRiesling', 'Meritage', 'Meursault', 'Chardonnay', 'RedWine', 'WineBody', 'DryRiesling', 'WineDescriptor', 'IceWine', 'Muscadet', 'Pauillac', 'WineTaste', 'ItalianWine', 'WineColor', 'StEmilion', 'Bordeaux']<|eot_id|><|start_header_id|>user<|end_header_id|>

SaucelitoCanyon<|eot_id|><|start_header_id|>assistant<|end_header_id|>

1. Sauvignon
2. Pinot Noir
3. Merlot
4. Zinfandel<|eot_id|>
2024-10-30 19:07:17,050 [INFO] root predict:predict 29:: <|begin_of_text|><|begin_of_text|><|start_header_id|>system<|end_header_id|>

You are a helpful assistant that responds with a ranked list of classes that a user input belongs to. Generate a list of the top 4 most likely classes. Do not generate a list of less than 4 classes. Do not provide any other information other than the list.
Create the ranked list considering only the provided classes
---
Classes: ['Margaux', 'PinotNoir', 'SauvignonBlanc', 'Semillon', 'VintageYear', 'Beaujolais', 'WineFlavor', 'Zinfandel', 'DessertWine', 'CotesDOr', 'Sancerre', 'Merlot', 'WineSugar', 'Grape', 'Winery', 'WhiteWine', 'CabernetFranc', 'WhiteBurgundy', 'Sauternes', 'Region', 'WineGrape', 'LateHarvest', 'CheninBlanc', 'PotableLiquid', 'Port', 'CabernetSauvignon', 'PetiteSyrah', 'Anjou', 'Riesling', 'RedTableWine', 'Chianti', 'Wine', 'SweetRiesling', 'Meritage', 'Meursault', 'Chardonnay', 'RedWine', 'WineBody', 'DryRiesling', 'WineDescriptor', 'IceWine', 'Muscadet', 'Pauillac', 'WineTaste', 'ItalianWine', 'WineColor', 'StEmilion', 'Bordeaux']<|eot_id|><|start_header_id|>user<|end_header_id|>

SaucelitoCanyonZinfandel<|eot_id|><|start_header_id|>assistant<|end_header_id|>

1. Zinfandel
2. RedWine
3. Wine
4. WineGrape<|eot_id|>
2024-10-30 19:07:19,844 [INFO] root predict:predict 29:: <|begin_of_text|><|begin_of_text|><|start_header_id|>system<|end_header_id|>

You are a helpful assistant that responds with a ranked list of classes that a user input belongs to. Generate a list of the top 4 most likely classes. Do not generate a list of less than 4 classes. Do not provide any other information other than the list.
Create the ranked list considering only the provided classes
---
Classes: ['Margaux', 'PinotNoir', 'SauvignonBlanc', 'Semillon', 'VintageYear', 'Beaujolais', 'WineFlavor', 'Zinfandel', 'DessertWine', 'CotesDOr', 'Sancerre', 'Merlot', 'WineSugar', 'Grape', 'Winery', 'WhiteWine', 'CabernetFranc', 'WhiteBurgundy', 'Sauternes', 'Region', 'WineGrape', 'LateHarvest', 'CheninBlanc', 'PotableLiquid', 'Port', 'CabernetSauvignon', 'PetiteSyrah', 'Anjou', 'Riesling', 'RedTableWine', 'Chianti', 'Wine', 'SweetRiesling', 'Meritage', 'Meursault', 'Chardonnay', 'RedWine', 'WineBody', 'DryRiesling', 'WineDescriptor', 'IceWine', 'Muscadet', 'Pauillac', 'WineTaste', 'ItalianWine', 'WineColor', 'StEmilion', 'Bordeaux']<|eot_id|><|start_header_id|>user<|end_header_id|>

SaucelitoCanyonZinfandel1998<|eot_id|><|start_header_id|>assistant<|end_header_id|>

Here is the ranked list of classes:

1. Zinfandel
2. Wine
3. RedWine
4. VintageYear<|eot_id|>
2024-10-30 19:07:22,115 [INFO] root predict:predict 29:: <|begin_of_text|><|begin_of_text|><|start_header_id|>system<|end_header_id|>

You are a helpful assistant that responds with a ranked list of classes that a user input belongs to. Generate a list of the top 4 most likely classes. Do not generate a list of less than 4 classes. Do not provide any other information other than the list.
Create the ranked list considering only the provided classes
---
Classes: ['Margaux', 'PinotNoir', 'SauvignonBlanc', 'Semillon', 'VintageYear', 'Beaujolais', 'WineFlavor', 'Zinfandel', 'DessertWine', 'CotesDOr', 'Sancerre', 'Merlot', 'WineSugar', 'Grape', 'Winery', 'WhiteWine', 'CabernetFranc', 'WhiteBurgundy', 'Sauternes', 'Region', 'WineGrape', 'LateHarvest', 'CheninBlanc', 'PotableLiquid', 'Port', 'CabernetSauvignon', 'PetiteSyrah', 'Anjou', 'Riesling', 'RedTableWine', 'Chianti', 'Wine', 'SweetRiesling', 'Meritage', 'Meursault', 'Chardonnay', 'RedWine', 'WineBody', 'DryRiesling', 'WineDescriptor', 'IceWine', 'Muscadet', 'Pauillac', 'WineTaste', 'ItalianWine', 'WineColor', 'StEmilion', 'Bordeaux']<|eot_id|><|start_header_id|>user<|end_header_id|>

SauterneRegion<|eot_id|><|start_header_id|>assistant<|end_header_id|>

1. Sauternes
2. Sauternes
3. WhiteWine
4. Wine<|eot_id|>
2024-10-30 19:07:24,391 [INFO] root predict:predict 29:: <|begin_of_text|><|begin_of_text|><|start_header_id|>system<|end_header_id|>

You are a helpful assistant that responds with a ranked list of classes that a user input belongs to. Generate a list of the top 4 most likely classes. Do not generate a list of less than 4 classes. Do not provide any other information other than the list.
Create the ranked list considering only the provided classes
---
Classes: ['Margaux', 'PinotNoir', 'SauvignonBlanc', 'Semillon', 'VintageYear', 'Beaujolais', 'WineFlavor', 'Zinfandel', 'DessertWine', 'CotesDOr', 'Sancerre', 'Merlot', 'WineSugar', 'Grape', 'Winery', 'WhiteWine', 'CabernetFranc', 'WhiteBurgundy', 'Sauternes', 'Region', 'WineGrape', 'LateHarvest', 'CheninBlanc', 'PotableLiquid', 'Port', 'CabernetSauvignon', 'PetiteSyrah', 'Anjou', 'Riesling', 'RedTableWine', 'Chianti', 'Wine', 'SweetRiesling', 'Meritage', 'Meursault', 'Chardonnay', 'RedWine', 'WineBody', 'DryRiesling', 'WineDescriptor', 'IceWine', 'Muscadet', 'Pauillac', 'WineTaste', 'ItalianWine', 'WineColor', 'StEmilion', 'Bordeaux']<|eot_id|><|start_header_id|>user<|end_header_id|>

SauvignonBlancGrape<|eot_id|><|start_header_id|>assistant<|end_header_id|>

1. WhiteWine
2. Wine
3. Grape
4. SauvignonBlanc<|eot_id|>
2024-10-30 19:07:26,510 [INFO] root predict:predict 29:: <|begin_of_text|><|begin_of_text|><|start_header_id|>system<|end_header_id|>

You are a helpful assistant that responds with a ranked list of classes that a user input belongs to. Generate a list of the top 4 most likely classes. Do not generate a list of less than 4 classes. Do not provide any other information other than the list.
Create the ranked list considering only the provided classes
---
Classes: ['Margaux', 'PinotNoir', 'SauvignonBlanc', 'Semillon', 'VintageYear', 'Beaujolais', 'WineFlavor', 'Zinfandel', 'DessertWine', 'CotesDOr', 'Sancerre', 'Merlot', 'WineSugar', 'Grape', 'Winery', 'WhiteWine', 'CabernetFranc', 'WhiteBurgundy', 'Sauternes', 'Region', 'WineGrape', 'LateHarvest', 'CheninBlanc', 'PotableLiquid', 'Port', 'CabernetSauvignon', 'PetiteSyrah', 'Anjou', 'Riesling', 'RedTableWine', 'Chianti', 'Wine', 'SweetRiesling', 'Meritage', 'Meursault', 'Chardonnay', 'RedWine', 'WineBody', 'DryRiesling', 'WineDescriptor', 'IceWine', 'Muscadet', 'Pauillac', 'WineTaste', 'ItalianWine', 'WineColor', 'StEmilion', 'Bordeaux']<|eot_id|><|start_header_id|>user<|end_header_id|>

SchlossRothermel<|eot_id|><|start_header_id|>assistant<|end_header_id|>

1. Wine
2. RedWine
3. Bordeaux
4. Pauillac<|eot_id|>
2024-10-30 19:07:28,859 [INFO] root predict:predict 29:: <|begin_of_text|><|begin_of_text|><|start_header_id|>system<|end_header_id|>

You are a helpful assistant that responds with a ranked list of classes that a user input belongs to. Generate a list of the top 4 most likely classes. Do not generate a list of less than 4 classes. Do not provide any other information other than the list.
Create the ranked list considering only the provided classes
---
Classes: ['Margaux', 'PinotNoir', 'SauvignonBlanc', 'Semillon', 'VintageYear', 'Beaujolais', 'WineFlavor', 'Zinfandel', 'DessertWine', 'CotesDOr', 'Sancerre', 'Merlot', 'WineSugar', 'Grape', 'Winery', 'WhiteWine', 'CabernetFranc', 'WhiteBurgundy', 'Sauternes', 'Region', 'WineGrape', 'LateHarvest', 'CheninBlanc', 'PotableLiquid', 'Port', 'CabernetSauvignon', 'PetiteSyrah', 'Anjou', 'Riesling', 'RedTableWine', 'Chianti', 'Wine', 'SweetRiesling', 'Meritage', 'Meursault', 'Chardonnay', 'RedWine', 'WineBody', 'DryRiesling', 'WineDescriptor', 'IceWine', 'Muscadet', 'Pauillac', 'WineTaste', 'ItalianWine', 'WineColor', 'StEmilion', 'Bordeaux']<|eot_id|><|start_header_id|>user<|end_header_id|>

SchlossRothermelTrochenbierenausleseRiesling<|eot_id|><|start_header_id|>assistant<|end_header_id|>

1. Wine
2. Riesling
3. DessertWine
4. IceWine<|eot_id|>
2024-10-30 19:07:31,057 [INFO] root predict:predict 29:: <|begin_of_text|><|begin_of_text|><|start_header_id|>system<|end_header_id|>

You are a helpful assistant that responds with a ranked list of classes that a user input belongs to. Generate a list of the top 4 most likely classes. Do not generate a list of less than 4 classes. Do not provide any other information other than the list.
Create the ranked list considering only the provided classes
---
Classes: ['Margaux', 'PinotNoir', 'SauvignonBlanc', 'Semillon', 'VintageYear', 'Beaujolais', 'WineFlavor', 'Zinfandel', 'DessertWine', 'CotesDOr', 'Sancerre', 'Merlot', 'WineSugar', 'Grape', 'Winery', 'WhiteWine', 'CabernetFranc', 'WhiteBurgundy', 'Sauternes', 'Region', 'WineGrape', 'LateHarvest', 'CheninBlanc', 'PotableLiquid', 'Port', 'CabernetSauvignon', 'PetiteSyrah', 'Anjou', 'Riesling', 'RedTableWine', 'Chianti', 'Wine', 'SweetRiesling', 'Meritage', 'Meursault', 'Chardonnay', 'RedWine', 'WineBody', 'DryRiesling', 'WineDescriptor', 'IceWine', 'Muscadet', 'Pauillac', 'WineTaste', 'ItalianWine', 'WineColor', 'StEmilion', 'Bordeaux']<|eot_id|><|start_header_id|>user<|end_header_id|>

SchlossVolrad<|eot_id|><|start_header_id|>assistant<|end_header_id|>

1. Wine
2. RedWine
3. PotableLiquid
4. WineDescriptor<|eot_id|>
2024-10-30 19:07:33,412 [INFO] root predict:predict 29:: <|begin_of_text|><|begin_of_text|><|start_header_id|>system<|end_header_id|>

You are a helpful assistant that responds with a ranked list of classes that a user input belongs to. Generate a list of the top 4 most likely classes. Do not generate a list of less than 4 classes. Do not provide any other information other than the list.
Create the ranked list considering only the provided classes
---
Classes: ['Margaux', 'PinotNoir', 'SauvignonBlanc', 'Semillon', 'VintageYear', 'Beaujolais', 'WineFlavor', 'Zinfandel', 'DessertWine', 'CotesDOr', 'Sancerre', 'Merlot', 'WineSugar', 'Grape', 'Winery', 'WhiteWine', 'CabernetFranc', 'WhiteBurgundy', 'Sauternes', 'Region', 'WineGrape', 'LateHarvest', 'CheninBlanc', 'PotableLiquid', 'Port', 'CabernetSauvignon', 'PetiteSyrah', 'Anjou', 'Riesling', 'RedTableWine', 'Chianti', 'Wine', 'SweetRiesling', 'Meritage', 'Meursault', 'Chardonnay', 'RedWine', 'WineBody', 'DryRiesling', 'WineDescriptor', 'IceWine', 'Muscadet', 'Pauillac', 'WineTaste', 'ItalianWine', 'WineColor', 'StEmilion', 'Bordeaux']<|eot_id|><|start_header_id|>user<|end_header_id|>

SchlossVolradTrochenbierenausleseRiesling<|eot_id|><|start_header_id|>assistant<|end_header_id|>

1. IceWine
2. Riesling
3. Wine
4. DessertWine<|eot_id|>
2024-10-30 19:07:35,610 [INFO] root predict:predict 29:: <|begin_of_text|><|begin_of_text|><|start_header_id|>system<|end_header_id|>

You are a helpful assistant that responds with a ranked list of classes that a user input belongs to. Generate a list of the top 4 most likely classes. Do not generate a list of less than 4 classes. Do not provide any other information other than the list.
Create the ranked list considering only the provided classes
---
Classes: ['Margaux', 'PinotNoir', 'SauvignonBlanc', 'Semillon', 'VintageYear', 'Beaujolais', 'WineFlavor', 'Zinfandel', 'DessertWine', 'CotesDOr', 'Sancerre', 'Merlot', 'WineSugar', 'Grape', 'Winery', 'WhiteWine', 'CabernetFranc', 'WhiteBurgundy', 'Sauternes', 'Region', 'WineGrape', 'LateHarvest', 'CheninBlanc', 'PotableLiquid', 'Port', 'CabernetSauvignon', 'PetiteSyrah', 'Anjou', 'Riesling', 'RedTableWine', 'Chianti', 'Wine', 'SweetRiesling', 'Meritage', 'Meursault', 'Chardonnay', 'RedWine', 'WineBody', 'DryRiesling', 'WineDescriptor', 'IceWine', 'Muscadet', 'Pauillac', 'WineTaste', 'ItalianWine', 'WineColor', 'StEmilion', 'Bordeaux']<|eot_id|><|start_header_id|>user<|end_header_id|>

SeanThackrey<|eot_id|><|start_header_id|>assistant<|end_header_id|>

1. Meritage
2. Bordeaux
3. Pauillac
4. StEmilion<|eot_id|>
2024-10-30 19:07:37,813 [INFO] root predict:predict 29:: <|begin_of_text|><|begin_of_text|><|start_header_id|>system<|end_header_id|>

You are a helpful assistant that responds with a ranked list of classes that a user input belongs to. Generate a list of the top 4 most likely classes. Do not generate a list of less than 4 classes. Do not provide any other information other than the list.
Create the ranked list considering only the provided classes
---
Classes: ['Margaux', 'PinotNoir', 'SauvignonBlanc', 'Semillon', 'VintageYear', 'Beaujolais', 'WineFlavor', 'Zinfandel', 'DessertWine', 'CotesDOr', 'Sancerre', 'Merlot', 'WineSugar', 'Grape', 'Winery', 'WhiteWine', 'CabernetFranc', 'WhiteBurgundy', 'Sauternes', 'Region', 'WineGrape', 'LateHarvest', 'CheninBlanc', 'PotableLiquid', 'Port', 'CabernetSauvignon', 'PetiteSyrah', 'Anjou', 'Riesling', 'RedTableWine', 'Chianti', 'Wine', 'SweetRiesling', 'Meritage', 'Meursault', 'Chardonnay', 'RedWine', 'WineBody', 'DryRiesling', 'WineDescriptor', 'IceWine', 'Muscadet', 'Pauillac', 'WineTaste', 'ItalianWine', 'WineColor', 'StEmilion', 'Bordeaux']<|eot_id|><|start_header_id|>user<|end_header_id|>

SeanThackreySiriusPetiteSyrah<|eot_id|><|start_header_id|>assistant<|end_header_id|>

1. PetiteSyrah
2. Syrah
3. RedWine
4. Wine<|eot_id|>
2024-10-30 19:07:39,938 [INFO] root predict:predict 29:: <|begin_of_text|><|begin_of_text|><|start_header_id|>system<|end_header_id|>

You are a helpful assistant that responds with a ranked list of classes that a user input belongs to. Generate a list of the top 4 most likely classes. Do not generate a list of less than 4 classes. Do not provide any other information other than the list.
Create the ranked list considering only the provided classes
---
Classes: ['Margaux', 'PinotNoir', 'SauvignonBlanc', 'Semillon', 'VintageYear', 'Beaujolais', 'WineFlavor', 'Zinfandel', 'DessertWine', 'CotesDOr', 'Sancerre', 'Merlot', 'WineSugar', 'Grape', 'Winery', 'WhiteWine', 'CabernetFranc', 'WhiteBurgundy', 'Sauternes', 'Region', 'WineGrape', 'LateHarvest', 'CheninBlanc', 'PotableLiquid', 'Port', 'CabernetSauvignon', 'PetiteSyrah', 'Anjou', 'Riesling', 'RedTableWine', 'Chianti', 'Wine', 'SweetRiesling', 'Meritage', 'Meursault', 'Chardonnay', 'RedWine', 'WineBody', 'DryRiesling', 'WineDescriptor', 'IceWine', 'Muscadet', 'Pauillac', 'WineTaste', 'ItalianWine', 'WineColor', 'StEmilion', 'Bordeaux']<|eot_id|><|start_header_id|>user<|end_header_id|>

Selaks<|eot_id|><|start_header_id|>assistant<|end_header_id|>

1. Wine
2. RedWine
3. Bordeaux
4. Pauillac<|eot_id|>
2024-10-30 19:07:42,062 [INFO] root predict:predict 29:: <|begin_of_text|><|begin_of_text|><|start_header_id|>system<|end_header_id|>

You are a helpful assistant that responds with a ranked list of classes that a user input belongs to. Generate a list of the top 4 most likely classes. Do not generate a list of less than 4 classes. Do not provide any other information other than the list.
Create the ranked list considering only the provided classes
---
Classes: ['Margaux', 'PinotNoir', 'SauvignonBlanc', 'Semillon', 'VintageYear', 'Beaujolais', 'WineFlavor', 'Zinfandel', 'DessertWine', 'CotesDOr', 'Sancerre', 'Merlot', 'WineSugar', 'Grape', 'Winery', 'WhiteWine', 'CabernetFranc', 'WhiteBurgundy', 'Sauternes', 'Region', 'WineGrape', 'LateHarvest', 'CheninBlanc', 'PotableLiquid', 'Port', 'CabernetSauvignon', 'PetiteSyrah', 'Anjou', 'Riesling', 'RedTableWine', 'Chianti', 'Wine', 'SweetRiesling', 'Meritage', 'Meursault', 'Chardonnay', 'RedWine', 'WineBody', 'DryRiesling', 'WineDescriptor', 'IceWine', 'Muscadet', 'Pauillac', 'WineTaste', 'ItalianWine', 'WineColor', 'StEmilion', 'Bordeaux']<|eot_id|><|start_header_id|>user<|end_header_id|>

SelaksIceWine<|eot_id|><|start_header_id|>assistant<|end_header_id|>

1. IceWine
2. Wine
3. Selaks
4. WineDescriptor<|eot_id|>
2024-10-30 19:07:44,408 [INFO] root predict:predict 29:: <|begin_of_text|><|begin_of_text|><|start_header_id|>system<|end_header_id|>

You are a helpful assistant that responds with a ranked list of classes that a user input belongs to. Generate a list of the top 4 most likely classes. Do not generate a list of less than 4 classes. Do not provide any other information other than the list.
Create the ranked list considering only the provided classes
---
Classes: ['Margaux', 'PinotNoir', 'SauvignonBlanc', 'Semillon', 'VintageYear', 'Beaujolais', 'WineFlavor', 'Zinfandel', 'DessertWine', 'CotesDOr', 'Sancerre', 'Merlot', 'WineSugar', 'Grape', 'Winery', 'WhiteWine', 'CabernetFranc', 'WhiteBurgundy', 'Sauternes', 'Region', 'WineGrape', 'LateHarvest', 'CheninBlanc', 'PotableLiquid', 'Port', 'CabernetSauvignon', 'PetiteSyrah', 'Anjou', 'Riesling', 'RedTableWine', 'Chianti', 'Wine', 'SweetRiesling', 'Meritage', 'Meursault', 'Chardonnay', 'RedWine', 'WineBody', 'DryRiesling', 'WineDescriptor', 'IceWine', 'Muscadet', 'Pauillac', 'WineTaste', 'ItalianWine', 'WineColor', 'StEmilion', 'Bordeaux']<|eot_id|><|start_header_id|>user<|end_header_id|>

SelaksSauvignonBlanc<|eot_id|><|start_header_id|>assistant<|end_header_id|>

1. WhiteWine
2. Wine
3. SauvignonBlanc
4. WineDescriptor<|eot_id|>
2024-10-30 19:07:46,607 [INFO] root predict:predict 29:: <|begin_of_text|><|begin_of_text|><|start_header_id|>system<|end_header_id|>

You are a helpful assistant that responds with a ranked list of classes that a user input belongs to. Generate a list of the top 4 most likely classes. Do not generate a list of less than 4 classes. Do not provide any other information other than the list.
Create the ranked list considering only the provided classes
---
Classes: ['Margaux', 'PinotNoir', 'SauvignonBlanc', 'Semillon', 'VintageYear', 'Beaujolais', 'WineFlavor', 'Zinfandel', 'DessertWine', 'CotesDOr', 'Sancerre', 'Merlot', 'WineSugar', 'Grape', 'Winery', 'WhiteWine', 'CabernetFranc', 'WhiteBurgundy', 'Sauternes', 'Region', 'WineGrape', 'LateHarvest', 'CheninBlanc', 'PotableLiquid', 'Port', 'CabernetSauvignon', 'PetiteSyrah', 'Anjou', 'Riesling', 'RedTableWine', 'Chianti', 'Wine', 'SweetRiesling', 'Meritage', 'Meursault', 'Chardonnay', 'RedWine', 'WineBody', 'DryRiesling', 'WineDescriptor', 'IceWine', 'Muscadet', 'Pauillac', 'WineTaste', 'ItalianWine', 'WineColor', 'StEmilion', 'Bordeaux']<|eot_id|><|start_header_id|>user<|end_header_id|>

SemillonGrape<|eot_id|><|start_header_id|>assistant<|end_header_id|>

1. Grape
2. Semillon
3. WineGrape
4. WhiteWine<|eot_id|>
2024-10-30 19:07:48,727 [INFO] root predict:predict 29:: <|begin_of_text|><|begin_of_text|><|start_header_id|>system<|end_header_id|>

You are a helpful assistant that responds with a ranked list of classes that a user input belongs to. Generate a list of the top 4 most likely classes. Do not generate a list of less than 4 classes. Do not provide any other information other than the list.
Create the ranked list considering only the provided classes
---
Classes: ['Margaux', 'PinotNoir', 'SauvignonBlanc', 'Semillon', 'VintageYear', 'Beaujolais', 'WineFlavor', 'Zinfandel', 'DessertWine', 'CotesDOr', 'Sancerre', 'Merlot', 'WineSugar', 'Grape', 'Winery', 'WhiteWine', 'CabernetFranc', 'WhiteBurgundy', 'Sauternes', 'Region', 'WineGrape', 'LateHarvest', 'CheninBlanc', 'PotableLiquid', 'Port', 'CabernetSauvignon', 'PetiteSyrah', 'Anjou', 'Riesling', 'RedTableWine', 'Chianti', 'Wine', 'SweetRiesling', 'Meritage', 'Meursault', 'Chardonnay', 'RedWine', 'WineBody', 'DryRiesling', 'WineDescriptor', 'IceWine', 'Muscadet', 'Pauillac', 'WineTaste', 'ItalianWine', 'WineColor', 'StEmilion', 'Bordeaux']<|eot_id|><|start_header_id|>user<|end_header_id|>

SevreEtMaine<|eot_id|><|start_header_id|>assistant<|end_header_id|>

1. Wine
2. WhiteWine
3. RedWine
4. Bordeaux<|eot_id|>
2024-10-30 19:07:50,853 [INFO] root predict:predict 29:: <|begin_of_text|><|begin_of_text|><|start_header_id|>system<|end_header_id|>

You are a helpful assistant that responds with a ranked list of classes that a user input belongs to. Generate a list of the top 4 most likely classes. Do not generate a list of less than 4 classes. Do not provide any other information other than the list.
Create the ranked list considering only the provided classes
---
Classes: ['Margaux', 'PinotNoir', 'SauvignonBlanc', 'Semillon', 'VintageYear', 'Beaujolais', 'WineFlavor', 'Zinfandel', 'DessertWine', 'CotesDOr', 'Sancerre', 'Merlot', 'WineSugar', 'Grape', 'Winery', 'WhiteWine', 'CabernetFranc', 'WhiteBurgundy', 'Sauternes', 'Region', 'WineGrape', 'LateHarvest', 'CheninBlanc', 'PotableLiquid', 'Port', 'CabernetSauvignon', 'PetiteSyrah', 'Anjou', 'Riesling', 'RedTableWine', 'Chianti', 'Wine', 'SweetRiesling', 'Meritage', 'Meursault', 'Chardonnay', 'RedWine', 'WineBody', 'DryRiesling', 'WineDescriptor', 'IceWine', 'Muscadet', 'Pauillac', 'WineTaste', 'ItalianWine', 'WineColor', 'StEmilion', 'Bordeaux']<|eot_id|><|start_header_id|>user<|end_header_id|>

SevreEtMaineMuscadet<|eot_id|><|start_header_id|>assistant<|end_header_id|>

1. Muscadet
2. WhiteWine
3. Wine
4. Bordeaux<|eot_id|>
2024-10-30 19:07:52,904 [INFO] root predict:predict 29:: <|begin_of_text|><|begin_of_text|><|start_header_id|>system<|end_header_id|>

You are a helpful assistant that responds with a ranked list of classes that a user input belongs to. Generate a list of the top 4 most likely classes. Do not generate a list of less than 4 classes. Do not provide any other information other than the list.
Create the ranked list considering only the provided classes
---
Classes: ['Margaux', 'PinotNoir', 'SauvignonBlanc', 'Semillon', 'VintageYear', 'Beaujolais', 'WineFlavor', 'Zinfandel', 'DessertWine', 'CotesDOr', 'Sancerre', 'Merlot', 'WineSugar', 'Grape', 'Winery', 'WhiteWine', 'CabernetFranc', 'WhiteBurgundy', 'Sauternes', 'Region', 'WineGrape', 'LateHarvest', 'CheninBlanc', 'PotableLiquid', 'Port', 'CabernetSauvignon', 'PetiteSyrah', 'Anjou', 'Riesling', 'RedTableWine', 'Chianti', 'Wine', 'SweetRiesling', 'Meritage', 'Meursault', 'Chardonnay', 'RedWine', 'WineBody', 'DryRiesling', 'WineDescriptor', 'IceWine', 'Muscadet', 'Pauillac', 'WineTaste', 'ItalianWine', 'WineColor', 'StEmilion', 'Bordeaux']<|eot_id|><|start_header_id|>user<|end_header_id|>

SonomaRegion<|eot_id|><|start_header_id|>assistant<|end_header_id|>

1. Region
2. Wine
3. RedWine
4. WineBody<|eot_id|>
2024-10-30 19:07:54,876 [INFO] root predict:predict 29:: <|begin_of_text|><|begin_of_text|><|start_header_id|>system<|end_header_id|>

You are a helpful assistant that responds with a ranked list of classes that a user input belongs to. Generate a list of the top 4 most likely classes. Do not generate a list of less than 4 classes. Do not provide any other information other than the list.
Create the ranked list considering only the provided classes
---
Classes: ['Margaux', 'PinotNoir', 'SauvignonBlanc', 'Semillon', 'VintageYear', 'Beaujolais', 'WineFlavor', 'Zinfandel', 'DessertWine', 'CotesDOr', 'Sancerre', 'Merlot', 'WineSugar', 'Grape', 'Winery', 'WhiteWine', 'CabernetFranc', 'WhiteBurgundy', 'Sauternes', 'Region', 'WineGrape', 'LateHarvest', 'CheninBlanc', 'PotableLiquid', 'Port', 'CabernetSauvignon', 'PetiteSyrah', 'Anjou', 'Riesling', 'RedTableWine', 'Chianti', 'Wine', 'SweetRiesling', 'Meritage', 'Meursault', 'Chardonnay', 'RedWine', 'WineBody', 'DryRiesling', 'WineDescriptor', 'IceWine', 'Muscadet', 'Pauillac', 'WineTaste', 'ItalianWine', 'WineColor', 'StEmilion', 'Bordeaux']<|eot_id|><|start_header_id|>user<|end_header_id|>

SouthAustraliaRegion<|eot_id|><|start_header_id|>assistant<|end_header_id|>

1. Region
2. Bordeaux
3. Wine
4. RedWine<|eot_id|>
2024-10-30 19:07:57,000 [INFO] root predict:predict 29:: <|begin_of_text|><|begin_of_text|><|start_header_id|>system<|end_header_id|>

You are a helpful assistant that responds with a ranked list of classes that a user input belongs to. Generate a list of the top 4 most likely classes. Do not generate a list of less than 4 classes. Do not provide any other information other than the list.
Create the ranked list considering only the provided classes
---
Classes: ['Margaux', 'PinotNoir', 'SauvignonBlanc', 'Semillon', 'VintageYear', 'Beaujolais', 'WineFlavor', 'Zinfandel', 'DessertWine', 'CotesDOr', 'Sancerre', 'Merlot', 'WineSugar', 'Grape', 'Winery', 'WhiteWine', 'CabernetFranc', 'WhiteBurgundy', 'Sauternes', 'Region', 'WineGrape', 'LateHarvest', 'CheninBlanc', 'PotableLiquid', 'Port', 'CabernetSauvignon', 'PetiteSyrah', 'Anjou', 'Riesling', 'RedTableWine', 'Chianti', 'Wine', 'SweetRiesling', 'Meritage', 'Meursault', 'Chardonnay', 'RedWine', 'WineBody', 'DryRiesling', 'WineDescriptor', 'IceWine', 'Muscadet', 'Pauillac', 'WineTaste', 'ItalianWine', 'WineColor', 'StEmilion', 'Bordeaux']<|eot_id|><|start_header_id|>user<|end_header_id|>

StEmilionRegion<|eot_id|><|start_header_id|>assistant<|end_header_id|>

1. Bordeaux
2. Region
3. StEmilion
4. BordeauxWine<|eot_id|>
2024-10-30 19:07:59,341 [INFO] root predict:predict 29:: <|begin_of_text|><|begin_of_text|><|start_header_id|>system<|end_header_id|>

You are a helpful assistant that responds with a ranked list of classes that a user input belongs to. Generate a list of the top 4 most likely classes. Do not generate a list of less than 4 classes. Do not provide any other information other than the list.
Create the ranked list considering only the provided classes
---
Classes: ['Margaux', 'PinotNoir', 'SauvignonBlanc', 'Semillon', 'VintageYear', 'Beaujolais', 'WineFlavor', 'Zinfandel', 'DessertWine', 'CotesDOr', 'Sancerre', 'Merlot', 'WineSugar', 'Grape', 'Winery', 'WhiteWine', 'CabernetFranc', 'WhiteBurgundy', 'Sauternes', 'Region', 'WineGrape', 'LateHarvest', 'CheninBlanc', 'PotableLiquid', 'Port', 'CabernetSauvignon', 'PetiteSyrah', 'Anjou', 'Riesling', 'RedTableWine', 'Chianti', 'Wine', 'SweetRiesling', 'Meritage', 'Meursault', 'Chardonnay', 'RedWine', 'WineBody', 'DryRiesling', 'WineDescriptor', 'IceWine', 'Muscadet', 'Pauillac', 'WineTaste', 'ItalianWine', 'WineColor', 'StEmilion', 'Bordeaux']<|eot_id|><|start_header_id|>user<|end_header_id|>

StGenevieve<|eot_id|><|start_header_id|>assistant<|end_header_id|>

1. Beaujolais
2. Bordeaux
3. StEmilion
4. Pauillac<|eot_id|>
2024-10-30 19:08:01,539 [INFO] root predict:predict 29:: <|begin_of_text|><|begin_of_text|><|start_header_id|>system<|end_header_id|>

You are a helpful assistant that responds with a ranked list of classes that a user input belongs to. Generate a list of the top 4 most likely classes. Do not generate a list of less than 4 classes. Do not provide any other information other than the list.
Create the ranked list considering only the provided classes
---
Classes: ['Margaux', 'PinotNoir', 'SauvignonBlanc', 'Semillon', 'VintageYear', 'Beaujolais', 'WineFlavor', 'Zinfandel', 'DessertWine', 'CotesDOr', 'Sancerre', 'Merlot', 'WineSugar', 'Grape', 'Winery', 'WhiteWine', 'CabernetFranc', 'WhiteBurgundy', 'Sauternes', 'Region', 'WineGrape', 'LateHarvest', 'CheninBlanc', 'PotableLiquid', 'Port', 'CabernetSauvignon', 'PetiteSyrah', 'Anjou', 'Riesling', 'RedTableWine', 'Chianti', 'Wine', 'SweetRiesling', 'Meritage', 'Meursault', 'Chardonnay', 'RedWine', 'WineBody', 'DryRiesling', 'WineDescriptor', 'IceWine', 'Muscadet', 'Pauillac', 'WineTaste', 'ItalianWine', 'WineColor', 'StEmilion', 'Bordeaux']<|eot_id|><|start_header_id|>user<|end_header_id|>

StGenevieveTexasWhite<|eot_id|><|start_header_id|>assistant<|end_header_id|>

1. Wine
2. WhiteWine
3. TexasWine
4. WineRegion<|eot_id|>
2024-10-30 19:08:03,583 [INFO] root predict:predict 29:: <|begin_of_text|><|begin_of_text|><|start_header_id|>system<|end_header_id|>

You are a helpful assistant that responds with a ranked list of classes that a user input belongs to. Generate a list of the top 4 most likely classes. Do not generate a list of less than 4 classes. Do not provide any other information other than the list.
Create the ranked list considering only the provided classes
---
Classes: ['Margaux', 'PinotNoir', 'SauvignonBlanc', 'Semillon', 'VintageYear', 'Beaujolais', 'WineFlavor', 'Zinfandel', 'DessertWine', 'CotesDOr', 'Sancerre', 'Merlot', 'WineSugar', 'Grape', 'Winery', 'WhiteWine', 'CabernetFranc', 'WhiteBurgundy', 'Sauternes', 'Region', 'WineGrape', 'LateHarvest', 'CheninBlanc', 'PotableLiquid', 'Port', 'CabernetSauvignon', 'PetiteSyrah', 'Anjou', 'Riesling', 'RedTableWine', 'Chianti', 'Wine', 'SweetRiesling', 'Meritage', 'Meursault', 'Chardonnay', 'RedWine', 'WineBody', 'DryRiesling', 'WineDescriptor', 'IceWine', 'Muscadet', 'Pauillac', 'WineTaste', 'ItalianWine', 'WineColor', 'StEmilion', 'Bordeaux']<|eot_id|><|start_header_id|>user<|end_header_id|>

Stonleigh<|eot_id|><|start_header_id|>assistant<|end_header_id|>

1. Wine
2. RedWine
3. Meritage
4. Bordeaux<|eot_id|>
2024-10-30 19:08:05,932 [INFO] root predict:predict 29:: <|begin_of_text|><|begin_of_text|><|start_header_id|>system<|end_header_id|>

You are a helpful assistant that responds with a ranked list of classes that a user input belongs to. Generate a list of the top 4 most likely classes. Do not generate a list of less than 4 classes. Do not provide any other information other than the list.
Create the ranked list considering only the provided classes
---
Classes: ['Margaux', 'PinotNoir', 'SauvignonBlanc', 'Semillon', 'VintageYear', 'Beaujolais', 'WineFlavor', 'Zinfandel', 'DessertWine', 'CotesDOr', 'Sancerre', 'Merlot', 'WineSugar', 'Grape', 'Winery', 'WhiteWine', 'CabernetFranc', 'WhiteBurgundy', 'Sauternes', 'Region', 'WineGrape', 'LateHarvest', 'CheninBlanc', 'PotableLiquid', 'Port', 'CabernetSauvignon', 'PetiteSyrah', 'Anjou', 'Riesling', 'RedTableWine', 'Chianti', 'Wine', 'SweetRiesling', 'Meritage', 'Meursault', 'Chardonnay', 'RedWine', 'WineBody', 'DryRiesling', 'WineDescriptor', 'IceWine', 'Muscadet', 'Pauillac', 'WineTaste', 'ItalianWine', 'WineColor', 'StEmilion', 'Bordeaux']<|eot_id|><|start_header_id|>user<|end_header_id|>

StonleighSauvignonBlanc<|eot_id|><|start_header_id|>assistant<|end_header_id|>

1. WhiteWine
2. SauvignonBlanc
3. Wine
4. WineDescriptor<|eot_id|>
2024-10-30 19:08:09,092 [INFO] root predict:predict 29:: <|begin_of_text|><|begin_of_text|><|start_header_id|>system<|end_header_id|>

You are a helpful assistant that responds with a ranked list of classes that a user input belongs to. Generate a list of the top 4 most likely classes. Do not generate a list of less than 4 classes. Do not provide any other information other than the list.
Create the ranked list considering only the provided classes
---
Classes: ['Margaux', 'PinotNoir', 'SauvignonBlanc', 'Semillon', 'VintageYear', 'Beaujolais', 'WineFlavor', 'Zinfandel', 'DessertWine', 'CotesDOr', 'Sancerre', 'Merlot', 'WineSugar', 'Grape', 'Winery', 'WhiteWine', 'CabernetFranc', 'WhiteBurgundy', 'Sauternes', 'Region', 'WineGrape', 'LateHarvest', 'CheninBlanc', 'PotableLiquid', 'Port', 'CabernetSauvignon', 'PetiteSyrah', 'Anjou', 'Riesling', 'RedTableWine', 'Chianti', 'Wine', 'SweetRiesling', 'Meritage', 'Meursault', 'Chardonnay', 'RedWine', 'WineBody', 'DryRiesling', 'WineDescriptor', 'IceWine', 'Muscadet', 'Pauillac', 'WineTaste', 'ItalianWine', 'WineColor', 'StEmilion', 'Bordeaux']<|eot_id|><|start_header_id|>user<|end_header_id|>

Strong<|eot_id|><|start_header_id|>assistant<|end_header_id|>

Here is the ranked list of classes that "Strong" belongs to:

1. WineBody
2. Wine
3. WineDescriptor
4. RedWine<|eot_id|>
2024-10-30 19:08:11,509 [INFO] root predict:predict 29:: <|begin_of_text|><|begin_of_text|><|start_header_id|>system<|end_header_id|>

You are a helpful assistant that responds with a ranked list of classes that a user input belongs to. Generate a list of the top 4 most likely classes. Do not generate a list of less than 4 classes. Do not provide any other information other than the list.
Create the ranked list considering only the provided classes
---
Classes: ['Margaux', 'PinotNoir', 'SauvignonBlanc', 'Semillon', 'VintageYear', 'Beaujolais', 'WineFlavor', 'Zinfandel', 'DessertWine', 'CotesDOr', 'Sancerre', 'Merlot', 'WineSugar', 'Grape', 'Winery', 'WhiteWine', 'CabernetFranc', 'WhiteBurgundy', 'Sauternes', 'Region', 'WineGrape', 'LateHarvest', 'CheninBlanc', 'PotableLiquid', 'Port', 'CabernetSauvignon', 'PetiteSyrah', 'Anjou', 'Riesling', 'RedTableWine', 'Chianti', 'Wine', 'SweetRiesling', 'Meritage', 'Meursault', 'Chardonnay', 'RedWine', 'WineBody', 'DryRiesling', 'WineDescriptor', 'IceWine', 'Muscadet', 'Pauillac', 'WineTaste', 'ItalianWine', 'WineColor', 'StEmilion', 'Bordeaux']<|eot_id|><|start_header_id|>user<|end_header_id|>

Sweet<|eot_id|><|start_header_id|>assistant<|end_header_id|>

1. SweetRiesling
2. DessertWine
3. Sauternes
4. Port<|eot_id|>
2024-10-30 19:08:13,704 [INFO] root predict:predict 29:: <|begin_of_text|><|begin_of_text|><|start_header_id|>system<|end_header_id|>

You are a helpful assistant that responds with a ranked list of classes that a user input belongs to. Generate a list of the top 4 most likely classes. Do not generate a list of less than 4 classes. Do not provide any other information other than the list.
Create the ranked list considering only the provided classes
---
Classes: ['Margaux', 'PinotNoir', 'SauvignonBlanc', 'Semillon', 'VintageYear', 'Beaujolais', 'WineFlavor', 'Zinfandel', 'DessertWine', 'CotesDOr', 'Sancerre', 'Merlot', 'WineSugar', 'Grape', 'Winery', 'WhiteWine', 'CabernetFranc', 'WhiteBurgundy', 'Sauternes', 'Region', 'WineGrape', 'LateHarvest', 'CheninBlanc', 'PotableLiquid', 'Port', 'CabernetSauvignon', 'PetiteSyrah', 'Anjou', 'Riesling', 'RedTableWine', 'Chianti', 'Wine', 'SweetRiesling', 'Meritage', 'Meursault', 'Chardonnay', 'RedWine', 'WineBody', 'DryRiesling', 'WineDescriptor', 'IceWine', 'Muscadet', 'Pauillac', 'WineTaste', 'ItalianWine', 'WineColor', 'StEmilion', 'Bordeaux']<|eot_id|><|start_header_id|>user<|end_header_id|>

Taylor<|eot_id|><|start_header_id|>assistant<|end_header_id|>

1. Wine
2. WineBody
3. WineTaste
4. PotableLiquid<|eot_id|>
2024-10-30 19:08:16,125 [INFO] root predict:predict 29:: <|begin_of_text|><|begin_of_text|><|start_header_id|>system<|end_header_id|>

You are a helpful assistant that responds with a ranked list of classes that a user input belongs to. Generate a list of the top 4 most likely classes. Do not generate a list of less than 4 classes. Do not provide any other information other than the list.
Create the ranked list considering only the provided classes
---
Classes: ['Margaux', 'PinotNoir', 'SauvignonBlanc', 'Semillon', 'VintageYear', 'Beaujolais', 'WineFlavor', 'Zinfandel', 'DessertWine', 'CotesDOr', 'Sancerre', 'Merlot', 'WineSugar', 'Grape', 'Winery', 'WhiteWine', 'CabernetFranc', 'WhiteBurgundy', 'Sauternes', 'Region', 'WineGrape', 'LateHarvest', 'CheninBlanc', 'PotableLiquid', 'Port', 'CabernetSauvignon', 'PetiteSyrah', 'Anjou', 'Riesling', 'RedTableWine', 'Chianti', 'Wine', 'SweetRiesling', 'Meritage', 'Meursault', 'Chardonnay', 'RedWine', 'WineBody', 'DryRiesling', 'WineDescriptor', 'IceWine', 'Muscadet', 'Pauillac', 'WineTaste', 'ItalianWine', 'WineColor', 'StEmilion', 'Bordeaux']<|eot_id|><|start_header_id|>user<|end_header_id|>

TaylorPort<|eot_id|><|start_header_id|>assistant<|end_header_id|>

1. Port
2. DessertWine
3. SweetRiesling
4. LateHarvest<|eot_id|>
2024-10-30 19:08:18,248 [INFO] root predict:predict 29:: <|begin_of_text|><|begin_of_text|><|start_header_id|>system<|end_header_id|>

You are a helpful assistant that responds with a ranked list of classes that a user input belongs to. Generate a list of the top 4 most likely classes. Do not generate a list of less than 4 classes. Do not provide any other information other than the list.
Create the ranked list considering only the provided classes
---
Classes: ['Margaux', 'PinotNoir', 'SauvignonBlanc', 'Semillon', 'VintageYear', 'Beaujolais', 'WineFlavor', 'Zinfandel', 'DessertWine', 'CotesDOr', 'Sancerre', 'Merlot', 'WineSugar', 'Grape', 'Winery', 'WhiteWine', 'CabernetFranc', 'WhiteBurgundy', 'Sauternes', 'Region', 'WineGrape', 'LateHarvest', 'CheninBlanc', 'PotableLiquid', 'Port', 'CabernetSauvignon', 'PetiteSyrah', 'Anjou', 'Riesling', 'RedTableWine', 'Chianti', 'Wine', 'SweetRiesling', 'Meritage', 'Meursault', 'Chardonnay', 'RedWine', 'WineBody', 'DryRiesling', 'WineDescriptor', 'IceWine', 'Muscadet', 'Pauillac', 'WineTaste', 'ItalianWine', 'WineColor', 'StEmilion', 'Bordeaux']<|eot_id|><|start_header_id|>user<|end_header_id|>

TexasRegion<|eot_id|><|start_header_id|>assistant<|end_header_id|>

1. Region
2. Bordeaux
3. Pauillac
4. StEmilion<|eot_id|>
2024-10-30 19:08:20,370 [INFO] root predict:predict 29:: <|begin_of_text|><|begin_of_text|><|start_header_id|>system<|end_header_id|>

You are a helpful assistant that responds with a ranked list of classes that a user input belongs to. Generate a list of the top 4 most likely classes. Do not generate a list of less than 4 classes. Do not provide any other information other than the list.
Create the ranked list considering only the provided classes
---
Classes: ['Margaux', 'PinotNoir', 'SauvignonBlanc', 'Semillon', 'VintageYear', 'Beaujolais', 'WineFlavor', 'Zinfandel', 'DessertWine', 'CotesDOr', 'Sancerre', 'Merlot', 'WineSugar', 'Grape', 'Winery', 'WhiteWine', 'CabernetFranc', 'WhiteBurgundy', 'Sauternes', 'Region', 'WineGrape', 'LateHarvest', 'CheninBlanc', 'PotableLiquid', 'Port', 'CabernetSauvignon', 'PetiteSyrah', 'Anjou', 'Riesling', 'RedTableWine', 'Chianti', 'Wine', 'SweetRiesling', 'Meritage', 'Meursault', 'Chardonnay', 'RedWine', 'WineBody', 'DryRiesling', 'WineDescriptor', 'IceWine', 'Muscadet', 'Pauillac', 'WineTaste', 'ItalianWine', 'WineColor', 'StEmilion', 'Bordeaux']<|eot_id|><|start_header_id|>user<|end_header_id|>

ToursRegion<|eot_id|><|start_header_id|>assistant<|end_header_id|>

1. Bordeaux
2. Region
3. Pauillac
4. StEmilion<|eot_id|>
2024-10-30 19:08:22,416 [INFO] root predict:predict 29:: <|begin_of_text|><|begin_of_text|><|start_header_id|>system<|end_header_id|>

You are a helpful assistant that responds with a ranked list of classes that a user input belongs to. Generate a list of the top 4 most likely classes. Do not generate a list of less than 4 classes. Do not provide any other information other than the list.
Create the ranked list considering only the provided classes
---
Classes: ['Margaux', 'PinotNoir', 'SauvignonBlanc', 'Semillon', 'VintageYear', 'Beaujolais', 'WineFlavor', 'Zinfandel', 'DessertWine', 'CotesDOr', 'Sancerre', 'Merlot', 'WineSugar', 'Grape', 'Winery', 'WhiteWine', 'CabernetFranc', 'WhiteBurgundy', 'Sauternes', 'Region', 'WineGrape', 'LateHarvest', 'CheninBlanc', 'PotableLiquid', 'Port', 'CabernetSauvignon', 'PetiteSyrah', 'Anjou', 'Riesling', 'RedTableWine', 'Chianti', 'Wine', 'SweetRiesling', 'Meritage', 'Meursault', 'Chardonnay', 'RedWine', 'WineBody', 'DryRiesling', 'WineDescriptor', 'IceWine', 'Muscadet', 'Pauillac', 'WineTaste', 'ItalianWine', 'WineColor', 'StEmilion', 'Bordeaux']<|eot_id|><|start_header_id|>user<|end_header_id|>

USRegion<|eot_id|><|start_header_id|>assistant<|end_header_id|>

1. Region
2. Bordeaux
3. Meritage
4. Pauillac<|eot_id|>
2024-10-30 19:08:24,538 [INFO] root predict:predict 29:: <|begin_of_text|><|begin_of_text|><|start_header_id|>system<|end_header_id|>

You are a helpful assistant that responds with a ranked list of classes that a user input belongs to. Generate a list of the top 4 most likely classes. Do not generate a list of less than 4 classes. Do not provide any other information other than the list.
Create the ranked list considering only the provided classes
---
Classes: ['Margaux', 'PinotNoir', 'SauvignonBlanc', 'Semillon', 'VintageYear', 'Beaujolais', 'WineFlavor', 'Zinfandel', 'DessertWine', 'CotesDOr', 'Sancerre', 'Merlot', 'WineSugar', 'Grape', 'Winery', 'WhiteWine', 'CabernetFranc', 'WhiteBurgundy', 'Sauternes', 'Region', 'WineGrape', 'LateHarvest', 'CheninBlanc', 'PotableLiquid', 'Port', 'CabernetSauvignon', 'PetiteSyrah', 'Anjou', 'Riesling', 'RedTableWine', 'Chianti', 'Wine', 'SweetRiesling', 'Meritage', 'Meursault', 'Chardonnay', 'RedWine', 'WineBody', 'DryRiesling', 'WineDescriptor', 'IceWine', 'Muscadet', 'Pauillac', 'WineTaste', 'ItalianWine', 'WineColor', 'StEmilion', 'Bordeaux']<|eot_id|><|start_header_id|>user<|end_header_id|>

Ventana<|eot_id|><|start_header_id|>assistant<|end_header_id|>

1. Wine
2. Region
3. WineGrape
4. PotableLiquid<|eot_id|>
2024-10-30 19:08:26,811 [INFO] root predict:predict 29:: <|begin_of_text|><|begin_of_text|><|start_header_id|>system<|end_header_id|>

You are a helpful assistant that responds with a ranked list of classes that a user input belongs to. Generate a list of the top 4 most likely classes. Do not generate a list of less than 4 classes. Do not provide any other information other than the list.
Create the ranked list considering only the provided classes
---
Classes: ['Margaux', 'PinotNoir', 'SauvignonBlanc', 'Semillon', 'VintageYear', 'Beaujolais', 'WineFlavor', 'Zinfandel', 'DessertWine', 'CotesDOr', 'Sancerre', 'Merlot', 'WineSugar', 'Grape', 'Winery', 'WhiteWine', 'CabernetFranc', 'WhiteBurgundy', 'Sauternes', 'Region', 'WineGrape', 'LateHarvest', 'CheninBlanc', 'PotableLiquid', 'Port', 'CabernetSauvignon', 'PetiteSyrah', 'Anjou', 'Riesling', 'RedTableWine', 'Chianti', 'Wine', 'SweetRiesling', 'Meritage', 'Meursault', 'Chardonnay', 'RedWine', 'WineBody', 'DryRiesling', 'WineDescriptor', 'IceWine', 'Muscadet', 'Pauillac', 'WineTaste', 'ItalianWine', 'WineColor', 'StEmilion', 'Bordeaux']<|eot_id|><|start_header_id|>user<|end_header_id|>

VentanaCheninBlanc<|eot_id|><|start_header_id|>assistant<|end_header_id|>

1. CheninBlanc
2. WhiteWine
3. Wine
4. WineDescriptor<|eot_id|>
2024-10-30 19:08:29,376 [INFO] root predict:predict 29:: <|begin_of_text|><|begin_of_text|><|start_header_id|>system<|end_header_id|>

You are a helpful assistant that responds with a ranked list of classes that a user input belongs to. Generate a list of the top 4 most likely classes. Do not generate a list of less than 4 classes. Do not provide any other information other than the list.
Create the ranked list considering only the provided classes
---
Classes: ['Margaux', 'PinotNoir', 'SauvignonBlanc', 'Semillon', 'VintageYear', 'Beaujolais', 'WineFlavor', 'Zinfandel', 'DessertWine', 'CotesDOr', 'Sancerre', 'Merlot', 'WineSugar', 'Grape', 'Winery', 'WhiteWine', 'CabernetFranc', 'WhiteBurgundy', 'Sauternes', 'Region', 'WineGrape', 'LateHarvest', 'CheninBlanc', 'PotableLiquid', 'Port', 'CabernetSauvignon', 'PetiteSyrah', 'Anjou', 'Riesling', 'RedTableWine', 'Chianti', 'Wine', 'SweetRiesling', 'Meritage', 'Meursault', 'Chardonnay', 'RedWine', 'WineBody', 'DryRiesling', 'WineDescriptor', 'IceWine', 'Muscadet', 'Pauillac', 'WineTaste', 'ItalianWine', 'WineColor', 'StEmilion', 'Bordeaux']<|eot_id|><|start_header_id|>user<|end_header_id|>

White<|eot_id|><|start_header_id|>assistant<|end_header_id|>

1. WhiteWine
2. WhiteBurgundy
3. CheninBlanc
4. Riesling<|eot_id|>
2024-10-30 19:08:31,721 [INFO] root predict:predict 29:: <|begin_of_text|><|begin_of_text|><|start_header_id|>system<|end_header_id|>

You are a helpful assistant that responds with a ranked list of classes that a user input belongs to. Generate a list of the top 4 most likely classes. Do not generate a list of less than 4 classes. Do not provide any other information other than the list.
Create the ranked list considering only the provided classes
---
Classes: ['Margaux', 'PinotNoir', 'SauvignonBlanc', 'Semillon', 'VintageYear', 'Beaujolais', 'WineFlavor', 'Zinfandel', 'DessertWine', 'CotesDOr', 'Sancerre', 'Merlot', 'WineSugar', 'Grape', 'Winery', 'WhiteWine', 'CabernetFranc', 'WhiteBurgundy', 'Sauternes', 'Region', 'WineGrape', 'LateHarvest', 'CheninBlanc', 'PotableLiquid', 'Port', 'CabernetSauvignon', 'PetiteSyrah', 'Anjou', 'Riesling', 'RedTableWine', 'Chianti', 'Wine', 'SweetRiesling', 'Meritage', 'Meursault', 'Chardonnay', 'RedWine', 'WineBody', 'DryRiesling', 'WineDescriptor', 'IceWine', 'Muscadet', 'Pauillac', 'WineTaste', 'ItalianWine', 'WineColor', 'StEmilion', 'Bordeaux']<|eot_id|><|start_header_id|>user<|end_header_id|>

WhitehallLane<|eot_id|><|start_header_id|>assistant<|end_header_id|>

1. WhiteWine
2. Wine
3. WhiteBurgundy
4. Meursault<|eot_id|>
2024-10-30 19:08:33,846 [INFO] root predict:predict 29:: <|begin_of_text|><|begin_of_text|><|start_header_id|>system<|end_header_id|>

You are a helpful assistant that responds with a ranked list of classes that a user input belongs to. Generate a list of the top 4 most likely classes. Do not generate a list of less than 4 classes. Do not provide any other information other than the list.
Create the ranked list considering only the provided classes
---
Classes: ['Margaux', 'PinotNoir', 'SauvignonBlanc', 'Semillon', 'VintageYear', 'Beaujolais', 'WineFlavor', 'Zinfandel', 'DessertWine', 'CotesDOr', 'Sancerre', 'Merlot', 'WineSugar', 'Grape', 'Winery', 'WhiteWine', 'CabernetFranc', 'WhiteBurgundy', 'Sauternes', 'Region', 'WineGrape', 'LateHarvest', 'CheninBlanc', 'PotableLiquid', 'Port', 'CabernetSauvignon', 'PetiteSyrah', 'Anjou', 'Riesling', 'RedTableWine', 'Chianti', 'Wine', 'SweetRiesling', 'Meritage', 'Meursault', 'Chardonnay', 'RedWine', 'WineBody', 'DryRiesling', 'WineDescriptor', 'IceWine', 'Muscadet', 'Pauillac', 'WineTaste', 'ItalianWine', 'WineColor', 'StEmilion', 'Bordeaux']<|eot_id|><|start_header_id|>user<|end_header_id|>

WhitehallLaneCabernetFranc<|eot_id|><|start_header_id|>assistant<|end_header_id|>

1. Cabernet Franc
2. Bordeaux
3. RedWine
4. Wine<|eot_id|>
2024-10-30 19:08:36,118 [INFO] root predict:predict 29:: <|begin_of_text|><|begin_of_text|><|start_header_id|>system<|end_header_id|>

You are a helpful assistant that responds with a ranked list of classes that a user input belongs to. Generate a list of the top 4 most likely classes. Do not generate a list of less than 4 classes. Do not provide any other information other than the list.
Create the ranked list considering only the provided classes
---
Classes: ['Margaux', 'PinotNoir', 'SauvignonBlanc', 'Semillon', 'VintageYear', 'Beaujolais', 'WineFlavor', 'Zinfandel', 'DessertWine', 'CotesDOr', 'Sancerre', 'Merlot', 'WineSugar', 'Grape', 'Winery', 'WhiteWine', 'CabernetFranc', 'WhiteBurgundy', 'Sauternes', 'Region', 'WineGrape', 'LateHarvest', 'CheninBlanc', 'PotableLiquid', 'Port', 'CabernetSauvignon', 'PetiteSyrah', 'Anjou', 'Riesling', 'RedTableWine', 'Chianti', 'Wine', 'SweetRiesling', 'Meritage', 'Meursault', 'Chardonnay', 'RedWine', 'WineBody', 'DryRiesling', 'WineDescriptor', 'IceWine', 'Muscadet', 'Pauillac', 'WineTaste', 'ItalianWine', 'WineColor', 'StEmilion', 'Bordeaux']<|eot_id|><|start_header_id|>user<|end_header_id|>

WhitehallLanePrimavera<|eot_id|><|start_header_id|>assistant<|end_header_id|>

1. WhiteWine
2. Wine
3. WineBody
4. WhiteBurgundy<|eot_id|>
2024-10-30 19:08:38,242 [INFO] root predict:predict 29:: <|begin_of_text|><|begin_of_text|><|start_header_id|>system<|end_header_id|>

You are a helpful assistant that responds with a ranked list of classes that a user input belongs to. Generate a list of the top 4 most likely classes. Do not generate a list of less than 4 classes. Do not provide any other information other than the list.
Create the ranked list considering only the provided classes
---
Classes: ['Margaux', 'PinotNoir', 'SauvignonBlanc', 'Semillon', 'VintageYear', 'Beaujolais', 'WineFlavor', 'Zinfandel', 'DessertWine', 'CotesDOr', 'Sancerre', 'Merlot', 'WineSugar', 'Grape', 'Winery', 'WhiteWine', 'CabernetFranc', 'WhiteBurgundy', 'Sauternes', 'Region', 'WineGrape', 'LateHarvest', 'CheninBlanc', 'PotableLiquid', 'Port', 'CabernetSauvignon', 'PetiteSyrah', 'Anjou', 'Riesling', 'RedTableWine', 'Chianti', 'Wine', 'SweetRiesling', 'Meritage', 'Meursault', 'Chardonnay', 'RedWine', 'WineBody', 'DryRiesling', 'WineDescriptor', 'IceWine', 'Muscadet', 'Pauillac', 'WineTaste', 'ItalianWine', 'WineColor', 'StEmilion', 'Bordeaux']<|eot_id|><|start_header_id|>user<|end_header_id|>

Year1998<|eot_id|><|start_header_id|>assistant<|end_header_id|>

1. VintageYear
2. Wine
3. WineBody
4. RedWine<|eot_id|>
2024-10-30 19:08:40,366 [INFO] root predict:predict 29:: <|begin_of_text|><|begin_of_text|><|start_header_id|>system<|end_header_id|>

You are a helpful assistant that responds with a ranked list of classes that a user input belongs to. Generate a list of the top 4 most likely classes. Do not generate a list of less than 4 classes. Do not provide any other information other than the list.
Create the ranked list considering only the provided classes
---
Classes: ['Margaux', 'PinotNoir', 'SauvignonBlanc', 'Semillon', 'VintageYear', 'Beaujolais', 'WineFlavor', 'Zinfandel', 'DessertWine', 'CotesDOr', 'Sancerre', 'Merlot', 'WineSugar', 'Grape', 'Winery', 'WhiteWine', 'CabernetFranc', 'WhiteBurgundy', 'Sauternes', 'Region', 'WineGrape', 'LateHarvest', 'CheninBlanc', 'PotableLiquid', 'Port', 'CabernetSauvignon', 'PetiteSyrah', 'Anjou', 'Riesling', 'RedTableWine', 'Chianti', 'Wine', 'SweetRiesling', 'Meritage', 'Meursault', 'Chardonnay', 'RedWine', 'WineBody', 'DryRiesling', 'WineDescriptor', 'IceWine', 'Muscadet', 'Pauillac', 'WineTaste', 'ItalianWine', 'WineColor', 'StEmilion', 'Bordeaux']<|eot_id|><|start_header_id|>user<|end_header_id|>

ZinfandelGrape<|eot_id|><|start_header_id|>assistant<|end_header_id|>

1. Zinfandel
2. Grape
3. Wine
4. RedWine<|eot_id|>
2024-10-30 19:08:40,370 [CRITICAL] root logging_conf:log_exception 36:: Error Information:
Traceback (most recent call last):
  File "/storage/scratch/bhatt006/Repos/onto_pop_llm_which_factors_matter/src/onto_pop_llm_which_factors_matter/model/hugging_face/./predict.py", line 113, in <module>
    label_mapping_df.write_ndjson(os.path.join(output_dir, "label_mapping.json"))
    ^^^^^^^^^^^^^^^^^^^^^^^^^^^^^
AttributeError: 'list' object has no attribute 'write_ndjson'
2024-10-30 19:09:10,540 [DEBUG] bitsandbytes.cextension cextension:get_native_library 90:: Loading bitsandbytes native library from: /scratch/bhatt006/Repos/onto_pop_llm_which_factors_matter/.venv/lib/python3.12/site-packages/bitsandbytes/libbitsandbytes_cuda124.so
2024-10-30 19:09:23,295 [INFO] root predict:predict 29:: <|begin_of_text|><|begin_of_text|><|start_header_id|>system<|end_header_id|>

You are a helpful assistant that responds with a ranked list of classes that a user input belongs to. Generate a list of the top 4 most likely classes. Do not generate a list of less than 4 classes. Do not provide any other information other than the list.
Create the ranked list considering only the provided classes
---
Classes: ['Riesling', 'Meritage', 'IceWine', 'WineTaste', 'DessertWine', 'LateHarvest', 'RedWine', 'StEmilion', 'CotesDOr', 'Sancerre', 'CabernetSauvignon', 'PetiteSyrah', 'RedTableWine', 'WineDescriptor', 'Muscadet', 'Semillon', 'WineSugar', 'DryRiesling', 'Margaux', 'Winery', 'ItalianWine', 'Beaujolais', 'SauvignonBlanc', 'SweetRiesling', 'Anjou', 'Wine', 'Chardonnay', 'Port', 'CabernetFranc', 'WineColor', 'Grape', 'Zinfandel', 'Chianti', 'Region', 'WhiteWine', 'CheninBlanc', 'Bordeaux', 'WineFlavor', 'WhiteBurgundy', 'WineGrape', 'Meursault', 'Pauillac', 'WineBody', 'Merlot', 'Sauternes', 'PinotNoir', 'VintageYear', 'PotableLiquid']<|eot_id|><|start_header_id|>user<|end_header_id|>

AlsaceRegion<|eot_id|><|start_header_id|>assistant<|end_header_id|>

1. WineRegion
2. Region
3. WhiteWine
4. RedWine<|eot_id|>
2024-10-30 19:09:24,086 [CRITICAL] root logging_conf:log_exception 36:: Error Information:
Traceback (most recent call last):
  File "/storage/scratch/bhatt006/Repos/onto_pop_llm_which_factors_matter/src/onto_pop_llm_which_factors_matter/model/hugging_face/./predict.py", line 112, in <module>
    label_mapping_df, df = predict(model, tokenizer, test_data, run_args)
                           ^^^^^^^^^^^^^^^^^^^^^^^^^^^^^^^^^^^^^^^^^^^^^^
  File "/storage/scratch/bhatt006/Repos/onto_pop_llm_which_factors_matter/src/onto_pop_llm_which_factors_matter/model/hugging_face/./predict.py", line 24, in predict
    response = model.generate(
               ^^^^^^^^^^^^^^^
  File "/scratch/bhatt006/Repos/onto_pop_llm_which_factors_matter/.venv/lib/python3.12/site-packages/torch/utils/_contextlib.py", line 116, in decorate_context
    return func(*args, **kwargs)
           ^^^^^^^^^^^^^^^^^^^^^
  File "/scratch/bhatt006/Repos/onto_pop_llm_which_factors_matter/.venv/lib/python3.12/site-packages/transformers/generation/utils.py", line 2215, in generate
    result = self._sample(
             ^^^^^^^^^^^^^
  File "/scratch/bhatt006/Repos/onto_pop_llm_which_factors_matter/.venv/lib/python3.12/site-packages/transformers/generation/utils.py", line 3206, in _sample
    outputs = self(**model_inputs, return_dict=True)
              ^^^^^^^^^^^^^^^^^^^^^^^^^^^^^^^^^^^^^^
  File "/scratch/bhatt006/Repos/onto_pop_llm_which_factors_matter/.venv/lib/python3.12/site-packages/torch/nn/modules/module.py", line 1736, in _wrapped_call_impl
    return self._call_impl(*args, **kwargs)
           ^^^^^^^^^^^^^^^^^^^^^^^^^^^^^^^^
  File "/scratch/bhatt006/Repos/onto_pop_llm_which_factors_matter/.venv/lib/python3.12/site-packages/torch/nn/modules/module.py", line 1747, in _call_impl
    return forward_call(*args, **kwargs)
           ^^^^^^^^^^^^^^^^^^^^^^^^^^^^^
  File "/scratch/bhatt006/Repos/onto_pop_llm_which_factors_matter/.venv/lib/python3.12/site-packages/accelerate/hooks.py", line 170, in new_forward
    output = module._old_forward(*args, **kwargs)
             ^^^^^^^^^^^^^^^^^^^^^^^^^^^^^^^^^^^^
  File "/scratch/bhatt006/Repos/onto_pop_llm_which_factors_matter/.venv/lib/python3.12/site-packages/transformers/models/llama/modeling_llama.py", line 1190, in forward
    outputs = self.model(
              ^^^^^^^^^^^
  File "/scratch/bhatt006/Repos/onto_pop_llm_which_factors_matter/.venv/lib/python3.12/site-packages/torch/nn/modules/module.py", line 1736, in _wrapped_call_impl
    return self._call_impl(*args, **kwargs)
           ^^^^^^^^^^^^^^^^^^^^^^^^^^^^^^^^
  File "/scratch/bhatt006/Repos/onto_pop_llm_which_factors_matter/.venv/lib/python3.12/site-packages/torch/nn/modules/module.py", line 1747, in _call_impl
    return forward_call(*args, **kwargs)
           ^^^^^^^^^^^^^^^^^^^^^^^^^^^^^
  File "/scratch/bhatt006/Repos/onto_pop_llm_which_factors_matter/.venv/lib/python3.12/site-packages/accelerate/hooks.py", line 170, in new_forward
    output = module._old_forward(*args, **kwargs)
             ^^^^^^^^^^^^^^^^^^^^^^^^^^^^^^^^^^^^
  File "/scratch/bhatt006/Repos/onto_pop_llm_which_factors_matter/.venv/lib/python3.12/site-packages/transformers/models/llama/modeling_llama.py", line 945, in forward
    layer_outputs = decoder_layer(
                    ^^^^^^^^^^^^^^
  File "/scratch/bhatt006/Repos/onto_pop_llm_which_factors_matter/.venv/lib/python3.12/site-packages/torch/nn/modules/module.py", line 1736, in _wrapped_call_impl
    return self._call_impl(*args, **kwargs)
           ^^^^^^^^^^^^^^^^^^^^^^^^^^^^^^^^
  File "/scratch/bhatt006/Repos/onto_pop_llm_which_factors_matter/.venv/lib/python3.12/site-packages/torch/nn/modules/module.py", line 1747, in _call_impl
    return forward_call(*args, **kwargs)
           ^^^^^^^^^^^^^^^^^^^^^^^^^^^^^
  File "/scratch/bhatt006/Repos/onto_pop_llm_which_factors_matter/.venv/lib/python3.12/site-packages/accelerate/hooks.py", line 170, in new_forward
    output = module._old_forward(*args, **kwargs)
             ^^^^^^^^^^^^^^^^^^^^^^^^^^^^^^^^^^^^
  File "/scratch/bhatt006/Repos/onto_pop_llm_which_factors_matter/.venv/lib/python3.12/site-packages/transformers/models/llama/modeling_llama.py", line 676, in forward
    hidden_states, self_attn_weights, present_key_value = self.self_attn(
                                                          ^^^^^^^^^^^^^^^
  File "/scratch/bhatt006/Repos/onto_pop_llm_which_factors_matter/.venv/lib/python3.12/site-packages/torch/nn/modules/module.py", line 1736, in _wrapped_call_impl
    return self._call_impl(*args, **kwargs)
           ^^^^^^^^^^^^^^^^^^^^^^^^^^^^^^^^
  File "/scratch/bhatt006/Repos/onto_pop_llm_which_factors_matter/.venv/lib/python3.12/site-packages/torch/nn/modules/module.py", line 1747, in _call_impl
    return forward_call(*args, **kwargs)
           ^^^^^^^^^^^^^^^^^^^^^^^^^^^^^
  File "/scratch/bhatt006/Repos/onto_pop_llm_which_factors_matter/.venv/lib/python3.12/site-packages/accelerate/hooks.py", line 170, in new_forward
    output = module._old_forward(*args, **kwargs)
             ^^^^^^^^^^^^^^^^^^^^^^^^^^^^^^^^^^^^
  File "/scratch/bhatt006/Repos/onto_pop_llm_which_factors_matter/.venv/lib/python3.12/site-packages/transformers/models/llama/modeling_llama.py", line 560, in forward
    key_states = self.k_proj(hidden_states)
                 ^^^^^^^^^^^^^^^^^^^^^^^^^^
  File "/scratch/bhatt006/Repos/onto_pop_llm_which_factors_matter/.venv/lib/python3.12/site-packages/torch/nn/modules/module.py", line 1736, in _wrapped_call_impl
    return self._call_impl(*args, **kwargs)
           ^^^^^^^^^^^^^^^^^^^^^^^^^^^^^^^^
  File "/scratch/bhatt006/Repos/onto_pop_llm_which_factors_matter/.venv/lib/python3.12/site-packages/torch/nn/modules/module.py", line 1747, in _call_impl
    return forward_call(*args, **kwargs)
           ^^^^^^^^^^^^^^^^^^^^^^^^^^^^^
  File "/scratch/bhatt006/Repos/onto_pop_llm_which_factors_matter/.venv/lib/python3.12/site-packages/accelerate/hooks.py", line 170, in new_forward
    output = module._old_forward(*args, **kwargs)
             ^^^^^^^^^^^^^^^^^^^^^^^^^^^^^^^^^^^^
  File "/scratch/bhatt006/Repos/onto_pop_llm_which_factors_matter/.venv/lib/python3.12/site-packages/bitsandbytes/nn/modules.py", line 486, in forward
    out = out.to(inp_dtype)
          ^^^^^^^^^^^^^^^^^
  File "/scratch/bhatt006/Repos/onto_pop_llm_which_factors_matter/.venv/lib/python3.12/site-packages/torch/utils/_device.py", line 102, in __torch_function__
    def __torch_function__(self, func, types, args=(), kwargs=None):
    
KeyboardInterrupt
2024-10-30 19:10:33,248 [DEBUG] bitsandbytes.cextension cextension:get_native_library 90:: Loading bitsandbytes native library from: /scratch/bhatt006/Repos/onto_pop_llm_which_factors_matter/.venv/lib/python3.12/site-packages/bitsandbytes/libbitsandbytes_cuda124.so
